airport_code,competitor,dist_bucket,hex_id,num_observations,time_bucket,trip_type
MAN,Bolt,10-20 km,871951b75ffffff,1,wked_day,PU
ZRH,Bolt,10-20 km,871f8ed90ffffff,4,wked_day,PU
ZRH,Bolt,20-30 km,871f83ac9ffffff,2,wkd_morning,PU
LHR,Bolt,30-40 km,87194ad05ffffff,1,wked_morning,PU
BCN,Cabify,10-20 km,87394461dffffff,24,wked_day,PU
DUS,Bolt,5-10 km,871fa539dffffff,1,wkd_night,PU
FRA,Bolt,10-20 km,871faeaacffffff,4,wked_morning,DO
OSL,Bolt,10-20 km,870999386ffffff,1,wrek_evening,PU
ORY,Bolt,20-30 km,871fb4644ffffff,1,wked_night,PU
GDN,Bolt,10-20 km,871f09b24ffffff,2,wked_night,PU
DXB,Bolt,10-20 km,8743acd9bffffff,8,wked_morning,DO
AMS,Bolt,10-20 km,871969c9affffff,4,wkd_day,DO
AMS,Bolt,10-20 km,871969c9affffff,5,wkd_morning,DO
AMS,Bolt,10-20 km,8719695b5ffffff,4,wrek_late_evening,PU
BER,Bolt,0-5 km,871f18a25ffffff,1,wrek_evening,DO
OTP,Bolt,10-20 km,871eeeb6bffffff,16,wkd_late_evening,DO
DUS,Bolt,5-10 km,871fa52b1ffffff,3,wkd_morning,DO
LYS,Bolt,0-5 km,871f90254ffffff,2,wkd_night,DO
MAD,Cabify,10-20 km,87390cb0affffff,19,wkd_night,PU
MPL,Bolt,5-10 km,87396e96dffffff,3,wrek_late_evening,PU
NTE,Bolt,10-20 km,871845849ffffff,11,wkd_day,DO
NTE,Bolt,10-20 km,87184585effffff,5,wkd_morning,DO
RTM,Bolt,20-30 km,87196b842ffffff,2,wkd_late_evening,PU
SVQ,Cabify,0-5 km,87391c754ffffff,4,wkd_morning,DO
TLS,Bolt,20-30 km,873960118ffffff,4,wkd_day,PU
GDN,Bolt,0-5 km,871f09b20ffffff,1,wked_day,DO
VIE,Bolt,20-30 km,871e15b73ffffff,31,wkd_late_evening,PU
DXB,Bolt,30-40 km,8743a1329ffffff,1,wrek_evening,PU
JNB,BoltEco,20-30 km,87bcc350cffffff,8,wkd_morning,PU
JED,Bolt,10-20 km,8753a9cc1ffffff,4,wkd_night,DO
OTP,Bolt,20-30 km,871eeeb44ffffff,4,wkd_night,PU
GOT,Bolt,0-5 km,871f25a9effffff,1,wkd_night,PU
AGP,Cabify,5-10 km,8739195b1ffffff,6,wrek_evening,PU
OTP,Bolt,20-30 km,871eeeb4cffffff,1,wkd_late_evening,PU
FAO,Bolt,10-20 km,873911580ffffff,1,wrek_late_evening,DO
AMS,Bolt,50-60 km,871969c9bffffff,1,wkd_evening,DO
HEL,Bolt,20-30 km,87089969cffffff,1,wkd_late_evening,PU
MUC,Bolt,10-20 km,871f8d0caffffff,1,wkd_night,PU
DXB,Bolt,5-10 km,8743accb3ffffff,1,wkd_night,PU
JED,Bolt,10-20 km,8753a950bffffff,1,wked_day,PU
EDI,Bolt,5-10 km,871972761ffffff,1,wked_day,PU
AGP,Bolt,10-20 km,8739195b1ffffff,39,wked_night,PU
MPL,Bolt,10-20 km,87396c488ffffff,4,wrek_late_evening,DO
MUC,Bolt,30-40 km,871f8d320ffffff,2,wked_morning,PU
ARN,Bolt,40-50 km,870886618ffffff,3,wked_day,DO
FAO,Bolt,0-5 km,873911580ffffff,4,wkd_late_evening,DO
BCN,Cabify,10-20 km,873944600ffffff,8,wkd_day,PU
BEY,Bolt,10-20 km,872da24eeffffff,2,wkd_late_evening,DO
BEY,Bolt,5-10 km,872da24c5ffffff,3,wrek_evening,DO
BER,Bolt,20-30 km,871f1d49cffffff,4,wkd_morning,DO
BER,Bolt,20-30 km,871f1d48dffffff,3,wkd_day,DO
BOD,Bolt,20-30 km,87184d9b5ffffff,4,wkd_evening,PU
DUS,Bolt,0-5 km,871fa52a4ffffff,2,wkd_late_evening,PU
GOT,Bolt,30-40 km,871f25061ffffff,3,wkd_day,PU
NCE,Bolt,5-10 km,873969a10ffffff,4,wkd_late_evening,DO
NCE,Bolt,10-20 km,873969aa0ffffff,1,wkd_day,PU
TLS,Bolt,5-10 km,8739601b5ffffff,4,wkd_evening,DO
TLS,Bolt,20-30 km,8739600a4ffffff,4,wrek_late_evening,PU
GDN,Bolt,10-20 km,871f09b24ffffff,29,wkd_day,DO
VIE,Bolt,10-20 km,871e15b40ffffff,3,wkd_day,PU
VIE,Bolt,20-30 km,871e15b61ffffff,3,wkd_morning,DO
VNO,Bolt,0-5 km,871f4030cffffff,2,wkd_night,PU
ATH,Bolt Taxi,50-60 km,871eda752ffffff,3,wkd_late_evening,DO
AMS,Bolt,10-20 km,871969514ffffff,2,wkd_evening,PU
AMS,Bolt,60-70 km,87196ba25ffffff,1,wkd_late_evening,PU
OTP,Bolt,20-30 km,871eeeb4dffffff,3,wkd_night,DO
LIL,Bolt,10-20 km,87194d281ffffff,1,wkd_morning,DO
MLA,Bolt,10-20 km,873f30450ffffff,6,wkd_night,DO
SVQ,Cabify,0-5 km,87391c70affffff,2,wkd_late_evening,PU
ARN,Bolt,50-60 km,8708866a8ffffff,1,wkd_night,PU
SXB,Bolt,5-10 km,871f85615ffffff,1,wkd_late_evening,PU
VIE,Bolt,20-30 km,871e15b63ffffff,4,wkd_late_evening,PU
VIE,Bolt,20-30 km,871e15b55ffffff,1,wkd_day,DO
JED,Bolt,20-30 km,8753a9509ffffff,1,wkd_day,PU
AMS,Bolt,5-10 km,871969506ffffff,1,wkd_evening,PU
BOD,Bolt,50-60 km,87186b283ffffff,1,wkd_morning,DO
KRK,Bolt,5-10 km,871e2e6b0ffffff,1,wkd_day,DO
MRS,Bolt,10-20 km,873968153ffffff,1,wkd_morning,DO
PRG,Bolt,20-30 km,871e3541effffff,1,wkd_day,DO
RTM,Bolt,20-30 km,87196bb53ffffff,2,wkd_morning,DO
SVQ,Cabify,10-20 km,87391c708ffffff,2,wked_night,DO
AMS,Bolt,0-5 km,871968209ffffff,1,wkd_day,PU
DBV,Bolt,10-20 km,871e8db4bffffff,2,wked_day,DO
AGP,Bolt,10-20 km,8739195aaffffff,1,wkd_day,DO
PRG,Bolt,0-5 km,871e3541dffffff,1,wkd_day,PU
TLS,Bolt,10-20 km,87396018effffff,1,wkd_day,PU
WRO,Bolt,10-20 km,871e20429ffffff,1,wkd_late_evening,PU
AMS,Bolt,10-20 km,871969500ffffff,4,wked_day,PU
CPH,Bolt,10-20 km,871f05833ffffff,3,wrek_evening,PU
MAD,Cabify,5-10 km,87390cb5affffff,17,wked_morning,PU
MUC,Bolt,30-40 km,871f8d44cffffff,2,wrek_late_evening,PU
NTE,Bolt,10-20 km,871845846ffffff,2,wked_day,DO
OSL,Bolt,20-30 km,8709992e1ffffff,3,wked_day,DO
OSL,Bolt,30-40 km,870999399ffffff,3,wrek_evening,PU
CDG,Bolt,30-40 km,871fb4644ffffff,13,wked_night,PU
ATH,Bolt Taxi,20-30 km,871eda662ffffff,4,wked_night,DO
NBO,Bolt Basic,10-20 km,877a6e505ffffff,4,wked_morning,DO
AMS,Bolt,20-30 km,871969535ffffff,4,wked_day,PU
TXL,Bolt,20-30 km,871f18b21ffffff,2,wkd_morning,PU
BER,Bolt,20-30 km,871f1d489ffffff,6,wkd_evening,DO
OTP,Bolt,10-20 km,871eeeb6bffffff,25,wkd_day,DO
FRA,Bolt,5-10 km,871faeaaaffffff,6,wkd_late_evening,PU
HEL,Bolt,10-20 km,871126d31ffffff,4,wkd_evening,DO
LYS,Bolt,10-20 km,871f9025cffffff,3,wkd_late_evening,DO
MPL,Bolt,5-10 km,87396c4b6ffffff,3,wkd_late_evening,DO
MUC,Bolt,40-50 km,871f8d44affffff,18,wkd_morning,PU
MUC,Bolt,20-30 km,871f8d091ffffff,5,wked_morning,DO
NTE,Bolt,10-20 km,87184584bffffff,1,wked_day,PU
CDG,Bolt,20-30 km,871fb475affffff,3,wkd_late_evening,PU
SVQ,Cabify,5-10 km,87391c70effffff,2,wkd_day,PU
SVQ,Cabify,10-20 km,87391c708ffffff,1,wrek_late_evening,DO
VLC,Cabify,20-30 km,8739540f4ffffff,3,wked_morning,DO
VIE,Bolt,20-30 km,871e15b70ffffff,4,wked_day,DO
WRO,Bolt,10-20 km,871e2040bffffff,3,wkd_evening,DO
DXB,Bolt,5-10 km,8743acca0ffffff,4,wked_night,DO
DXB,Bolt,5-10 km,8743acd9affffff,3,wked_morning,PU
DXB,Bolt,20-30 km,8743a130cffffff,2,wked_night,DO
DXB,Bolt,10-20 km,8743acd9bffffff,1,wked_night,PU
ATH,Bolt Taxi,10-20 km,871eda280ffffff,10,wkd_late_evening,DO
ATH,Bolt Taxi,30-40 km,871eda75cffffff,5,wrek_late_evening,PU
FAO,Bolt,5-10 km,87391158effffff,2,wkd_morning,PU
AMS,Bolt,10-20 km,871969530ffffff,4,wked_day,DO
CPH,Bolt,5-10 km,871f05835ffffff,2,wkd_late_evening,PU
HEL,Bolt,0-5 km,871126d04ffffff,1,wkd_morning,DO
PLZ,BoltEco,5-10 km,87bc73ba6ffffff,1,wkd_morning,DO
BCN,Cabify,10-20 km,87394462affffff,1,wkd_late_evening,DO
BER,Bolt,5-10 km,871f18b25ffffff,1,wkd_evening,PU
OTP,Bolt,30-40 km,871eec792ffffff,1,wkd_day,PU
NCE,Bolt,30-40 km,87396914effffff,3,wkd_morning,DO
TSR,Bolt,10-20 km,871ee6924ffffff,1,wkd_day,DO
TSR,Bolt,10-20 km,871ee6924ffffff,1,wkd_late_evening,PU
MAN,Bolt,10-20 km,871951b75ffffff,2,wkd_morning,PU
ZRH,Bolt,10-20 km,871f8edb2ffffff,2,wkd_day,PU
ZRH,Bolt,10-20 km,871f8ed94ffffff,1,wkd_morning,DO
LHR,Bolt,20-30 km,87195da42ffffff,2,wkd_day,PU
FRA,Bolt,10-20 km,871faeaaeffffff,3,wrek_late_evening,DO
HEL,Bolt,10-20 km,871126d06ffffff,2,wked_morning,DO
KRK,Bolt,20-30 km,871e2e6b1ffffff,14,wked_day,PU
NCE,Bolt,20-30 km,873969a84ffffff,3,wked_day,DO
CDG,Bolt,30-40 km,871fb475effffff,3,wrek_late_evening,PU
ARN,Bolt,40-50 km,8708866e0ffffff,4,wked_day,DO
VNO,Bolt,5-10 km,871f4030cffffff,5,wrek_late_evening,DO
DXB,Bolt,30-40 km,8743a1301ffffff,7,wked_night,DO
ATH,Bolt Taxi,30-40 km,871eda74effffff,20,wked_day,DO
FAO,Bolt,5-10 km,87391158effffff,9,wkd_evening,DO
AMS,Bolt,0-5 km,871969535ffffff,1,wkd_morning,DO
AMS,Bolt,10-20 km,871969c9bffffff,3,wked_morning,DO
AMS,Bolt,20-30 km,871969c9bffffff,1,wrek_late_evening,DO
BCN,Cabify,10-20 km,873944603ffffff,40,wkd_day,DO
BCN,Cabify,5-10 km,87394461effffff,8,wkd_day,PU
BEY,Bolt,5-10 km,872da24e5ffffff,4,wrek_late_evening,PU
BER,Bolt,20-30 km,871f18b26ffffff,6,wkd_morning,DO
OTP,Bolt,20-30 km,871eeeb5affffff,2,wkd_night,DO
OTP,Bolt,10-20 km,871eeeb6affffff,4,wkd_night,PU
DUS,Bolt,0-5 km,871fa52b3ffffff,1,wkd_morning,PU
LIS,Bolt,5-10 km,873933629ffffff,16,wkd_morning,DO
AGP,Bolt,10-20 km,8739182dbffffff,111,wkd_day,DO
MUC,Bolt,10-20 km,871f8d0caffffff,3,wkd_morning,PU
NCE,Bolt,20-30 km,873969a81ffffff,4,wkd_morning,DO
OSL,Bolt,40-50 km,870999383ffffff,6,wkd_night,PU
CDG,Bolt,40-50 km,871fb0962ffffff,19,wkd_night,PU
ARN,Bolt,40-50 km,87088661dffffff,15,wkd_night,PU
ARN,Bolt,30-40 km,870886745ffffff,3,wkd_day,PU
TLS,Bolt,10-20 km,873960115ffffff,4,wkd_night,PU
VLC,Cabify,10-20 km,873954013ffffff,7,wkd_morning,DO
VNO,Bolt,5-10 km,871f40303ffffff,2,wkd_night,DO
DXB,Bolt,30-40 km,8743a1300ffffff,10,wkd_night,DO
DXB,Bolt,20-30 km,8743a136affffff,2,wked_night,PU
DUR,BoltEco,10-20 km,87bcf5d01ffffff,9,wkd_day,PU
NBO,Bolt Basic,5-10 km,877a6e40dffffff,1,wkd_night,PU
RUH,Bolt,20-30 km,875373619ffffff,4,wkd_morning,DO
BER,Bolt,0-5 km,871f18a25ffffff,5,wkd_late_evening,DO
CLJ,Bolt,10-20 km,871e0b391ffffff,5,wkd_day,PU
AGP,Bolt,5-10 km,8739195b1ffffff,10,wked_day,DO
PRG,Bolt,20-30 km,871e3541bffffff,2,wkd_day,PU
KTW,Bolt,40-50 km,871e232dcffffff,4,wked_night,DO
GDN,Bolt,20-30 km,871f724aeffffff,1,wkd_late_evening,PU
BEY,Bolt,5-10 km,872da24e3ffffff,1,wked_night,DO
CGN,Bolt,10-20 km,871fa199bffffff,1,wkd_night,PU
GOT,Bolt,20-30 km,871f2506cffffff,1,wkd_night,PU
MAD,Cabify,5-10 km,87390ca36ffffff,1,wked_day,DO
MUC,Bolt,30-40 km,871f8d441ffffff,1,wkd_night,DO
PRG,Bolt,0-5 km,871e35418ffffff,3,wkd_evening,PU
VIE,Bolt,20-30 km,871e15b40ffffff,1,wked_night,DO
EDI,Bolt,5-10 km,871972760ffffff,4,wkd_night,DO
MAN,Bolt,0-5 km,871951b52ffffff,2,wked_morning,DO
ZRH,Bolt,10-20 km,871f8ed93ffffff,4,wked_day,DO
ZRH,Bolt,10-20 km,871f8ed94ffffff,1,wked_night,DO
FAO,Bolt,20-30 km,87391025effffff,6,wkd_late_evening,DO
BER,Bolt,20-30 km,871f1d4d4ffffff,4,wked_day,PU
HEL,Bolt,30-40 km,871126d33ffffff,2,wked_morning,DO
MUC,Bolt,30-40 km,871f8d44cffffff,5,wked_morning,DO
MUC,Bolt,30-40 km,871f8d7a5ffffff,4,wked_day,DO
ATH,Bolt Taxi,30-40 km,871eda75dffffff,12,wrek_evening,PU
FAO,Bolt,20-30 km,87391025effffff,3,wked_day,DO
CGN,Bolt,20-30 km,871fa1110ffffff,2,wked_morning,DO
CPH,Bolt,10-20 km,871f05833ffffff,16,wkd_night,DO
CPH,Bolt,10-20 km,871f05822ffffff,3,wkd_morning,DO
FRA,Bolt,30-40 km,871faea15ffffff,1,wkd_night,PU
FRA,Bolt,10-20 km,871faeaa8ffffff,10,wkd_late_evening,DO
GOT,Bolt,10-20 km,871f2506bffffff,2,wked_morning,DO
LIS,Bolt,5-10 km,87393362dffffff,6,wkd_night,DO
MPL,Bolt,20-30 km,87396e974ffffff,4,wked_day,DO
ORY,Bolt,10-20 km,871fb4670ffffff,128,wkd_morning,PU
SVQ,Cabify,5-10 km,87391c70bffffff,3,wkd_night,DO
TLS,Bolt,0-5 km,8739601a4ffffff,4,wkd_day,PU
VIE,Bolt,10-20 km,871e15b59ffffff,2,wked_morning,DO
DXB,Bolt,20-30 km,8743a130cffffff,6,wkd_night,DO
JED,Bolt,20-30 km,8753a9529ffffff,4,wkd_morning,DO
CGN,Bolt,30-40 km,871fa1c66ffffff,3,wkd_day,PU
GOT,Bolt,40-50 km,871f25a31ffffff,3,wkd_late_evening,DO
AGP,Cabify,10-20 km,8739195aaffffff,1,wkd_late_evening,DO
RUH,Bolt,30-40 km,87537369bffffff,3,wkd_day,PU
BCN,Cabify,20-30 km,87394460affffff,1,wked_morning,DO
HEL,Bolt,30-40 km,871126d30ffffff,1,wkd_night,DO
DXB,Bolt,0-5 km,8743acca0ffffff,1,wkd_night,DO
BEY,Bolt,0-5 km,872da24e2ffffff,1,wked_night,DO
GOT,Bolt,10-20 km,871f2504effffff,1,wkd_evening,PU
SXB,Bolt,20-30 km,871f80b6bffffff,2,wkd_day,DO
JED,Bolt,30-40 km,8753a950bffffff,1,wkd_day,DO
LHR,Bolt,0-5 km,87195d360ffffff,2,wkd_day,PU
EDI,Bolt,5-10 km,8719720c9ffffff,2,wkd_evening,PU
ZRH,Bolt,5-10 km,871f8ed80ffffff,5,wkd_evening,DO
ZRH,Bolt,10-20 km,871f83a5affffff,1,wkd_morning,DO
EDI,Bolt,50-60 km,871972ae6ffffff,2,wkd_day,PU
BER,Bolt,20-30 km,871f1d48affffff,7,wked_day,PU
BER,Bolt,30-40 km,871f1d488ffffff,5,wked_day,PU
BOD,Bolt,20-30 km,87186b6c8ffffff,3,wked_day,DO
FRA,Bolt,10-20 km,871faeaa9ffffff,15,wked_morning,DO
FRA,Bolt,20-30 km,871faea18ffffff,3,wked_morning,DO
WRO,Bolt,20-30 km,871e204e4ffffff,5,wked_night,PU
DXB,Bolt,30-40 km,8743a1300ffffff,8,wked_morning,DO
JED,Bolt,20-30 km,8753a9529ffffff,4,wkd_night,DO
AMS,Bolt,10-20 km,871969504ffffff,9,wkd_late_evening,PU
BEY,Bolt,5-10 km,872da24e1ffffff,9,wkd_evening,PU
BEY,Bolt,5-10 km,872da24e1ffffff,5,wkd_evening,DO
BER,Bolt,30-40 km,871f1d488ffffff,2,wked_day,DO
CPH,Bolt,5-10 km,871f05813ffffff,4,wkd_evening,PU
GOT,Bolt,20-30 km,871f25a93ffffff,4,wkd_morning,PU
LIL,Bolt,5-10 km,871949935ffffff,6,wkd_evening,DO
LIS,Bolt,0-5 km,873933629ffffff,4,wkd_morning,DO
LYS,Bolt,10-20 km,871f9025dffffff,5,wkd_evening,PU
MRS,Bolt,30-40 km,87396814affffff,2,wkd_morning,DO
MRS,Bolt,20-30 km,873968152ffffff,6,wkd_day,PU
MRS,Bolt,30-40 km,87396802effffff,3,wkd_day,DO
CDG,Bolt,40-50 km,871fb0962ffffff,2,wkd_day,DO
ORY,Bolt,20-30 km,871fb4644ffffff,2,wkd_day,PU
TLS,Bolt,5-10 km,873960185ffffff,3,wrek_late_evening,DO
GDN,Bolt,10-20 km,871f7248affffff,17,wkd_day,DO
VNO,Bolt,0-5 km,871f40308ffffff,3,wkd_morning,DO
DXB,Bolt,5-10 km,8743a1368ffffff,1,wkd_day,PU
DXB,Bolt,0-5 km,8743acca2ffffff,7,wked_night,PU
ATH,Bolt Taxi,40-50 km,871eda75effffff,4,wkd_day,DO
NBO,Bolt Basic,10-20 km,877a6e55effffff,5,wkd_evening,DO
JED,Bolt,10-20 km,8753a952cffffff,4,wked_day,PU
JED,Bolt,10-20 km,8753a9cd3ffffff,7,wked_day,DO
AMS,Bolt,20-30 km,8719695aaffffff,1,wkd_day,PU
CLJ,Bolt,40-50 km,871ee5921ffffff,1,wkd_day,PU
CGN,Bolt,10-20 km,871fa1816ffffff,4,wkd_evening,DO
LIS,Bolt,5-10 km,87393362cffffff,3,wkd_night,DO
PLZ,BoltEco,5-10 km,87bc73842ffffff,1,wkd_night,PU
ATH,Bolt Taxi,5-10 km,871eda75dffffff,1,wkd_evening,PU
MUC,Bolt,5-10 km,871f8d7a4ffffff,1,wkd_late_evening,PU
DXB,Bolt,20-30 km,8743acd99ffffff,1,wkd_morning,PU
JED,Bolt,10-20 km,8753a9575ffffff,1,wkd_day,DO
CAI,Didi FLEX,50-60 km,873e6288effffff,2,wkd_night,PU
WRO,Bolt,40-50 km,871e20408ffffff,1,wkd_day,PU
WIL,Bolt Basic,20-30 km,877a6e46effffff,1,wkd_day,DO
BHX,Bolt,10-20 km,87195c3b2ffffff,1,wked_day,DO
ZRH,Bolt,10-20 km,871f8ed95ffffff,18,wkd_night,PU
BCN,Cabify,20-30 km,87394460dffffff,7,wked_morning,PU
CGN,Bolt,20-30 km,871fa11a5ffffff,4,wked_morning,DO
CPH,Bolt,20-30 km,871f059a9ffffff,4,wked_day,DO
TLS,Bolt,10-20 km,873960114ffffff,3,wrek_late_evening,PU
VIE,Bolt,10-20 km,871e15b71ffffff,13,wked_day,DO
VNO,Bolt,0-5 km,871f4030affffff,3,wked_morning,PU
FAO,Bolt,10-20 km,873911414ffffff,4,wkd_late_evening,DO
FAO,Bolt,20-30 km,87391025affffff,4,wkd_night,DO
FAO,Bolt,40-50 km,87391020affffff,2,wked_day,DO
BER,Bolt,20-30 km,871f1d488ffffff,1,wkd_evening,PU
CGN,Bolt,70-80 km,871f125b5ffffff,2,wkd_day,PU
CPH,Bolt,5-10 km,871f05831ffffff,3,wkd_day,PU
DUS,Bolt,30-40 km,871fa1926ffffff,2,wkd_evening,PU
FRA,Bolt,10-20 km,871faeaf0ffffff,4,wkd_day,PU
FRA,Bolt,20-30 km,871fae32dffffff,4,wkd_day,DO
LIL,Bolt,10-20 km,87194d298ffffff,2,wkd_morning,PU
LIS,Bolt,5-10 km,873933676ffffff,18,wkd_morning,DO
LYS,Bolt,20-30 km,871f90209ffffff,1,wkd_night,PU
LYS,Bolt,20-30 km,871f90273ffffff,6,wkd_morning,DO
AGP,Cabify,10-20 km,873919585ffffff,2,wked_morning,PU
NCE,Bolt,10-20 km,873969a6bffffff,1,wkd_day,PU
SVQ,Cabify,5-10 km,87391c750ffffff,1,wrek_late_evening,DO
ARN,Bolt,40-50 km,87088661dffffff,6,wkd_morning,PU
ARN,Bolt,30-40 km,870886752ffffff,3,wkd_morning,DO
TLS,Bolt,5-10 km,873960c5bffffff,7,wkd_evening,PU
VLC,Cabify,20-30 km,8739540f4ffffff,5,wkd_late_evening,PU
VIE,Bolt,20-30 km,871e15b75ffffff,5,wkd_evening,PU
VIE,Bolt,20-30 km,871e15b54ffffff,3,wkd_night,PU
VIE,Bolt,20-30 km,871e15b61ffffff,5,wkd_day,DO
CLJ,Bolt,10-20 km,871e0b39dffffff,2,wkd_evening,PU
HEL,Bolt,10-20 km,871126d02ffffff,3,wkd_late_evening,DO
IAS,Bolt,5-10 km,871e556e2ffffff,7,wkd_morning,DO
POZ,Bolt,5-10 km,871e24aa6ffffff,1,wkd_day,DO
SVQ,Cabify,0-5 km,87391c754ffffff,1,wked_morning,DO
SXB,Bolt,20-30 km,871f85605ffffff,1,wkd_late_evening,PU
TSR,Bolt,10-20 km,871e1928effffff,1,wkd_late_evening,PU
VLC,Cabify,10-20 km,873954036ffffff,1,wkd_morning,DO
AMS,Bolt,10-20 km,871969521ffffff,1,wkd_night,PU
NTE,Bolt,10-20 km,871845851ffffff,1,wkd_late_evening,PU
ATH,Bolt Taxi,0-5 km,871eda295ffffff,1,wkd_late_evening,DO
JED,Bolt,20-30 km,8753a9c1bffffff,1,wkd_day,PU
JED,Bolt,20-30 km,8753a952effffff,1,wked_day,PU
NCE,Bolt,40-50 km,8739698c3ffffff,1,wkd_morning,DO
ZRH,Bolt,10-20 km,871f8ed95ffffff,14,wrek_late_evening,DO
MAN,Bolt,5-10 km,871951a2dffffff,7,wkd_evening,DO
EDI,Bolt,5-10 km,871972765ffffff,7,wked_night,DO
ZRH,Bolt,0-5 km,871f8eda2ffffff,9,wkd_morning,DO
ZRH,Bolt,10-20 km,871f8ed90ffffff,7,wkd_morning,DO
ZRH,Bolt,20-30 km,871f83a08ffffff,4,wkd_morning,PU
LHR,Bolt,20-30 km,87195da48ffffff,1,wkd_day,PU
HEL,Bolt,20-30 km,870899683ffffff,3,wrek_evening,PU
LIS,Bolt,5-10 km,873933676ffffff,9,wked_morning,PU
FAO,Bolt,40-50 km,87391020affffff,3,wkd_morning,DO
BCN,Cabify,10-20 km,87394479bffffff,3,wkd_late_evening,DO
BOD,Bolt,10-20 km,87186b6c2ffffff,4,wkd_day,PU
BOD,Bolt,30-40 km,87186b641ffffff,4,wkd_day,DO
CPH,Bolt,5-10 km,871f05831ffffff,13,wkd_evening,PU
DUS,Bolt,5-10 km,871fa52b0ffffff,3,wkd_day,PU
FRA,Bolt,10-20 km,871fae14bffffff,9,wkd_day,DO
FRA,Bolt,20-30 km,871faeaa9ffffff,2,wked_day,PU
KRK,Bolt,10-20 km,871e2e686ffffff,7,wkd_day,DO
LIS,Bolt,5-10 km,873933751ffffff,3,wkd_night,DO
LIS,Bolt,0-5 km,873933759ffffff,4,wkd_night,PU
LIS,Bolt,0-5 km,873933629ffffff,4,wkd_evening,PU
MUC,Bolt,0-5 km,871f8d7a5ffffff,1,wkd_late_evening,PU
NCE,Bolt,5-10 km,873969a0effffff,2,wked_morning,PU
OSL,Bolt,50-60 km,870999384ffffff,6,wkd_evening,PU
OSL,Bolt,40-50 km,870999381ffffff,7,wkd_day,PU
OSL,Bolt,0-5 km,870999248ffffff,4,wkd_night,DO
ARN,Bolt,40-50 km,870886613ffffff,3,wkd_day,DO
VLC,Cabify,10-20 km,87395401bffffff,2,wked_morning,DO
VIE,Bolt,20-30 km,871e15b74ffffff,5,wkd_late_evening,PU
DXB,Bolt,30-40 km,8743a1301ffffff,6,wkd_morning,PU
DXB,Bolt,5-10 km,8743acc84ffffff,1,wkd_night,PU
DXB,Bolt,30-40 km,8743a1301ffffff,1,wked_night,PU
ATH,Bolt Taxi,30-40 km,871eda75effffff,14,wkd_morning,DO
JED,Bolt,30-40 km,8753a9092ffffff,2,wkd_night,DO
JED,Bolt,5-10 km,8753a9ccaffffff,1,wkd_late_evening,DO
CLJ,Bolt,10-20 km,871e0b39cffffff,4,wkd_night,DO
CLJ,Bolt,5-10 km,871e0b38effffff,1,wkd_morning,DO
CPH,Bolt,10-20 km,871f05833ffffff,3,wked_day,PU
GOT,Bolt,30-40 km,871f2506affffff,1,wkd_late_evening,PU
JED,Bolt,10-20 km,8753a9572ffffff,2,wked_morning,DO
NBO,Bolt Basic,10-20 km,877a6e428ffffff,2,wkd_morning,DO
JED,Bolt,10-20 km,8753a952bffffff,3,wked_morning,DO
CAI,Didi FLEX,40-50 km,873e6288effffff,1,wkd_evening,DO
PRG,Bolt,20-30 km,871e35419ffffff,1,wkd_morning,DO
RUH,Bolt,30-40 km,875355d29ffffff,1,wkd_night,DO
NCL,Bolt,5-10 km,871973225ffffff,2,wkd_night,DO
NCL,Bolt,0-5 km,87197322cffffff,1,wkd_morning,PU
ZRH,Bolt,20-30 km,871f8eda8ffffff,1,wkd_day,DO
ZRH,Bolt,10-20 km,871f8edb4ffffff,4,wkd_morning,DO
ZRH,Bolt,0-5 km,871f8ed94ffffff,1,wkd_evening,PU
EMA,Bolt,20-30 km,87195cb66ffffff,1,wkd_evening,DO
BER,Bolt,20-30 km,871f1d49dffffff,10,wrek_late_evening,PU
PRG,Bolt,10-20 km,871e35418ffffff,35,wrek_late_evening,PU
ATH,Bolt Taxi,30-40 km,871eda743ffffff,56,wked_day,DO
AMS,Bolt,0-5 km,871969530ffffff,1,wrek_late_evening,PU
BEY,Bolt,20-30 km,872da27b1ffffff,2,wkd_night,DO
CGN,Bolt,20-30 km,871fa1113ffffff,3,wkd_day,DO
LIS,Bolt,10-20 km,87393362affffff,4,wkd_evening,PU
MAD,Cabify,20-30 km,87390ca35ffffff,6,wkd_day,DO
MUC,Bolt,40-50 km,871f8d71effffff,8,wkd_evening,DO
MUC,Bolt,30-40 km,871f8d7a4ffffff,5,wkd_late_evening,PU
NTE,Bolt,10-20 km,87184584dffffff,1,wkd_day,DO
NTE,Bolt,10-20 km,871845840ffffff,1,wkd_evening,DO
ORY,Bolt,10-20 km,871fb4670ffffff,7,wked_night,PU
VNO,Bolt,5-10 km,871f40308ffffff,10,wkd_evening,PU
DXB,Bolt,40-50 km,8743a132affffff,1,wkd_day,PU
AMS,Bolt,10-20 km,871968269ffffff,2,wkd_night,PU
BER,Bolt,5-10 km,871f18b08ffffff,4,wkd_day,DO
OTP,Bolt,20-30 km,871eec79affffff,1,wked_morning,DO
LYS,Bolt,30-40 km,871f9020dffffff,1,wkd_late_evening,DO
AGP,Bolt,5-10 km,8739195b1ffffff,4,wrek_evening,DO
NTE,Bolt,10-20 km,871845843ffffff,2,wkd_day,DO
NCE,Bolt,60-70 km,871f9a4b1ffffff,2,wrek_evening,PU
PRG,Bolt,30-40 km,871e3541bffffff,1,wked_morning,DO
ARN,Bolt,50-60 km,8708866adffffff,2,wkd_morning,DO
VIE,Bolt,20-30 km,871e15b75ffffff,3,wrek_late_evening,DO
ATH,Bolt Taxi,40-50 km,871eda75cffffff,1,wrek_evening,PU
AMS,Bolt,5-10 km,871969c9dffffff,1,wkd_night,PU
ORY,Bolt,10-20 km,871fb46f5ffffff,2,wkd_late_evening,PU
DUR,BoltEco,10-20 km,87bc1b6edffffff,2,wkd_morning,PU
BOD,Bolt,10-20 km,87186b6ddffffff,1,wkd_night,DO
CDG,Bolt,30-40 km,871fb475effffff,1,wked_night,DO
DUR,BoltEco,0-5 km,87bc1b6edffffff,1,wkd_morning,PU
ATH,Bolt Taxi,10-20 km,871eda743ffffff,1,wkd_late_evening,DO
ATH,Bolt Taxi,40-50 km,871eda75cffffff,1,wkd_day,PU
RUH,Bolt,5-10 km,875354b6bffffff,1,wkd_night,DO
EDI,Bolt,10-20 km,871972601ffffff,3,wkd_evening,PU
CWL,Bolt,10-20 km,87195879bffffff,3,wked_day,PU
ZRH,Bolt,5-10 km,871f8ed86ffffff,3,wkd_morning,DO
AMS,Bolt,20-30 km,871969526ffffff,5,wkd_night,PU
BCN,Cabify,20-30 km,87394460effffff,4,wrek_evening,PU
BEY,Bolt,5-10 km,872da24e3ffffff,6,wrek_late_evening,DO
LIS,Bolt,50-60 km,873915d2effffff,2,wked_day,PU
CDG,Bolt,5-10 km,871fb42aeffffff,1,wked_morning,DO
PRG,Bolt,10-20 km,871e3541effffff,6,wked_night,DO
AMS,Bolt,30-40 km,871969c9bffffff,2,wkd_late_evening,PU
BCN,Cabify,10-20 km,873944603ffffff,31,wkd_morning,PU
OTP,Bolt,10-20 km,871eeeb6bffffff,11,wkd_late_evening,PU
CPH,Bolt,10-20 km,871f05833ffffff,12,wkd_evening,DO
GOT,Bolt,30-40 km,871f25a96ffffff,2,wkd_night,DO
GOT,Bolt,20-30 km,871f25a83ffffff,4,wkd_morning,DO
LIS,Bolt,10-20 km,87393362dffffff,1,wkd_late_evening,PU
MAD,Cabify,20-30 km,87390cb8bffffff,8,wkd_evening,PU
AGP,Cabify,10-20 km,873919585ffffff,6,wkd_day,PU
MRS,Bolt,0-5 km,873968170ffffff,1,wked_day,DO
MPL,Bolt,10-20 km,87396c590ffffff,4,wkd_night,DO
NTE,Bolt,10-20 km,871845843ffffff,7,wkd_night,DO
NTE,Bolt,10-20 km,871845bb3ffffff,1,wkd_day,DO
NCE,Bolt,0-5 km,873969a1dffffff,7,wkd_night,PU
OSL,Bolt,5-10 km,870999248ffffff,7,wkd_night,PU
PRG,Bolt,10-20 km,871e3541affffff,13,wrek_late_evening,PU
VLC,Cabify,10-20 km,8739540a9ffffff,3,wkd_night,PU
VIE,Bolt,20-30 km,871e15b71ffffff,13,wked_morning,DO
DXB,Bolt,40-50 km,8743a1204ffffff,3,wkd_night,DO
NBO,Bolt Basic,20-30 km,877a6e429ffffff,4,wkd_day,DO
RUH,Bolt,30-40 km,875354a6cffffff,2,wkd_night,DO
BCN,Cabify,40-50 km,87394466dffffff,2,wkd_late_evening,DO
OTP,Bolt,0-5 km,871eeeb6dffffff,1,wkd_evening,DO
CPH,Bolt,5-10 km,871f05811ffffff,5,wkd_night,DO
HEL,Bolt,10-20 km,871126d04ffffff,4,wkd_evening,PU
LIS,Bolt,10-20 km,873933742ffffff,2,wked_night,PU
VLC,Cabify,10-20 km,8739540abffffff,2,wkd_night,DO
WRO,Bolt,0-5 km,871e2040dffffff,1,wkd_late_evening,PU
DXB,Bolt,50-60 km,8743a132bffffff,2,wkd_late_evening,PU
SVQ,Cabify,0-5 km,87391c708ffffff,3,wkd_morning,PU
DXB,Bolt,40-50 km,8743a13adffffff,1,wrek_evening,DO
ORY,Bolt,50-60 km,871fb0962ffffff,2,wkd_morning,PU
CDG,Bolt,30-40 km,871fb4666ffffff,2,wkd_late_evening,PU
AMS,Bolt,10-20 km,871969522ffffff,16,wked_morning,DO
LIS,Bolt,0-5 km,87393375bffffff,5,wked_day,PU
AGP,Bolt,20-30 km,8739195aaffffff,16,wrek_evening,DO
OSL,Bolt,40-50 km,870999383ffffff,3,wrek_late_evening,PU
ORY,Bolt,20-30 km,871fb4660ffffff,5,wrek_evening,DO
VIE,Bolt,10-20 km,871e15b62ffffff,3,wrek_evening,DO
ATH,Bolt Taxi,30-40 km,871eda740ffffff,3,wrek_evening,DO
ABV,Bolt,20-30 km,8758f6a6affffff,1,wkd_day,PU
AMS,Bolt,5-10 km,8719695aeffffff,3,wkd_late_evening,PU
AMS,Bolt,40-50 km,871969191ffffff,3,wked_day,PU
BOD,Bolt,20-30 km,87184d990ffffff,4,wkd_morning,DO
OTP,Bolt,10-20 km,871eeeb68ffffff,14,wkd_day,PU
CGN,Bolt,20-30 km,871fa11adffffff,6,wkd_day,PU
GOT,Bolt,10-20 km,871f25315ffffff,2,wkd_day,DO
HEL,Bolt,20-30 km,871126d4effffff,3,wkd_evening,DO
HEL,Bolt,20-30 km,871126d33ffffff,7,wkd_evening,DO
LOS,Bolt,20-30 km,87589c98affffff,3,wkd_morning,DO
LYS,Bolt,20-30 km,871f902ecffffff,5,wkd_morning,DO
AGP,Cabify,10-20 km,8739182dbffffff,20,wked_day,DO
NTE,Bolt,10-20 km,87184585dffffff,6,wkd_day,DO
NTE,Bolt,20-30 km,871845841ffffff,1,wrek_evening,DO
OSL,Bolt,40-50 km,870999386ffffff,2,wkd_morning,PU
OSL,Bolt,10-20 km,870999386ffffff,1,wkd_night,PU
TLS,Bolt,10-20 km,8739601adffffff,4,wkd_day,PU
TLS,Bolt,5-10 km,87396018cffffff,1,wkd_day,DO
VLC,Cabify,10-20 km,8739540a8ffffff,4,wkd_morning,PU
VIE,Bolt,10-20 km,871e15b42ffffff,3,wkd_late_evening,PU
VIE,Bolt,20-30 km,871e15b63ffffff,6,wkd_night,DO
WRO,Bolt,5-10 km,871e20405ffffff,6,wkd_morning,DO
DXB,Bolt,0-5 km,8743acca2ffffff,2,wked_morning,PU
DUR,BoltEco,30-40 km,87bc1b660ffffff,15,wkd_morning,PU
ATH,Bolt Taxi,40-50 km,871eda75effffff,3,wkd_morning,DO
AMS,Bolt,10-20 km,87196825affffff,4,wkd_late_evening,PU
BER,Bolt,20-30 km,871f1d4f0ffffff,1,wrek_late_evening,DO
DUS,Bolt,0-5 km,871fa52a6ffffff,1,wkd_night,DO
DUS,Bolt,40-50 km,871fa5a9dffffff,1,wkd_morning,DO
FRA,Bolt,20-30 km,871faeaf5ffffff,1,wkd_day,DO
MPL,Bolt,5-10 km,87396c4b3ffffff,1,wkd_day,DO
OSL,Bolt,40-50 km,870999382ffffff,5,wked_day,PU
SVQ,Cabify,0-5 km,87391c708ffffff,6,wkd_day,PU
DXB,Bolt,10-20 km,8743a136dffffff,3,wkd_morning,PU
DXB,Bolt,60-70 km,8743accb5ffffff,1,wked_morning,DO
NBO,Bolt Basic,20-30 km,877a6e55affffff,3,wkd_night,PU
GOT,Bolt,20-30 km,871f25a85ffffff,1,wked_morning,DO
PRG,Bolt,10-20 km,871e354a8ffffff,2,wkd_late_evening,PU
AGP,Cabify,30-40 km,8739195aaffffff,1,wkd_day,DO
MMX,Bolt,20-30 km,871f05b1cffffff,1,wkd_night,PU
JED,Bolt,5-10 km,8753a9521ffffff,1,wkd_day,DO
BRS,Bolt,10-20 km,871958392ffffff,12,wkd_late_evening,PU
ZRH,Bolt,10-20 km,871f8edb0ffffff,4,wkd_morning,DO
EDI,Bolt,5-10 km,871972761ffffff,2,wkd_late_evening,PU
ZRH,Bolt,5-10 km,871f8eca9ffffff,1,wkd_late_evening,PU
BOD,Bolt,10-20 km,87186b6c3ffffff,6,wked_morning,PU
AGP,Cabify,10-20 km,8739195b1ffffff,24,wked_morning,DO
FAO,Bolt,60-70 km,873910385ffffff,4,wkd_morning,DO
AMS,Bolt,10-20 km,87196951dffffff,3,wkd_day,DO
AMS,Bolt,10-20 km,8719695a2ffffff,3,wkd_late_evening,PU
AMS,Bolt,20-30 km,871969c9dffffff,5,wkd_night,PU
AMS,Bolt,10-20 km,871969526ffffff,2,wrek_late_evening,DO
BER,Bolt,5-10 km,871f18b0affffff,3,wkd_night,PU
CGN,Bolt,20-30 km,871fa1d61ffffff,5,wkd_late_evening,PU
DOH,TaxiF Eco+,10-20 km,87536bc03ffffff,14,wkd_late_evening,DO
DUS,Bolt,10-20 km,871fa52b3ffffff,2,wrek_late_evening,PU
HEL,Bolt,5-10 km,871126d0cffffff,1,wkd_night,DO
KRK,Bolt,10-20 km,871e2e6a6ffffff,2,wkd_day,PU
LIS,Bolt,5-10 km,873933629ffffff,42,wkd_evening,PU
LYS,Bolt,5-10 km,871f915a6ffffff,2,wkd_late_evening,PU
AGP,Bolt,10-20 km,873919585ffffff,23,wkd_morning,PU
MUC,Bolt,60-70 km,871f8d780ffffff,1,wkd_day,DO
NTE,Bolt,20-30 km,871845845ffffff,2,wkd_morning,PU
NTE,Bolt,10-20 km,871845840ffffff,2,wked_day,DO
NCE,Bolt,10-20 km,873969aa5ffffff,5,wkd_evening,DO
OSL,Bolt,40-50 km,870999384ffffff,3,wkd_night,PU
OSL,Bolt,40-50 km,870999381ffffff,3,wkd_evening,PU
RTM,Bolt,20-30 km,87196bb52ffffff,1,wkd_evening,DO
SVQ,Cabify,5-10 km,87391c70affffff,6,wkd_day,PU
SVQ,Cabify,5-10 km,87391c70bffffff,10,wkd_evening,DO
ARN,Bolt,40-50 km,870886618ffffff,8,wkd_late_evening,PU
VLC,Cabify,10-20 km,8739540a9ffffff,1,wkd_evening,PU
VIE,Bolt,10-20 km,871e15b40ffffff,6,wkd_evening,DO
ATH,Bolt Taxi,5-10 km,871eda75cffffff,1,wked_day,PU
CGN,Bolt,30-40 km,871fa1c66ffffff,2,wkd_evening,PU
CPH,Bolt,20-30 km,871f05831ffffff,1,wkd_morning,PU
DUS,Bolt,5-10 km,871fa52b1ffffff,1,wkd_morning,PU
MPL,Bolt,10-20 km,87396c590ffffff,3,wkd_late_evening,DO
POZ,Bolt,0-5 km,871e24aa6ffffff,1,wkd_day,DO
VLC,Cabify,10-20 km,873954015ffffff,2,wkd_night,PU
VIE,Bolt,20-30 km,871e06792ffffff,3,wkd_morning,PU
ATH,Bolt Taxi,10-20 km,871eda75effffff,1,wkd_morning,PU
ABV,Bolt,30-40 km,8758f468affffff,1,wkd_morning,PU
AMS,Bolt,20-30 km,871969c91ffffff,1,wkd_morning,PU
BOD,Bolt,10-20 km,87186b6c8ffffff,1,wkd_day,PU
CPH,Bolt,5-10 km,871f05988ffffff,1,wkd_morning,DO
HEL,Bolt,10-20 km,87089968affffff,3,wkd_morning,DO
DUR,BoltEco,10-20 km,87bc1b660ffffff,1,wkd_night,DO
SXB,Bolt,10-20 km,871f856a8ffffff,2,wkd_evening,PU
GDN,Bolt,0-5 km,871f725aaffffff,1,wkd_late_evening,PU
DXB,Bolt,10-20 km,8743a1301ffffff,1,wkd_day,PU
ZRH,Bolt,5-10 km,871f8ed80ffffff,3,wkd_night,PU
ZRH,Bolt,20-30 km,871f8eca9ffffff,4,wkd_morning,DO
SOU,Bolt,5-10 km,871959173ffffff,2,wkd_day,DO
BHX,Bolt,10-20 km,87195c043ffffff,2,wrek_evening,PU
MAN,Bolt,10-20 km,871951b74ffffff,1,wkd_morning,DO
AMS,Bolt,20-30 km,871969520ffffff,4,wked_night,PU
AMS,Bolt,10-20 km,871969535ffffff,19,wrek_evening,PU
BOD,Bolt,5-10 km,87184dd66ffffff,6,wked_day,DO
HEL,Bolt,20-30 km,87089969effffff,5,wked_morning,DO
LIS,Bolt,5-10 km,873933629ffffff,26,wked_day,PU
MAD,Cabify,5-10 km,87390cb5affffff,9,wrek_late_evening,PU
NTE,Bolt,10-20 km,87184584effffff,10,wked_day,DO
CDG,Bolt,20-30 km,871fb4644ffffff,2,wked_day,PU
DXB,Bolt,10-20 km,8743a1368ffffff,5,wrek_evening,DO
FAO,Bolt,20-30 km,873910240ffffff,3,wkd_night,DO
AMS,Bolt,20-30 km,871969526ffffff,5,wrek_late_evening,DO
BCN,Cabify,10-20 km,8739446b5ffffff,3,wkd_night,PU
BEY,Bolt,5-10 km,872da24e3ffffff,7,wkd_late_evening,DO
OTP,Bolt,20-30 km,871eeeb2dffffff,2,wked_morning,DO
CGN,Bolt,10-20 km,871fa1819ffffff,1,wkd_evening,DO
HEL,Bolt,20-30 km,871126d30ffffff,5,wked_night,PU
KRK,Bolt,20-30 km,871e2e684ffffff,4,wkd_night,PU
MMX,Bolt,30-40 km,871f05ba3ffffff,1,wkd_late_evening,DO
MPL,Bolt,5-10 km,87396e96dffffff,3,wkd_day,PU
NTE,Bolt,60-70 km,871845c5bffffff,4,wkd_evening,DO
TLS,Bolt,10-20 km,8739601a8ffffff,7,wkd_day,DO
VIE,Bolt,10-20 km,871e15b40ffffff,4,wked_day,DO
VNO,Bolt,0-5 km,871f4030cffffff,3,wkd_day,PU
DXB,Bolt,30-40 km,8743a1222ffffff,5,wkd_night,PU
DXB,Bolt,10-20 km,8743accaeffffff,3,wrek_late_evening,PU
ATH,Bolt Taxi,20-30 km,871eda2adffffff,3,wkd_evening,PU
JED,Bolt,20-30 km,8753a950bffffff,5,wkd_day,DO
GOT,Bolt,0-5 km,871f2506cffffff,1,wkd_night,PU
GOT,Bolt,10-20 km,871f25a92ffffff,1,wkd_evening,DO
GOT,Bolt,20-30 km,871f25a81ffffff,5,wkd_day,PU
LYS,Bolt,0-5 km,871f9020bffffff,1,wkd_morning,PU
MPL,Bolt,10-20 km,87396e96cffffff,2,wkd_night,PU
ORY,Bolt,10-20 km,871fb4675ffffff,1,wkd_day,PU
PRG,Bolt,20-30 km,871e35419ffffff,3,wkd_night,PU
PRG,Bolt,10-20 km,871e3541bffffff,3,wkd_day,PU
PLZ,BoltEco,5-10 km,87bc7385cffffff,2,wked_morning,DO
ATH,Bolt Taxi,50-60 km,871eda752ffffff,3,wked_night,DO
AMS,Bolt,10-20 km,8719682edffffff,1,wkd_night,PU
MUC,Bolt,30-40 km,871f8d716ffffff,2,wkd_morning,PU
OSL,Bolt,60-70 km,870999058ffffff,1,wkd_night,DO
RTM,Bolt,10-20 km,87196bb53ffffff,2,wkd_night,DO
VNO,Bolt,10-20 km,871f40305ffffff,1,wked_morning,DO
SVQ,Cabify,10-20 km,87391c70bffffff,1,wkd_night,DO
ATH,Bolt Taxi,30-40 km,871eda295ffffff,1,wked_morning,DO
ZRH,Bolt,0-5 km,871f8ed92ffffff,1,wrek_late_evening,DO
EDI,Bolt,5-10 km,871972766ffffff,1,wked_night,DO
BHX,Bolt,0-5 km,87195c333ffffff,1,wked_day,PU
ZRH,Bolt,20-30 km,871f8edb2ffffff,2,wkd_morning,DO
BCN,Cabify,10-20 km,87394461cffffff,4,wrek_evening,PU
DOH,TaxiF Eco+,10-20 km,87536bc18ffffff,16,wkd_night,DO
HEL,Bolt,10-20 km,871126d22ffffff,4,wked_morning,PU
MMX,Bolt,20-30 km,871f05bb1ffffff,4,wrek_evening,DO
OSL,Bolt,50-60 km,870999386ffffff,8,wrek_evening,DO
PRG,Bolt,20-30 km,871e354abffffff,4,wked_morning,DO
ATH,Bolt Taxi,20-30 km,871eda651ffffff,4,wrek_late_evening,PU
AMS,Bolt,20-30 km,871969c98ffffff,3,wkd_night,PU
BER,Bolt,20-30 km,871f1d4f2ffffff,4,wkd_day,DO
BOD,Bolt,10-20 km,87186b6caffffff,3,wkd_late_evening,PU
CPH,Bolt,30-40 km,871f05903ffffff,4,wkd_day,PU
DOH,TaxiF Eco+,5-10 km,87536bce0ffffff,4,wked_night,DO
HEL,Bolt,20-30 km,870899680ffffff,2,wkd_day,DO
HEL,Bolt,20-30 km,871126d33ffffff,15,wkd_late_evening,PU
LIS,Bolt,5-10 km,87393362dffffff,39,wkd_day,PU
MAD,Cabify,10-20 km,87390cb1cffffff,19,wkd_day,DO
MUC,Bolt,10-20 km,871f8d0eaffffff,3,wrek_late_evening,PU
NTE,Bolt,10-20 km,871845b33ffffff,5,wkd_evening,PU
NCE,Bolt,5-10 km,873969a08ffffff,23,wkd_day,PU
NCE,Bolt,10-20 km,873969aa3ffffff,2,wked_morning,DO
SVQ,Cabify,20-30 km,87391c70effffff,2,wkd_morning,DO
TLS,Bolt,0-5 km,8739601a0ffffff,5,wkd_day,DO
CGN,Bolt,10-20 km,871fa1999ffffff,1,wkd_night,DO
DBV,Bolt,5-10 km,871e8da61ffffff,2,wkd_morning,DO
DBV,Bolt,20-30 km,871e8db43ffffff,5,wked_morning,DO
LIS,Bolt,5-10 km,87393362bffffff,4,wkd_evening,DO
OSL,Bolt,10-20 km,8708a4510ffffff,2,wkd_late_evening,DO
CDG,Bolt,40-50 km,871fb0944ffffff,1,wkd_night,PU
PRG,Bolt,30-40 km,871e354e6ffffff,3,wked_morning,DO
AMS,Bolt,10-20 km,871969424ffffff,3,wkd_late_evening,PU
DUS,Bolt,5-10 km,871fa5352ffffff,1,wkd_day,PU
FRA,Bolt,10-20 km,871faea88ffffff,2,wked_day,PU
HEL,Bolt,20-30 km,870899691ffffff,2,wkd_morning,DO
GDN,Bolt,10-20 km,871f72499ffffff,1,wkd_late_evening,DO
JNB,BoltEco,20-30 km,87bcc3c98ffffff,1,wkd_day,PU
JED,Bolt,10-20 km,8753a9571ffffff,1,wkd_day,DO
AMS,Bolt,10-20 km,871969526ffffff,1,wkd_evening,PU
BCN,Cabify,20-30 km,873944603ffffff,1,wkd_day,PU
DUS,Bolt,50-60 km,871fa53aeffffff,1,wkd_late_evening,PU
DUS,Bolt,30-40 km,871fa1930ffffff,1,wkd_evening,PU
DUS,Bolt,5-10 km,871fa52b1ffffff,1,wked_day,DO
ARN,Bolt,40-50 km,870886671ffffff,2,wrek_evening,PU
TLS,Bolt,0-5 km,8739601aaffffff,1,wkd_late_evening,DO
DXB,Bolt,20-30 km,8743a1363ffffff,1,wked_night,DO
ATH,Bolt Taxi,0-5 km,871eda75dffffff,1,wkd_evening,DO
EDI,Bolt,5-10 km,871972764ffffff,2,wkd_morning,DO
ZRH,Bolt,10-20 km,871f8eda6ffffff,1,wkd_morning,PU
BHX,Bolt,10-20 km,87195cac0ffffff,3,wked_day,PU
BCN,Cabify,10-20 km,873944601ffffff,18,wkd_late_evening,PU
BOD,Bolt,20-30 km,87186b68affffff,2,wkd_late_evening,PU
DUS,Bolt,5-10 km,871fa52b4ffffff,4,wrek_evening,DO
VNO,Bolt,5-10 km,871f4030cffffff,8,wrek_late_evening,PU
FAO,Bolt,30-40 km,87391020affffff,9,wkd_day,DO
AMS,Bolt,20-30 km,871969526ffffff,10,wkd_evening,PU
BEY,Bolt,20-30 km,872da2796ffffff,4,wrek_evening,PU
DOH,TaxiF Eco+,10-20 km,87536bc03ffffff,14,wked_morning,DO
AGP,Cabify,10-20 km,873919584ffffff,106,wkd_day,PU
AGP,Bolt,20-30 km,8739195aaffffff,42,wkd_evening,DO
MRS,Bolt,20-30 km,873968155ffffff,2,wkd_late_evening,PU
MUC,Bolt,30-40 km,871f8d54bffffff,1,wkd_day,DO
MUC,Bolt,0-5 km,871f8d0c5ffffff,3,wkd_late_evening,PU
OSL,Bolt,40-50 km,87099938effffff,8,wkd_morning,DO
OSL,Bolt,60-70 km,8709993b4ffffff,3,wkd_night,PU
OSL,Bolt,40-50 km,870999386ffffff,8,wked_day,PU
CDG,Bolt,30-40 km,871fb4674ffffff,70,wkd_morning,PU
CDG,Bolt,20-30 km,871fb4660ffffff,10,wkd_day,PU
CDG,Bolt,0-5 km,871fb4670ffffff,1,wkd_morning,PU
SVQ,Cabify,0-5 km,87391c70affffff,1,wkd_day,DO
TLS,Bolt,5-10 km,873960112ffffff,3,wkd_day,DO
TLS,Bolt,10-20 km,873960113ffffff,4,wkd_late_evening,PU
GDN,Bolt,5-10 km,871f725aaffffff,1,wkd_late_evening,PU
GDN,Bolt,0-5 km,871f7248affffff,1,wked_morning,DO
VIE,Bolt,30-40 km,871e064daffffff,3,wkd_evening,PU
DXB,Bolt,5-10 km,8743accaeffffff,4,wked_morning,PU
NBO,Bolt Basic,30-40 km,877a6e4a0ffffff,2,wked_day,DO
PLZ,BoltEco,5-10 km,87bc73851ffffff,2,wkd_day,DO
ATH,Bolt Taxi,30-40 km,871eda75effffff,9,wkd_day,DO
NTE,Bolt,0-5 km,871845841ffffff,1,wrek_late_evening,PU
OSL,Bolt,0-5 km,870999248ffffff,1,wked_morning,PU
SVQ,Cabify,40-50 km,87391c46affffff,1,wkd_day,DO
SVQ,Cabify,10-20 km,87391c70dffffff,1,wkd_evening,DO
CAI,Didi FLEX,20-30 km,873e6281bffffff,1,wked_morning,PU
AMS,Bolt,50-60 km,87196951cffffff,1,wkd_evening,PU
BER,Bolt,20-30 km,871f1d4c4ffffff,1,wrek_evening,DO
DUS,Bolt,5-10 km,871fa52b2ffffff,1,wkd_evening,PU
LIL,Bolt,10-20 km,87194d284ffffff,1,wkd_day,PU
LYS,Bolt,10-20 km,871f9020effffff,1,wkd_day,DO
VIE,Bolt,20-30 km,871e15b63ffffff,1,wkd_day,DO
EDI,Bolt,10-20 km,871972396ffffff,2,wkd_late_evening,PU
EDI,Bolt,10-20 km,87197276dffffff,4,wked_night,PU
BHX,Bolt,10-20 km,87195c323ffffff,1,wked_day,DO
AMS,Bolt,10-20 km,871969535ffffff,16,wrek_evening,DO
HEL,Bolt,20-30 km,87089969cffffff,4,wked_day,DO
AGP,Bolt,10-20 km,873919584ffffff,36,wked_morning,PU
NCE,Bolt,0-5 km,873969a1cffffff,3,wrek_evening,PU
PRG,Bolt,10-20 km,871e3541effffff,24,wked_day,PU
PRG,Bolt,10-20 km,871e35418ffffff,31,wrek_evening,DO
PRG,Bolt,0-5 km,871e3541effffff,1,wrek_late_evening,PU
PRG,Bolt,10-20 km,871e35418ffffff,84,wkd_late_evening,PU
PRG,Bolt,10-20 km,871e3541effffff,27,wkd_night,PU
RUH,Bolt,0-5 km,875354a53ffffff,1,wkd_night,DO
AMS,Bolt,30-40 km,871969c9dffffff,1,wked_morning,PU
AMS,Bolt,20-30 km,871969c9affffff,1,wked_morning,PU
HEL,Bolt,10-20 km,871126d2affffff,4,wkd_morning,DO
HEL,Bolt,20-30 km,871126dadffffff,3,wkd_night,PU
LYS,Bolt,20-30 km,871f90272ffffff,6,wked_day,DO
AGP,Cabify,20-30 km,873919585ffffff,8,wrek_evening,PU
MUC,Bolt,5-10 km,871f8d0f2ffffff,6,wkd_morning,DO
ORY,Bolt,20-30 km,871fb4674ffffff,20,wkd_evening,PU
CDG,Bolt,20-30 km,871fb4674ffffff,4,wrek_evening,PU
ARN,Bolt,20-30 km,87088635effffff,4,wkd_day,DO
TLS,Bolt,5-10 km,8739601a8ffffff,1,wkd_late_evening,DO
GDN,Bolt,20-30 km,871f7258bffffff,1,wkd_night,PU
VLC,Cabify,10-20 km,8739540a8ffffff,5,wkd_day,DO
VLC,Cabify,5-10 km,8739540adffffff,2,wrek_late_evening,PU
DXB,Bolt,20-30 km,8743a1043ffffff,2,wkd_morning,DO
DXB,Bolt,5-10 km,8743a136effffff,4,wkd_morning,PU
DUR,BoltEco,10-20 km,87bc1b6ecffffff,15,wkd_day,PU
ATH,Bolt Taxi,30-40 km,871eda74affffff,4,wkd_evening,DO
CGN,Bolt,20-30 km,871fa1d60ffffff,3,wkd_day,PU
DOH,TaxiF Eco+,10-20 km,87536bc03ffffff,1,wrek_late_evening,DO
FRA,Bolt,30-40 km,871fae10cffffff,3,wkd_late_evening,DO
MLA,Bolt,5-10 km,873f304edffffff,2,wkd_night,DO
NCE,Bolt,20-30 km,873969a42ffffff,1,wkd_day,PU
DXB,Bolt,5-10 km,8743acd9bffffff,1,wked_morning,DO
ABV,Bolt,40-50 km,8758f0d2effffff,1,wkd_morning,DO
DUS,Bolt,20-30 km,871fa5366ffffff,1,wkd_late_evening,PU
MRS,Bolt,30-40 km,873968bb5ffffff,1,wkd_evening,PU
NTE,Bolt,40-50 km,871845c5affffff,1,wkd_day,DO
NTE,Bolt,5-10 km,87184586affffff,1,wked_day,PU
PRG,Bolt,10-20 km,871e355aeffffff,1,wked_night,DO
LYS,Bolt,30-40 km,871f90209ffffff,1,wkd_late_evening,DO
OSL,Bolt,10-20 km,870999386ffffff,1,wked_morning,DO
ZRH,Bolt,5-10 km,871f8ed84ffffff,3,wkd_morning,DO
ZRH,Bolt,20-30 km,871f8336effffff,2,wkd_night,DO
ZRH,Bolt,10-20 km,871f8ed95ffffff,1,wkd_night,DO
BOD,Bolt,10-20 km,87186b6c1ffffff,3,wrek_evening,PU
MPL,Bolt,10-20 km,87396c58bffffff,4,wrek_late_evening,DO
CDG,Bolt,40-50 km,871fb0962ffffff,6,wked_day,PU
RTM,Bolt,5-10 km,87196ba21ffffff,3,wrek_evening,PU
VIE,Bolt,20-30 km,871e15b73ffffff,25,wked_morning,DO
VIE,Bolt,20-30 km,871e15b70ffffff,3,wkd_night,PU
DXB,Bolt,10-20 km,8743a136affffff,14,wked_night,DO
DXB,Bolt,20-30 km,8743a130dffffff,5,wked_morning,DO
AMS,Bolt,20-30 km,871969c99ffffff,4,wkd_morning,PU
BCN,Cabify,10-20 km,87394461dffffff,32,wkd_morning,DO
BER,Bolt,20-30 km,871f1d4d6ffffff,5,wkd_night,DO
CPH,Bolt,5-10 km,871f05802ffffff,1,wkd_night,PU
CPH,Bolt,10-20 km,871f05806ffffff,4,wkd_evening,PU
DUS,Bolt,5-10 km,871fa52b5ffffff,4,wkd_night,DO
FRA,Bolt,20-30 km,871faeaa9ffffff,5,wkd_evening,PU
HEL,Bolt,10-20 km,871126d04ffffff,2,wkd_day,DO
HEL,Bolt,30-40 km,871126d30ffffff,4,wked_day,DO
KRK,Bolt,5-10 km,871e05b6dffffff,3,wkd_morning,DO
LIS,Bolt,20-30 km,8739336e6ffffff,2,wkd_night,DO
MAD,Cabify,10-20 km,87390cb0affffff,19,wkd_day,PU
MUC,Bolt,30-40 km,871f8d464ffffff,3,wkd_day,PU
MUC,Bolt,30-40 km,871f8d44dffffff,4,wkd_day,PU
NCE,Bolt,20-30 km,873969a94ffffff,6,wkd_night,PU
NCE,Bolt,20-30 km,873969ab2ffffff,12,wked_morning,DO
CDG,Bolt,30-40 km,871fb4644ffffff,51,wkd_night,PU
ARN,Bolt,30-40 km,870886601ffffff,4,wrek_late_evening,DO
TLS,Bolt,5-10 km,8739601acffffff,7,wkd_day,DO
TLS,Bolt,10-20 km,873960ce8ffffff,4,wkd_late_evening,PU
TLS,Bolt,10-20 km,8739601a8ffffff,3,wked_morning,DO
GDN,Bolt,10-20 km,871f7248cffffff,4,wkd_night,DO
VIE,Bolt,5-10 km,871e15a69ffffff,3,wkd_late_evening,PU
VIE,Bolt,5-10 km,871e15b73ffffff,1,wrek_late_evening,PU
DUR,BoltEco,10-20 km,87bc1b6e8ffffff,2,wkd_evening,DO
ATH,Bolt Taxi,0-5 km,871eda75dffffff,2,wked_day,PU
JED,Bolt,20-30 km,8753a9556ffffff,2,wkd_night,DO
ABV,Bolt,30-40 km,8758f0d25ffffff,2,wkd_evening,DO
AMS,Bolt,20-30 km,87196952effffff,1,wkd_morning,DO
BCN,Cabify,5-10 km,87394460effffff,1,wked_morning,PU
TSR,Bolt,10-20 km,871e19281ffffff,2,wkd_evening,PU
TLS,Bolt,20-30 km,87396010bffffff,3,wrek_evening,DO
VNO,Bolt,10-20 km,871f4032bffffff,4,wkd_late_evening,PU
RUH,Bolt,30-40 km,875355d35ffffff,3,wkd_night,DO
FAO,Bolt,50-60 km,8739103aaffffff,1,wkd_morning,DO
AMS,Bolt,20-30 km,871969c98ffffff,3,wked_day,PU
FRA,Bolt,20-30 km,871faea12ffffff,2,wrek_evening,PU
LIS,Bolt,40-50 km,873915d6dffffff,1,wked_morning,DO
LYS,Bolt,40-50 km,871f93972ffffff,2,wked_day,DO
OSL,Bolt,10-20 km,8708a45b0ffffff,2,wked_day,PU
DXB,Bolt,0-5 km,8743a136affffff,2,wrek_evening,DO
DOH,TaxiF Eco+,20-30 km,87536bc1effffff,1,wkd_night,DO
TSR,Bolt,5-10 km,871e192f6ffffff,1,wkd_evening,DO
ATH,Bolt Taxi,0-5 km,871eda743ffffff,1,wkd_morning,DO
ZRH,Bolt,10-20 km,871f83aeaffffff,2,wrek_late_evening,PU
MAN,Bolt,10-20 km,871951b75ffffff,4,wkd_day,PU
ZRH,Bolt,40-50 km,871f83269ffffff,5,wkd_night,DO
EDI,Bolt,0-5 km,871972756ffffff,1,wked_day,DO
BCN,Cabify,10-20 km,87394460effffff,23,wrek_evening,DO
BER,Bolt,0-5 km,871f18a25ffffff,8,wked_day,DO
ATH,Bolt Taxi,40-50 km,871eda743ffffff,18,wked_day,PU
ABV,Bolt,50-60 km,8758f46a6ffffff,4,wkd_day,DO
AMS,Bolt,10-20 km,871969530ffffff,13,wkd_morning,DO
AMS,Bolt,40-50 km,87196832affffff,3,wrek_evening,PU
BEY,Bolt,10-20 km,872da24e1ffffff,7,wkd_evening,DO
CGN,Bolt,10-20 km,871fa1999ffffff,2,wked_day,PU
DOH,TaxiF Eco+,60-70 km,8753686a8ffffff,4,wrek_late_evening,DO
FRA,Bolt,10-20 km,871faeaa8ffffff,15,wkd_morning,PU
GOT,Bolt,30-40 km,871f25062ffffff,2,wkd_day,DO
HEL,Bolt,20-30 km,871126d30ffffff,7,wkd_morning,DO
HEL,Bolt,10-20 km,871126d0cffffff,1,wkd_morning,DO
LYS,Bolt,30-40 km,871f9020bffffff,7,wkd_morning,DO
LYS,Bolt,50-60 km,871f90addffffff,1,wked_day,DO
NCE,Bolt,5-10 km,873969a0effffff,14,wkd_night,DO
NCE,Bolt,20-30 km,87396914dffffff,3,wkd_day,DO
NCE,Bolt,20-30 km,873969a84ffffff,3,wkd_late_evening,PU
NCE,Bolt,0-5 km,873969a2bffffff,1,wkd_morning,PU
OSL,Bolt,5-10 km,870999386ffffff,1,wked_morning,DO
OSL,Bolt,50-60 km,87099905bffffff,3,wked_day,PU
TLS,Bolt,10-20 km,8739601b1ffffff,3,wkd_morning,DO
GDN,Bolt,10-20 km,871f7248affffff,5,wked_day,DO
VLC,Cabify,20-30 km,87395401affffff,2,wrek_late_evening,PU
VIE,Bolt,40-50 km,871e06614ffffff,4,wkd_late_evening,PU
VIE,Bolt,20-30 km,871e15b62ffffff,3,wkd_morning,PU
WRO,Bolt,10-20 km,871e204e0ffffff,2,wkd_late_evening,PU
DXB,Bolt,30-40 km,8743a130dffffff,3,wkd_night,PU
DWC,Bolt,50-60 km,8743a1368ffffff,4,wkd_morning,PU
OTP,Bolt,30-40 km,871eeeb6bffffff,1,wkd_evening,DO
DOH,TaxiF Eco+,20-30 km,87536bcd4ffffff,2,wkd_night,DO
PRG,Bolt,30-40 km,871e3541affffff,4,wkd_evening,PU
TSR,Bolt,5-10 km,871e19288ffffff,2,wkd_night,DO
BCN,Cabify,10-20 km,87394460cffffff,1,wked_morning,DO
BEY,Bolt,10-20 km,872da24c3ffffff,2,wked_night,DO
BER,Bolt,5-10 km,871f1d488ffffff,1,wkd_late_evening,PU
KRK,Bolt,10-20 km,871e2e692ffffff,2,wrek_late_evening,PU
LIS,Bolt,0-5 km,873933629ffffff,2,wrek_late_evening,PU
MUC,Bolt,5-10 km,871f8d448ffffff,1,wkd_morning,DO
VNO,Bolt,5-10 km,871f40226ffffff,1,wkd_late_evening,DO
DXB,Bolt,20-30 km,8743acc9dffffff,1,wked_morning,PU
DXB,Bolt,10-20 km,8743a136bffffff,1,wrek_late_evening,PU
AMS,Bolt,10-20 km,871969c98ffffff,1,wkd_late_evening,PU
CLJ,Bolt,5-10 km,871e0b38effffff,1,wked_morning,DO
CGN,Bolt,10-20 km,871fa52b1ffffff,1,wkd_night,PU
SVQ,Cabify,5-10 km,87391c709ffffff,1,wkd_late_evening,DO
SOU,Bolt,20-30 km,871959ab0ffffff,4,wked_day,DO
ZRH,Bolt,10-20 km,871f83a5cffffff,1,wkd_day,PU
ZRH,Bolt,10-20 km,871f8336cffffff,2,wkd_morning,DO
BCN,Cabify,0-5 km,87394460effffff,3,wrek_late_evening,PU
HEL,Bolt,20-30 km,871126c31ffffff,3,wkd_night,DO
KRK,Bolt,20-30 km,871e2e686ffffff,5,wked_day,DO
LYS,Bolt,30-40 km,871f90209ffffff,2,wked_day,PU
MPL,Bolt,10-20 km,87396c596ffffff,3,wrek_evening,DO
FAO,Bolt,5-10 km,87391158effffff,1,wkd_evening,PU
BOD,Bolt,10-20 km,87184dd64ffffff,4,wkd_late_evening,DO
BOD,Bolt,30-40 km,87186b641ffffff,3,wkd_morning,DO
OTP,Bolt,10-20 km,871eeeb4cffffff,3,wkd_late_evening,DO
MPL,Bolt,20-30 km,87396c590ffffff,2,wkd_late_evening,DO
NTE,Bolt,10-20 km,87184584effffff,9,wkd_evening,DO
NCE,Bolt,30-40 km,873969b80ffffff,3,wkd_day,DO
NCE,Bolt,5-10 km,873969a0cffffff,9,wkd_evening,PU
NCE,Bolt,0-5 km,873969b91ffffff,1,wkd_evening,DO
TLS,Bolt,5-10 km,8739601b5ffffff,13,wkd_day,DO
TLS,Bolt,10-20 km,873960ce9ffffff,4,wkd_day,DO
VLC,Cabify,10-20 km,8739540adffffff,8,wkd_day,PU
WRO,Bolt,20-30 km,871e20476ffffff,3,wkd_evening,DO
DXB,Bolt,10-20 km,8743acd9bffffff,4,wked_day,PU
NBO,Bolt Basic,20-30 km,877a6e558ffffff,3,wkd_night,PU
BCN,Cabify,20-30 km,873944601ffffff,3,wkd_evening,DO
DUS,Bolt,10-20 km,871fa52b2ffffff,4,wked_morning,PU
KRK,Bolt,10-20 km,871e2e6b0ffffff,3,wkd_morning,PU
LIL,Bolt,0-5 km,871949922ffffff,3,wked_morning,PU
SXB,Bolt,10-20 km,871f85600ffffff,2,wked_night,DO
DXB,Bolt,5-10 km,8743acca2ffffff,2,wkd_late_evening,PU
DUR,BoltEco,50-60 km,87bc1b2acffffff,3,wkd_day,DO
NBO,Bolt Basic,5-10 km,877a6e42cffffff,1,wkd_morning,DO
NBO,Bolt Basic,20-30 km,877a6e543ffffff,3,wkd_night,PU
FAO,Bolt,0-5 km,873911595ffffff,2,wkd_day,PU
MMX,Bolt,10-20 km,871f05b84ffffff,1,wkd_morning,DO
HEL,Bolt,5-10 km,871126d22ffffff,1,wrek_evening,DO
CDG,Bolt,40-50 km,871fb4674ffffff,12,wkd_late_evening,PU
SVQ,Cabify,5-10 km,87391c70affffff,1,wkd_morning,PU
DXB,Bolt,5-10 km,8743a136affffff,1,wked_morning,PU
ATH,Bolt Taxi,30-40 km,873f74925ffffff,1,wked_morning,DO
ZRH,Bolt,10-20 km,871f8ed95ffffff,18,wked_day,DO
BHX,Bolt,0-5 km,87195c330ffffff,3,wrek_evening,DO
ZRH,Bolt,10-20 km,871f8ed95ffffff,10,wkd_evening,DO
FAO,Bolt,0-5 km,873911580ffffff,5,wked_day,DO
HEL,Bolt,10-20 km,871126d33ffffff,13,wked_day,DO
LIS,Bolt,5-10 km,87393362dffffff,10,wked_night,DO
LYS,Bolt,20-30 km,871f90209ffffff,4,wrek_late_evening,DO
NTE,Bolt,10-20 km,871845841ffffff,1,wrek_late_evening,PU
CDG,Bolt,30-40 km,871fb0962ffffff,7,wked_day,DO
TLS,Bolt,0-5 km,8739601a0ffffff,4,wked_morning,DO
ATH,Bolt Taxi,30-40 km,871eda74effffff,5,wrek_evening,DO
AMS,Bolt,5-10 km,871969516ffffff,1,wkd_night,DO
AMS,Bolt,20-30 km,871969528ffffff,2,wkd_night,PU
AMS,Bolt,0-5 km,871969522ffffff,1,wkd_morning,PU
BOD,Bolt,10-20 km,87186b6caffffff,5,wkd_evening,DO
CPH,Bolt,30-40 km,871f05b84ffffff,3,wkd_evening,PU
GOT,Bolt,10-20 km,871f25a8bffffff,1,wked_morning,PU
HEL,Bolt,30-40 km,8708996b5ffffff,6,wkd_night,DO
KRK,Bolt,10-20 km,871e2e696ffffff,3,wkd_night,PU
KRK,Bolt,20-30 km,871e2e6b1ffffff,12,wkd_late_evening,PU
KRK,Bolt,20-30 km,871e2e6b1ffffff,15,wrek_evening,PU
LIS,Bolt,30-40 km,8739337a1ffffff,3,wked_morning,DO
LYS,Bolt,20-30 km,871f90251ffffff,5,wkd_night,PU
LYS,Bolt,20-30 km,871f90254ffffff,6,wrek_late_evening,DO
MRS,Bolt,20-30 km,87396815cffffff,3,wkd_day,PU
MRS,Bolt,20-30 km,873968bb4ffffff,4,wkd_morning,DO
ORY,Bolt,20-30 km,871fb4660ffffff,4,wkd_day,DO
CDG,Bolt,30-40 km,871fb4675ffffff,4,wkd_morning,PU
CDG,Bolt,10-20 km,871fb422effffff,10,wked_morning,PU
RTM,Bolt,5-10 km,87196ba22ffffff,1,wked_day,PU
SVQ,Cabify,10-20 km,87391c70effffff,1,wkd_night,PU
SVQ,Cabify,20-30 km,87391c70affffff,2,wkd_morning,PU
SVQ,Cabify,20-30 km,87391c70affffff,1,wrek_evening,PU
ARN,Bolt,40-50 km,870886604ffffff,3,wkd_evening,PU
TLS,Bolt,5-10 km,8739601aeffffff,12,wkd_late_evening,DO
VIE,Bolt,10-20 km,871e15b62ffffff,6,wkd_day,DO
WRO,Bolt,5-10 km,871e20401ffffff,2,wkd_day,PU
CAI,Didi FLEX,50-60 km,873e6288effffff,2,wkd_evening,PU
OTP,Bolt,30-40 km,871eeeb6dffffff,2,wkd_day,DO
CLJ,Bolt,5-10 km,871e0b38effffff,6,wkd_evening,PU
CGN,Bolt,10-20 km,871fa198bffffff,3,wked_day,PU
SVQ,Cabify,5-10 km,87391c70affffff,1,wkd_late_evening,DO
WRO,Bolt,20-30 km,871e204e5ffffff,2,wkd_night,DO
DXB,Bolt,20-30 km,8743a136bffffff,3,wked_morning,PU
DUR,BoltEco,30-40 km,87bc1b644ffffff,2,wkd_morning,DO
JED,Bolt,20-30 km,8753a9575ffffff,2,wked_morning,DO
BEY,Bolt,50-60 km,872db1ae5ffffff,2,wkd_day,PU
GOT,Bolt,30-40 km,871f25aa1ffffff,2,wkd_night,DO
MAD,Cabify,5-10 km,87390cb1bffffff,1,wked_morning,DO
NCE,Bolt,0-5 km,873969a1cffffff,2,wkd_day,DO
NCE,Bolt,10-20 km,873969a2bffffff,2,wkd_morning,DO
OSL,Bolt,50-60 km,8709993a2ffffff,2,wkd_night,PU
GDN,Bolt,5-10 km,871f09b20ffffff,1,wrek_late_evening,PU
VIE,Bolt,0-5 km,871e15b46ffffff,1,wked_day,DO
BER,Bolt,5-10 km,871f1d488ffffff,1,wked_day,PU
BHX,Bolt,10-20 km,87195c3a6ffffff,3,wkd_morning,DO
ZRH,Bolt,10-20 km,871f83ae9ffffff,3,wkd_night,DO
ZRH,Bolt,5-10 km,871f8ed95ffffff,2,wkd_late_evening,DO
MAN,Bolt,5-10 km,871951b52ffffff,1,wked_morning,DO
NTE,Bolt,10-20 km,871845843ffffff,11,wked_day,DO
FAO,Bolt,0-5 km,873911588ffffff,1,wkd_evening,DO
BER,Bolt,30-40 km,871f1d483ffffff,6,wkd_evening,DO
OTP,Bolt,10-20 km,871eeeb6affffff,9,wked_night,PU
FRA,Bolt,10-20 km,871fae149ffffff,1,wkd_night,DO
LIL,Bolt,5-10 km,87194d298ffffff,6,wkd_morning,PU
LIS,Bolt,0-5 km,87393375affffff,5,wkd_evening,PU
MAD,Cabify,20-30 km,87390ca32ffffff,9,wkd_evening,DO
MPL,Bolt,10-20 km,87396c592ffffff,4,wkd_day,DO
NCE,Bolt,20-30 km,873969a00ffffff,1,wkd_day,DO
NCE,Bolt,20-30 km,873969a85ffffff,1,wkd_day,PU
NCE,Bolt,10-20 km,873969a0cffffff,5,wrek_evening,DO
VLC,Cabify,5-10 km,8739540a4ffffff,3,wkd_morning,DO
VIE,Bolt,20-30 km,871e15b73ffffff,1,wrek_late_evening,PU
JNB,BoltEco,5-10 km,87bcc3536ffffff,3,wkd_late_evening,DO
ATH,Bolt Taxi,0-5 km,871eda651ffffff,2,wkd_night,DO
ATH,Bolt Taxi,30-40 km,871eda743ffffff,9,wrek_evening,DO
RUH,Bolt,40-50 km,875355d0effffff,2,wkd_night,DO
JED,Bolt,5-10 km,8753a9cd3ffffff,9,wkd_day,PU
FAO,Bolt,60-70 km,87391038cffffff,2,wkd_late_evening,PU
CPH,Bolt,30-40 km,871f05826ffffff,3,wkd_day,DO
DBV,Bolt,20-30 km,871e8db43ffffff,5,wkd_evening,PU
LOS,Bolt,20-30 km,87589c99bffffff,3,wked_morning,DO
MLA,Bolt,5-10 km,873f304edffffff,12,wkd_morning,DO
VIE,Bolt,20-30 km,871e15b62ffffff,2,wkd_morning,DO
DXB,Bolt,10-20 km,8743acca2ffffff,1,wkd_day,PU
PLZ,BoltEco,20-30 km,87bc73badffffff,1,wkd_late_evening,DO
ATH,Bolt Taxi,20-30 km,873f74925ffffff,4,wkd_day,PU
JED,Bolt,20-30 km,8753a9c1bffffff,2,wkd_morning,PU
FAO,Bolt,0-5 km,873911580ffffff,1,wkd_late_evening,PU
NCE,Bolt,20-30 km,873969b81ffffff,2,wkd_night,DO
ORY,Bolt,20-30 km,871fb475affffff,1,wkd_night,DO
ARN,Bolt,10-20 km,87088661dffffff,1,wked_day,PU
JED,Bolt,30-40 km,8753a9528ffffff,1,wkd_night,DO
BER,Bolt,20-30 km,871f1d49cffffff,1,wkd_night,DO
GDN,Bolt,5-10 km,871f7248effffff,1,wkd_night,PU
STN,Bolt,40-50 km,87194e693ffffff,3,wrek_evening,PU
DOH,TaxiF Eco+,10-20 km,87536bc1affffff,9,wkd_night,DO
FRA,Bolt,20-30 km,871faeb9cffffff,4,wrek_evening,PU
SVQ,Cabify,5-10 km,87391c70bffffff,4,wked_day,DO
AMS,Bolt,10-20 km,871969535ffffff,9,wkd_morning,PU
BEY,Bolt,0-5 km,872da2780ffffff,1,wked_morning,DO
BER,Bolt,20-30 km,871f18b25ffffff,2,wkd_morning,DO
CPH,Bolt,10-20 km,871f05836ffffff,4,wkd_night,DO
CPH,Bolt,5-10 km,871f05806ffffff,4,wkd_late_evening,DO
HEL,Bolt,10-20 km,87089968bffffff,11,wkd_day,PU
LIS,Bolt,5-10 km,873933628ffffff,3,wkd_morning,PU
AGP,Bolt,5-10 km,8739195b1ffffff,43,wkd_day,DO
NCE,Bolt,20-30 km,873969a84ffffff,3,wkd_day,PU
ORY,Bolt,40-50 km,871fb0962ffffff,27,wkd_morning,PU
SVQ,Cabify,10-20 km,87391c70effffff,25,wkd_morning,DO
ARN,Bolt,50-60 km,870886614ffffff,4,wkd_late_evening,DO
ARN,Bolt,5-10 km,870886211ffffff,8,wkd_morning,DO
TLS,Bolt,20-30 km,873960188ffffff,3,wkd_day,DO
VLC,Cabify,10-20 km,87395401effffff,4,wrek_evening,DO
DXB,Bolt,30-40 km,8743a132effffff,2,wkd_morning,PU
DXB,Bolt,10-20 km,8743a1372ffffff,1,wkd_evening,PU
DUR,BoltEco,50-60 km,87bc1b661ffffff,3,wkd_night,PU
DUR,BoltEco,10-20 km,87bc1b6e8ffffff,2,wrek_late_evening,DO
JED,Bolt,10-20 km,8753a9575ffffff,12,wkd_night,DO
MLA,Bolt,5-10 km,873f30450ffffff,10,wkd_morning,PU
POZ,Bolt,5-10 km,871e24b8bffffff,1,wkd_day,DO
POZ,Bolt,5-10 km,871e24aa5ffffff,4,wked_night,DO
VLC,Cabify,10-20 km,873954081ffffff,1,wkd_late_evening,DO
PLZ,BoltEco,0-5 km,87bc73858ffffff,2,wrek_evening,PU
ATH,Bolt Taxi,20-30 km,871eda743ffffff,1,wkd_night,DO
NBO,Bolt Basic,20-30 km,877a6e526ffffff,3,wkd_night,DO
FAO,Bolt,10-20 km,873911588ffffff,1,wkd_evening,DO
BCN,Cabify,0-5 km,873944603ffffff,1,wrek_late_evening,PU
NCE,Bolt,10-20 km,873969a30ffffff,2,wkd_morning,DO
TLS,Bolt,10-20 km,8739601acffffff,1,wrek_evening,DO
AMS,Bolt,0-5 km,871968269ffffff,1,wkd_day,PU
LYS,Bolt,0-5 km,871f90273ffffff,1,wkd_day,DO
MAD,Cabify,30-40 km,87390cb1bffffff,1,wked_morning,DO
LHR,Bolt,10-20 km,87194ada6ffffff,2,wkd_morning,PU
CWL,Bolt,10-20 km,8719586b4ffffff,1,wkd_evening,DO
NCL,Bolt,5-10 km,871973226ffffff,1,wkd_night,DO
AMS,Bolt,10-20 km,871969536ffffff,1,wrek_evening,PU
HEL,Bolt,20-30 km,871126d33ffffff,5,wked_day,DO
LIS,Bolt,0-5 km,873933666ffffff,19,wked_day,PU
PRG,Bolt,10-20 km,871e35418ffffff,57,wked_morning,DO
TLS,Bolt,10-20 km,8739601b6ffffff,2,wkd_night,DO
VIE,Bolt,10-20 km,871e15b46ffffff,10,wked_day,PU
FAO,Bolt,60-70 km,8739103a3ffffff,3,wkd_day,PU
AMS,Bolt,20-30 km,87196952cffffff,1,wkd_night,DO
BER,Bolt,20-30 km,871f1d488ffffff,4,wkd_late_evening,DO
CPH,Bolt,0-5 km,871f0581cffffff,8,wkd_morning,DO
CPH,Bolt,5-10 km,871f05815ffffff,3,wked_night,PU
FRA,Bolt,0-5 km,871faea80ffffff,7,wkd_day,DO
FRA,Bolt,0-5 km,871faea80ffffff,6,wkd_late_evening,DO
KRK,Bolt,10-20 km,871e2e6b1ffffff,47,wkd_late_evening,PU
LIS,Bolt,5-10 km,873933629ffffff,8,wked_night,DO
LYS,Bolt,20-30 km,871f914abffffff,4,wkd_day,PU
MRS,Bolt,50-60 km,873968042ffffff,3,wked_night,DO
NTE,Bolt,10-20 km,87184584effffff,26,wkd_day,DO
NTE,Bolt,20-30 km,871845845ffffff,3,wkd_night,DO
NTE,Bolt,10-20 km,871845841ffffff,3,wkd_day,PU
NCE,Bolt,10-20 km,873969a80ffffff,2,wkd_day,PU
SVQ,Cabify,10-20 km,87391c70affffff,12,wkd_evening,DO
SVQ,Cabify,10-20 km,87391c708ffffff,15,wrek_late_evening,PU
GDN,Bolt,10-20 km,871f7248affffff,3,wked_day,PU
VIE,Bolt,10-20 km,871e15b42ffffff,4,wkd_night,PU
ATH,Bolt Taxi,10-20 km,871eda280ffffff,3,wkd_evening,DO
ATH,Bolt Taxi,40-50 km,871eda752ffffff,1,wkd_evening,DO
CLJ,Bolt,5-10 km,871e0b38cffffff,3,wrek_evening,PU
CPH,Bolt,20-30 km,871f05830ffffff,1,wkd_morning,DO
DOH,TaxiF Eco+,20-30 km,87536bc05ffffff,2,wkd_morning,DO
MUC,Bolt,30-40 km,871f8d7a5ffffff,3,wked_morning,PU
CDG,Bolt,60-70 km,871fb0962ffffff,1,wkd_day,PU
CDG,Bolt,40-50 km,871fb0962ffffff,5,wkd_evening,DO
SXB,Bolt,10-20 km,871f85680ffffff,1,wkd_late_evening,DO
SXB,Bolt,10-20 km,871f85606ffffff,2,wkd_day,DO
JED,Bolt,20-30 km,8753a9521ffffff,2,wked_morning,DO
MUC,Bolt,40-50 km,871f8d44affffff,2,wkd_day,DO
VNO,Bolt,20-30 km,871f40adcffffff,1,wkd_late_evening,DO
DOH,TaxiF Eco+,10-20 km,87536bcd4ffffff,1,wkd_night,DO
LHR,Bolt,20-30 km,87195da48ffffff,3,wkd_evening,PU
ZRH,Bolt,0-5 km,871f8ed95ffffff,1,wkd_day,PU
AGP,Bolt,10-20 km,8739195aaffffff,2,wked_day,DO
OSL,Bolt,0-5 km,870999386ffffff,1,wrek_evening,DO
BCN,Cabify,20-30 km,87394460dffffff,13,wkd_morning,DO
BEY,Bolt,5-10 km,872da24eeffffff,3,wrek_evening,DO
BEY,Bolt,40-50 km,872da2718ffffff,1,wkd_late_evening,PU
BER,Bolt,10-20 km,871f18b21ffffff,4,wkd_evening,DO
BOD,Bolt,10-20 km,87186b6cbffffff,4,wkd_day,PU
OTP,Bolt,10-20 km,871eeeb61ffffff,4,wkd_night,DO
CGN,Bolt,20-30 km,871fa1119ffffff,2,wkd_day,PU
CPH,Bolt,10-20 km,871f05804ffffff,3,wkd_morning,DO
DUS,Bolt,60-70 km,871fa1d63ffffff,1,wkd_late_evening,PU
FRA,Bolt,10-20 km,871fae326ffffff,3,wkd_night,DO
GOT,Bolt,20-30 km,871f25a9effffff,12,wkd_evening,DO
GOT,Bolt,20-30 km,871f25a98ffffff,1,wkd_morning,DO
HEL,Bolt,20-30 km,871126d33ffffff,17,wkd_morning,DO
HEL,Bolt,20-30 km,87089968affffff,8,wkd_day,DO
AGP,Cabify,5-10 km,8739195b1ffffff,19,wkd_evening,DO
NTE,Bolt,10-20 km,8718458ebffffff,1,wkd_night,DO
NTE,Bolt,10-20 km,87184584effffff,8,wkd_late_evening,PU
NCE,Bolt,10-20 km,873969a41ffffff,1,wkd_night,PU
NCE,Bolt,40-50 km,8739698c3ffffff,2,wkd_evening,DO
CDG,Bolt,20-30 km,871fb4644ffffff,12,wkd_day,DO
ORY,Bolt,10-20 km,871fb4670ffffff,16,wrek_evening,PU
RTM,Bolt,5-10 km,87196bb56ffffff,4,wkd_night,DO
SVQ,Cabify,10-20 km,87391c708ffffff,1,wkd_night,DO
SVQ,Cabify,10-20 km,87391c70affffff,11,wkd_late_evening,PU
TLS,Bolt,10-20 km,87396011cffffff,3,wkd_morning,DO
VLC,Cabify,5-10 km,873954199ffffff,2,wkd_night,DO
VNO,Bolt,5-10 km,871f4030effffff,3,wkd_evening,PU
WAW,Bolt,5-10 km,871f53c93ffffff,59,wkd_evening,DO
DXB,Bolt,10-20 km,8743a1368ffffff,29,wkd_night,PU
DXB,Bolt,10-20 km,8743a1369ffffff,7,wkd_late_evening,PU
DXB,Bolt,5-10 km,8743accb5ffffff,3,wked_morning,DO
ATH,Bolt Taxi,20-30 km,873f74925ffffff,3,wrek_late_evening,PU
NBO,Bolt Basic,10-20 km,877a6e50affffff,6,wked_night,DO
FAO,Bolt,20-30 km,873910250ffffff,2,wkd_day,DO
AMS,Bolt,10-20 km,871969534ffffff,15,wkd_late_evening,PU
CLJ,Bolt,5-10 km,871e0b38cffffff,11,wkd_late_evening,PU
DBV,Bolt,10-20 km,871e8db43ffffff,16,wkd_day,DO
MAD,Cabify,20-30 km,87390cb8bffffff,8,wkd_morning,PU
POZ,Bolt,10-20 km,871e24a32ffffff,2,wkd_night,DO
ARN,Bolt,50-60 km,8708866f0ffffff,3,wked_night,DO
SXB,Bolt,10-20 km,871f85603ffffff,2,wkd_morning,PU
SXB,Bolt,5-10 km,871f85615ffffff,2,wkd_day,DO
VIE,Bolt,10-20 km,871e15a66ffffff,2,wkd_night,DO
DXB,Bolt,5-10 km,8743acd99ffffff,2,wkd_day,PU
FAO,Bolt,0-5 km,87391020bffffff,1,wkd_night,DO
FAO,Bolt,10-20 km,873910258ffffff,1,wked_night,DO
LIS,Bolt,5-10 km,873933666ffffff,3,wrek_evening,DO
TLS,Bolt,5-10 km,873960c5bffffff,2,wkd_morning,PU
WRO,Bolt,10-20 km,871e2040affffff,1,wked_day,DO
ATH,Bolt Taxi,30-40 km,871eda75effffff,2,wkd_evening,DO
HEL,Bolt,5-10 km,871126d20ffffff,1,wkd_morning,DO
ARN,Bolt,20-30 km,870886745ffffff,1,wkd_day,PU
VIE,Bolt,0-5 km,871e15b42ffffff,1,wkd_day,DO
MAN,Bolt,30-40 km,871951b84ffffff,3,wkd_day,DO
LGW,Bolt,30-40 km,87194ad15ffffff,1,wkd_evening,PU
BHX,Bolt,0-5 km,87195c049ffffff,1,wkd_day,DO
LHR,Bolt,10-20 km,87194adb5ffffff,1,wked_morning,PU
AMS,Bolt,10-20 km,871969535ffffff,11,wrek_late_evening,PU
AMS,Bolt,30-40 km,871969d9bffffff,3,wrek_late_evening,PU
HEL,Bolt,10-20 km,871126d33ffffff,3,wked_night,PU
LYS,Bolt,20-30 km,871f90209ffffff,3,wrek_late_evening,PU
AGP,Cabify,10-20 km,8739195b1ffffff,32,wked_day,PU
NCE,Bolt,5-10 km,873969a0cffffff,4,wked_morning,DO
NCE,Bolt,10-20 km,873969a08ffffff,6,wrek_evening,DO
CDG,Bolt,30-40 km,871fb4670ffffff,26,wked_day,PU
DUR,BoltEco,30-40 km,87bc1b645ffffff,2,wked_night,DO
ATH,Bolt Taxi,20-30 km,871eda2b6ffffff,3,wked_day,DO
BCN,Cabify,10-20 km,873944601ffffff,11,wkd_evening,PU
BOD,Bolt,10-20 km,87184dd66ffffff,6,wkd_morning,DO
OTP,Bolt,20-30 km,871eeeb4cffffff,1,wkd_day,DO
GOT,Bolt,20-30 km,871f2506dffffff,13,wkd_day,DO
GOT,Bolt,20-30 km,871f25a9cffffff,3,wked_day,PU
LYS,Bolt,30-40 km,871f90209ffffff,13,wkd_night,DO
MRS,Bolt,20-30 km,873968bb4ffffff,4,wkd_morning,PU
MUC,Bolt,20-30 km,871f8d732ffffff,4,wkd_morning,DO
OSL,Bolt,40-50 km,870999386ffffff,4,wked_night,PU
CDG,Bolt,30-40 km,871fb4670ffffff,19,wkd_evening,PU
PRG,Bolt,10-20 km,871e3541cffffff,2,wkd_day,DO
SVQ,Cabify,10-20 km,87391c708ffffff,26,wkd_morning,DO
SVQ,Cabify,10-20 km,87391c708ffffff,38,wkd_day,DO
ARN,Bolt,40-50 km,870886620ffffff,1,wkd_day,PU
DXB,Bolt,20-30 km,8743a130cffffff,3,wkd_late_evening,PU
NBO,Bolt Basic,20-30 km,877a6e429ffffff,3,wked_morning,DO
RUH,Bolt,20-30 km,87537368cffffff,4,wked_day,PU
CLJ,Bolt,10-20 km,871e0b383ffffff,3,wkd_morning,DO
LIL,Bolt,20-30 km,87194990affffff,1,wkd_evening,DO
MLA,Bolt,10-20 km,873f304edffffff,1,wkd_evening,PU
MPL,Bolt,10-20 km,87396c592ffffff,2,wkd_evening,PU
NCE,Bolt,10-20 km,873969a2bffffff,2,wkd_morning,PU
POZ,Bolt,5-10 km,871e24aa5ffffff,2,wkd_late_evening,DO
JED,Bolt,20-30 km,8753a950bffffff,1,wkd_morning,PU
MUC,Bolt,40-50 km,871f8d7a3ffffff,2,wkd_day,PU
OSL,Bolt,50-60 km,870999381ffffff,1,wkd_day,DO
TLS,Bolt,5-10 km,873960115ffffff,1,wrek_late_evening,DO
CLJ,Bolt,5-10 km,871e0b39dffffff,1,wkd_late_evening,PU
AGP,Cabify,0-5 km,873919584ffffff,1,wkd_night,PU
BHX,Bolt,10-20 km,87195c044ffffff,1,wkd_morning,DO
MAN,Bolt,10-20 km,871951b75ffffff,3,wkd_evening,DO
ZRH,Bolt,5-10 km,871f83a59ffffff,3,wkd_morning,DO
ZRH,Bolt,10-20 km,871f83aebffffff,1,wkd_morning,DO
BEY,Bolt,10-20 km,872da24c3ffffff,2,wkd_night,DO
CPH,Bolt,10-20 km,871f0599cffffff,2,wked_morning,DO
AGP,Bolt,10-20 km,873919585ffffff,20,wked_night,PU
MPL,Bolt,10-20 km,87396c590ffffff,3,wked_morning,DO
AMS,Bolt,10-20 km,871969522ffffff,2,wkd_late_evening,DO
AMS,Bolt,10-20 km,871969532ffffff,6,wrek_evening,DO
AMS,Bolt,20-30 km,871969522ffffff,1,wked_night,PU
BCN,Cabify,10-20 km,873944608ffffff,3,wrek_evening,PU
BEY,Bolt,10-20 km,872da24e1ffffff,7,wkd_day,PU
FRA,Bolt,5-10 km,871fae362ffffff,1,wkd_day,DO
HEL,Bolt,10-20 km,871126d02ffffff,2,wkd_night,DO
LIS,Bolt,0-5 km,87393375bffffff,1,wrek_late_evening,PU
LYS,Bolt,10-20 km,871f90254ffffff,3,wkd_day,DO
MRS,Bolt,20-30 km,873968150ffffff,4,wrek_late_evening,PU
MUC,Bolt,20-30 km,871f8d762ffffff,4,wrek_evening,PU
NTE,Bolt,5-10 km,87184584affffff,5,wkd_night,DO
OSL,Bolt,40-50 km,870999395ffffff,5,wkd_day,DO
VLC,Cabify,0-5 km,8739540a5ffffff,2,wkd_day,DO
VIE,Bolt,10-20 km,871e15b46ffffff,11,wkd_day,PU
VNO,Bolt,10-20 km,871f40316ffffff,3,wkd_late_evening,PU
DXB,Bolt,30-40 km,8743a132dffffff,1,wkd_night,PU
DUR,BoltEco,20-30 km,87bc1b659ffffff,5,wkd_night,DO
NBO,Bolt Basic,30-40 km,877a6e463ffffff,3,wrek_evening,PU
NBO,Bolt Basic,10-20 km,877a6e42dffffff,4,wrek_late_evening,PU
RUH,Bolt,20-30 km,87537361effffff,3,wkd_night,DO
JED,Bolt,10-20 km,8753a9529ffffff,3,wked_day,DO
FAO,Bolt,40-50 km,87391020affffff,2,wkd_day,DO
OTP,Bolt,0-5 km,871eec794ffffff,5,wkd_late_evening,DO
CGN,Bolt,0-5 km,871fa18aaffffff,1,wkd_morning,DO
DOH,TaxiF Eco+,0-5 km,87536bc05ffffff,1,wked_night,DO
DBV,Bolt,30-40 km,871ef2c20ffffff,2,wkd_evening,PU
DBV,Bolt,30-40 km,871e8db41ffffff,2,wked_day,PU
HEL,Bolt,0-5 km,870899698ffffff,1,wkd_evening,PU
LYS,Bolt,40-50 km,871f90209ffffff,1,wkd_day,PU
MPL,Bolt,10-20 km,87396c59affffff,3,wkd_day,DO
MUC,Bolt,30-40 km,871f8d44affffff,2,wked_day,PU
POZ,Bolt,5-10 km,871e24ab1ffffff,1,wkd_late_evening,PU
TSR,Bolt,10-20 km,871e1928effffff,2,wkd_night,DO
ATH,Bolt Taxi,30-40 km,871eda75affffff,5,wkd_late_evening,DO
NBO,Bolt Basic,20-30 km,877a6e55effffff,1,wkd_evening,DO
HEL,Bolt,20-30 km,871126d54ffffff,1,wkd_day,PU
NTE,Bolt,5-10 km,871845849ffffff,1,wkd_day,DO
NTE,Bolt,10-20 km,871845a34ffffff,1,wkd_day,PU
VNO,Bolt,20-30 km,871f40aaaffffff,2,wked_day,DO
NBO,Bolt Basic,5-10 km,877a6e406ffffff,1,wkd_night,DO
OTP,Bolt,10-20 km,871eec790ffffff,1,wkd_late_evening,DO
CLJ,Bolt,10-20 km,871e0b39dffffff,1,wkd_night,PU
CPH,Bolt,30-40 km,871f05802ffffff,2,wkd_night,DO
DBV,Bolt,10-20 km,871e8db43ffffff,3,wked_night,DO
DUS,Bolt,10-20 km,871fa5769ffffff,1,wkd_late_evening,PU
NCE,Bolt,20-30 km,873969aa6ffffff,1,wkd_late_evening,PU
DXB,Bolt,10-20 km,8743acca6ffffff,1,wked_day,PU
JED,Bolt,5-10 km,8753a9cd8ffffff,1,wkd_day,DO
BHX,Bolt,0-5 km,87195c04dffffff,3,wkd_day,DO
ZRH,Bolt,0-5 km,871f8eda3ffffff,4,wkd_night,DO
ZRH,Bolt,5-10 km,871f8edb3ffffff,1,wkd_morning,DO
CPH,Bolt,10-20 km,871f05831ffffff,5,wrek_evening,DO
LIS,Bolt,5-10 km,87393362dffffff,6,wked_morning,PU
LIS,Bolt,10-20 km,873933605ffffff,2,wrek_evening,PU
CDG,Bolt,30-40 km,871fb4674ffffff,23,wked_night,PU
NBO,Bolt Basic,30-40 km,877a6e470ffffff,4,wkd_late_evening,PU
FAO,Bolt,40-50 km,87391020effffff,2,wkd_evening,DO
AMS,Bolt,10-20 km,87196951cffffff,5,wkd_evening,PU
AMS,Bolt,50-60 km,871969082ffffff,3,wkd_morning,PU
AMS,Bolt,30-40 km,871969c9dffffff,4,wked_day,PU
BCN,Cabify,20-30 km,873944608ffffff,6,wkd_day,PU
BER,Bolt,20-30 km,871f18b26ffffff,4,wkd_evening,PU
OTP,Bolt,5-10 km,871eec45bffffff,4,wkd_morning,PU
CPH,Bolt,5-10 km,871f05804ffffff,3,wkd_evening,PU
HEL,Bolt,10-20 km,871126d30ffffff,5,wkd_morning,DO
KRK,Bolt,0-5 km,871e2e6b0ffffff,2,wkd_morning,DO
LIL,Bolt,0-5 km,871949924ffffff,2,wkd_day,PU
LIS,Bolt,0-5 km,873933666ffffff,14,wkd_night,PU
AGP,Cabify,20-30 km,873919585ffffff,31,wkd_late_evening,PU
MRS,Bolt,10-20 km,873968172ffffff,4,wkd_day,PU
PRG,Bolt,20-30 km,871e3541affffff,44,wkd_day,PU
TLS,Bolt,10-20 km,873960181ffffff,8,wkd_night,DO
TLS,Bolt,10-20 km,873960191ffffff,3,wkd_night,DO
TLS,Bolt,5-10 km,873960185ffffff,6,wkd_day,PU
VLC,Cabify,10-20 km,873954016ffffff,1,wkd_day,DO
VIE,Bolt,20-30 km,871e15b54ffffff,5,wkd_late_evening,PU
VIE,Bolt,20-30 km,871e15b71ffffff,19,wked_day,PU
VNO,Bolt,5-10 km,871f4030cffffff,6,wked_day,DO
DXB,Bolt,10-20 km,8743a136affffff,13,wked_night,PU
DUR,BoltEco,20-30 km,87bcf5d03ffffff,4,wkd_day,PU
ATH,Bolt Taxi,50-60 km,871eda752ffffff,5,wkd_night,DO
ATH,Bolt Taxi,30-40 km,871eda75affffff,2,wked_morning,DO
JED,Bolt,20-30 km,8753a9521ffffff,8,wkd_day,DO
CGN,Bolt,10-20 km,871fa199bffffff,1,wkd_late_evening,PU
DOH,TaxiF Eco+,10-20 km,87536bc19ffffff,3,wrek_late_evening,DO
AGP,Cabify,0-5 km,8739195b1ffffff,1,wkd_evening,DO
MLA,Bolt,10-20 km,873f304edffffff,1,wked_day,PU
POZ,Bolt,5-10 km,871e24aacffffff,1,wkd_night,DO
PRG,Bolt,20-30 km,871e3541affffff,4,wkd_day,DO
SXB,Bolt,5-10 km,871f85610ffffff,1,wkd_late_evening,DO
WAW,Bolt,0-5 km,871f52261ffffff,1,wkd_night,DO
NBO,Bolt Basic,20-30 km,877a6e409ffffff,2,wkd_night,DO
JED,Bolt,10-20 km,8753a9cd3ffffff,3,wkd_evening,DO
BCN,Cabify,20-30 km,873944624ffffff,2,wkd_day,DO
MAD,Cabify,5-10 km,87390cb0affffff,1,wkd_morning,PU
NCE,Bolt,30-40 km,873969a6bffffff,3,wkd_morning,DO
OSL,Bolt,5-10 km,870999280ffffff,1,wkd_day,DO
DXB,Bolt,40-50 km,8743a130cffffff,1,wked_morning,PU
RUH,Bolt,40-50 km,87537361effffff,1,wkd_night,DO
LIS,Bolt,5-10 km,87393360dffffff,2,wkd_morning,PU
PRG,Bolt,10-20 km,871e35413ffffff,1,wkd_late_evening,DO
SVQ,Cabify,0-5 km,87391c708ffffff,1,wkd_late_evening,DO
VNO,Bolt,0-5 km,871f4030effffff,1,wkd_morning,DO
ZRH,Bolt,20-30 km,871f8eca9ffffff,5,wkd_late_evening,PU
EDI,Bolt,5-10 km,871972761ffffff,3,wkd_day,DO
LGW,Bolt,40-50 km,87194e6eaffffff,1,wkd_morning,PU
BEY,Bolt,20-30 km,872da27b0ffffff,2,wked_night,DO
TLS,Bolt,0-5 km,873960116ffffff,1,wkd_late_evening,PU
ATH,Bolt Taxi,50-60 km,871eda75affffff,1,wked_morning,DO
AMS,Bolt,20-30 km,871968253ffffff,3,wkd_evening,PU
BCN,Cabify,10-20 km,873944602ffffff,4,wkd_evening,PU
BCN,Cabify,10-20 km,873944601ffffff,5,wkd_evening,DO
BCN,Cabify,20-30 km,87394460cffffff,4,wkd_evening,PU
BER,Bolt,10-20 km,871f18b28ffffff,3,wkd_late_evening,PU
BER,Bolt,20-30 km,871f1d4d0ffffff,2,wkd_morning,DO
CPH,Bolt,10-20 km,871f05830ffffff,1,wkd_day,DO
CPH,Bolt,20-30 km,871f0599effffff,4,wkd_day,DO
CPH,Bolt,5-10 km,871f05802ffffff,3,wkd_night,DO
FRA,Bolt,10-20 km,871faeaa8ffffff,4,wked_day,DO
HEL,Bolt,10-20 km,871126d06ffffff,8,wkd_late_evening,DO
HEL,Bolt,10-20 km,8708996a9ffffff,3,wkd_morning,DO
LIL,Bolt,10-20 km,87194d29cffffff,3,wkd_evening,PU
LIS,Bolt,5-10 km,873933676ffffff,22,wkd_late_evening,PU
MPL,Bolt,10-20 km,87396c590ffffff,4,wkd_morning,PU
MPL,Bolt,10-20 km,87396e96dffffff,2,wked_day,PU
NCE,Bolt,10-20 km,873969a76ffffff,3,wkd_morning,DO
SVQ,Cabify,5-10 km,87391c708ffffff,15,wkd_night,DO
SVQ,Cabify,30-40 km,87391c61bffffff,3,wkd_day,PU
TLS,Bolt,5-10 km,8739601a8ffffff,4,wkd_night,PU
GDN,Bolt,10-20 km,871f724aaffffff,2,wkd_night,DO
VIE,Bolt,20-30 km,871e15b0bffffff,2,wkd_late_evening,DO
VIE,Bolt,20-30 km,871e15b66ffffff,5,wked_morning,DO
VNO,Bolt,20-30 km,871f40af0ffffff,5,wkd_night,PU
DXB,Bolt,10-20 km,8743acc9effffff,5,wkd_night,PU
JNB,BoltEco,20-30 km,87bcc350effffff,2,wkd_day,PU
DUR,BoltEco,10-20 km,87bc1b6e8ffffff,10,wkd_day,PU
ATH,Bolt Taxi,30-40 km,871eda743ffffff,26,wkd_night,DO
ATH,Bolt Taxi,30-40 km,871eda745ffffff,3,wrek_evening,DO
ATH,Bolt Taxi,40-50 km,871eda75effffff,2,wrek_late_evening,PU
RUH,Bolt,40-50 km,875354a43ffffff,4,wked_morning,DO
JED,Bolt,5-10 km,8753a9cd3ffffff,3,wkd_evening,PU
HEL,Bolt,10-20 km,871126d2effffff,3,wkd_night,PU
MUC,Bolt,40-50 km,871f8d459ffffff,5,wked_morning,PU
ARN,Bolt,40-50 km,870880d9cffffff,2,wked_morning,DO
VLC,Cabify,0-5 km,8739540a5ffffff,1,wked_morning,PU
DXB,Bolt,30-40 km,8743acd99ffffff,1,wkd_morning,PU
ATH,Bolt Taxi,30-40 km,871eda741ffffff,3,wkd_day,DO
WIL,Bolt Basic,20-30 km,877a6e401ffffff,2,wkd_morning,DO
MUC,Bolt,30-40 km,871f8d46effffff,3,wkd_morning,DO
VIE,Bolt,5-10 km,871e15b40ffffff,1,wkd_day,DO
DXB,Bolt,40-50 km,8743a13aeffffff,1,wkd_late_evening,DO
HEL,Bolt,0-5 km,871126d33ffffff,1,wkd_night,PU
HEL,Bolt,0-5 km,871126d15ffffff,1,wked_morning,DO
PRG,Bolt,0-5 km,871e35418ffffff,1,wkd_day,DO
JNB,BoltEco,40-50 km,87bcdc844ffffff,1,wkd_evening,DO
DUR,BoltEco,50-60 km,87bc1b2a5ffffff,1,wked_day,DO
ATH,Bolt Taxi,40-50 km,871eda295ffffff,1,wkd_late_evening,DO
ZRH,Bolt,20-30 km,871f83a0affffff,2,wkd_day,DO
ZRH,Bolt,0-5 km,871f8eda2ffffff,5,wkd_day,DO
BHX,Bolt,20-30 km,87195c02bffffff,1,wkd_night,DO
LTN,Bolt,5-10 km,87195dbb4ffffff,3,wkd_night,DO
BRS,Bolt,10-20 km,871958393ffffff,1,wkd_day,DO
EDI,Bolt,5-10 km,871972765ffffff,1,wkd_evening,DO
EMA,Bolt,5-10 km,871943499ffffff,1,wkd_day,DO
MRS,Bolt,5-10 km,873968152ffffff,1,wked_day,DO
NCE,Bolt,10-20 km,873969a09ffffff,3,wked_day,DO
FAO,Bolt,5-10 km,873911583ffffff,2,wkd_night,PU
BCN,Cabify,10-20 km,87394478bffffff,3,wkd_night,PU
BCN,Cabify,5-10 km,87394461effffff,1,wkd_day,DO
BER,Bolt,20-30 km,871f1d48affffff,5,wkd_late_evening,DO
OTP,Bolt,10-20 km,871eeeb6bffffff,24,wkd_morning,DO
CPH,Bolt,10-20 km,871f05832ffffff,4,wkd_day,DO
FRA,Bolt,20-30 km,871faea00ffffff,5,wkd_late_evening,PU
GOT,Bolt,10-20 km,871f25306ffffff,1,wkd_day,DO
HEL,Bolt,20-30 km,870899699ffffff,3,wked_morning,DO
LIS,Bolt,5-10 km,873933629ffffff,62,wkd_day,PU
LYS,Bolt,20-30 km,871f90272ffffff,4,wkd_late_evening,PU
AGP,Bolt,10-20 km,8739195aaffffff,1,wkd_night,DO
MRS,Bolt,20-30 km,87396891bffffff,3,wrek_evening,DO
MPL,Bolt,10-20 km,87396c59effffff,8,wked_morning,DO
NTE,Bolt,5-10 km,87184584effffff,1,wrek_evening,DO
OSL,Bolt,40-50 km,870999391ffffff,3,wkd_night,PU
SVQ,Cabify,5-10 km,87391c70bffffff,20,wkd_day,DO
ARN,Bolt,40-50 km,870886618ffffff,11,wked_morning,DO
TLS,Bolt,20-30 km,8739601b0ffffff,1,wkd_day,DO
VIE,Bolt,10-20 km,871e15b40ffffff,19,wkd_morning,DO
DWC,Bolt,30-40 km,8743a1224ffffff,3,wked_night,PU
NBO,Bolt Basic,30-40 km,877a632e8ffffff,5,wkd_day,PU
JED,Bolt,10-20 km,8753a952effffff,1,wked_day,DO
GOT,Bolt,5-10 km,871f25aa1ffffff,1,wkd_night,DO
NTE,Bolt,10-20 km,87184585dffffff,3,wkd_evening,DO
VLC,Cabify,10-20 km,873954012ffffff,1,wkd_morning,DO
VLC,Cabify,30-40 km,87395400dffffff,1,wkd_morning,DO
VNO,Bolt,10-20 km,871f40366ffffff,5,wkd_day,PU
ATH,Bolt Taxi,30-40 km,871eda295ffffff,2,wkd_late_evening,DO
AMS,Bolt,20-30 km,871968253ffffff,1,wkd_day,PU
BEY,Bolt,5-10 km,872da24ccffffff,1,wkd_day,DO
CGN,Bolt,20-30 km,871fa1980ffffff,1,wkd_late_evening,DO
JED,Bolt,10-20 km,8753a9573ffffff,2,wkd_evening,DO
CDG,Bolt,30-40 km,871fb475affffff,1,wkd_late_evening,PU
VNO,Bolt,10-20 km,871f40301ffffff,1,wkd_morning,DO
ZRH,Bolt,10-20 km,871f8ed90ffffff,4,wked_morning,DO
EDI,Bolt,10-20 km,871972765ffffff,9,wkd_day,DO
BCN,Cabify,10-20 km,873944603ffffff,9,wrek_late_evening,PU
BEY,Bolt,5-10 km,872da24e1ffffff,8,wked_night,PU
OTP,Bolt,10-20 km,871eeeb68ffffff,5,wked_morning,DO
HEL,Bolt,10-20 km,871126d01ffffff,4,wked_morning,DO
AGP,Cabify,10-20 km,8739195b1ffffff,16,wrek_evening,PU
DXB,Bolt,10-20 km,8743a136affffff,4,wrek_evening,DO
FAO,Bolt,10-20 km,873911580ffffff,1,wkd_morning,DO
BCN,Cabify,20-30 km,873944608ffffff,1,wkd_night,DO
BER,Bolt,10-20 km,871f18a2bffffff,4,wkd_day,PU
CPH,Bolt,10-20 km,871f05834ffffff,1,wkd_night,DO
DOH,TaxiF Eco+,10-20 km,87536bc19ffffff,9,wkd_evening,DO
DUS,Bolt,40-50 km,871fa1919ffffff,2,wkd_evening,PU
LIS,Bolt,5-10 km,87393362dffffff,17,wkd_morning,DO
AGP,Cabify,10-20 km,8739195b1ffffff,24,wkd_late_evening,DO
MRS,Bolt,30-40 km,873968896ffffff,3,wkd_evening,DO
MPL,Bolt,10-20 km,87396e96dffffff,5,wkd_late_evening,PU
MUC,Bolt,30-40 km,871f8d441ffffff,4,wkd_morning,DO
MUC,Bolt,40-50 km,871f8d45bffffff,6,wkd_late_evening,DO
NCE,Bolt,5-10 km,873969a02ffffff,5,wrek_evening,PU
OSL,Bolt,40-50 km,870999399ffffff,1,wkd_morning,PU
SVQ,Cabify,10-20 km,87391c6c1ffffff,1,wrek_evening,DO
ARN,Bolt,30-40 km,87088661dffffff,1,wkd_day,PU
GDN,Bolt,5-10 km,871f724aaffffff,2,wkd_night,DO
VLC,Cabify,0-5 km,87395418bffffff,3,wkd_morning,DO
VLC,Cabify,5-10 km,8739540a5ffffff,3,wked_morning,PU
VIE,Bolt,20-30 km,871e15b63ffffff,5,wkd_morning,DO
VNO,Bolt,10-20 km,871f40331ffffff,3,wkd_night,PU
DXB,Bolt,20-30 km,8743a1343ffffff,2,wkd_night,PU
DXB,Bolt,30-40 km,8743acd98ffffff,1,wrek_late_evening,PU
JNB,BoltEco,20-30 km,87bcc3cd3ffffff,8,wkd_night,DO
JED,Bolt,20-30 km,8753a952affffff,2,wked_day,PU
BEY,Bolt,5-10 km,872da24c5ffffff,2,wkd_day,DO
CLJ,Bolt,0-5 km,871ee5920ffffff,1,wkd_day,DO
DBV,Bolt,20-30 km,871e8db43ffffff,6,wked_morning,PU
LYS,Bolt,0-5 km,871f90209ffffff,1,wkd_day,PU
MLA,Bolt,20-30 km,873f30404ffffff,2,wkd_evening,DO
TLS,Bolt,20-30 km,8739601aaffffff,1,wkd_evening,PU
DUR,BoltEco,60-70 km,87bcf5951ffffff,2,wkd_late_evening,PU
ATH,Bolt Taxi,0-5 km,873f74925ffffff,1,wked_morning,DO
JED,Bolt,10-20 km,8753a9573ffffff,3,wked_night,DO
NTE,Bolt,20-30 km,871845bb6ffffff,1,wked_day,DO
ORY,Bolt,10-20 km,871fb4670ffffff,1,wrek_late_evening,DO
JED,Bolt,10-20 km,8753a9c19ffffff,1,wkd_late_evening,DO
DOH,TaxiF Eco+,20-30 km,87536bc0effffff,1,wkd_evening,DO
DBV,Bolt,10-20 km,871e8db4bffffff,3,wked_morning,DO
CDG,Bolt,30-40 km,871fb4666ffffff,1,wkd_night,PU
TLS,Bolt,0-5 km,87396018cffffff,1,wkd_late_evening,PU
NCL,Bolt,10-20 km,871973262ffffff,3,wkd_late_evening,DO
ZRH,Bolt,5-10 km,871f8ed86ffffff,3,wkd_night,DO
LIS,Bolt,30-40 km,8739337a0ffffff,2,wkd_late_evening,PU
NTE,Bolt,5-10 km,871845858ffffff,2,wrek_late_evening,PU
ATH,Bolt Taxi,30-40 km,871eda75dffffff,13,wked_night,DO
ABV,Bolt,30-40 km,8758f0d32ffffff,1,wkd_morning,PU
FAO,Bolt,40-50 km,87391020affffff,7,wkd_late_evening,PU
AMS,Bolt,20-30 km,871969c9bffffff,83,wkd_day,DO
BCN,Cabify,10-20 km,873944619ffffff,9,wkd_day,DO
CPH,Bolt,10-20 km,871f0591bffffff,4,wkd_night,DO
FRA,Bolt,10-20 km,871faeaaaffffff,4,wkd_day,PU
FRA,Bolt,5-10 km,871faeab3ffffff,4,wkd_day,DO
GOT,Bolt,20-30 km,871f25a9dffffff,9,wkd_late_evening,PU
HEL,Bolt,20-30 km,870899695ffffff,8,wkd_night,PU
KRK,Bolt,5-10 km,871e05b63ffffff,2,wkd_late_evening,DO
KRK,Bolt,5-10 km,871e2e6b6ffffff,5,wked_night,DO
LYS,Bolt,10-20 km,871f9025affffff,5,wkd_morning,DO
LYS,Bolt,20-30 km,871f90253ffffff,4,wkd_day,DO
AGP,Bolt,20-30 km,8739195aaffffff,44,wkd_night,DO
MRS,Bolt,20-30 km,873968151ffffff,4,wkd_morning,DO
NTE,Bolt,20-30 km,871845840ffffff,5,wkd_evening,PU
OSL,Bolt,30-40 km,8709992b5ffffff,3,wkd_night,PU
OSL,Bolt,50-60 km,870999385ffffff,3,wkd_evening,PU
ARN,Bolt,20-30 km,87088675affffff,4,wkd_late_evening,PU
ARN,Bolt,40-50 km,870880d8bffffff,4,wkd_morning,PU
TLS,Bolt,10-20 km,873960181ffffff,7,wkd_evening,DO
VIE,Bolt,20-30 km,871e15b63ffffff,2,wkd_day,PU
VNO,Bolt,5-10 km,871f40308ffffff,21,wkd_morning,DO
DXB,Bolt,0-5 km,8743acca2ffffff,2,wkd_day,PU
DXB,Bolt,20-30 km,8743a1372ffffff,14,wkd_night,PU
DXB,Bolt,10-20 km,8743a1368ffffff,4,wked_morning,PU
ATH,Bolt Taxi,30-40 km,871eda75effffff,4,wkd_day,PU
ATH,Bolt Taxi,50-60 km,871eda753ffffff,1,wkd_late_evening,PU
AMS,Bolt,10-20 km,87196824dffffff,4,wkd_day,DO
DBV,Bolt,5-10 km,871e8da61ffffff,2,wrek_evening,PU
DUS,Bolt,5-10 km,871fa52b2ffffff,5,wkd_evening,DO
MLA,Bolt,5-10 km,873f307b6ffffff,1,wked_night,DO
NTE,Bolt,5-10 km,871845851ffffff,1,wkd_late_evening,DO
AMS,Bolt,5-10 km,871969530ffffff,3,wrek_late_evening,PU
LIS,Bolt,5-10 km,873933676ffffff,2,wkd_night,PU
SVQ,Cabify,0-5 km,87391c70affffff,2,wkd_day,PU
DXB,Bolt,30-40 km,8743a1372ffffff,1,wked_morning,PU
ATH,Bolt Taxi,30-40 km,871eda74affffff,1,wkd_late_evening,DO
HEL,Bolt,30-40 km,871126d13ffffff,1,wkd_morning,DO
ZRH,Bolt,20-30 km,871f8ed18ffffff,4,wrek_late_evening,PU
EDI,Bolt,0-5 km,871972743ffffff,2,wkd_night,DO
LGW,Bolt,60-70 km,87195d333ffffff,1,wrek_evening,DO
MAN,Bolt,10-20 km,871951b70ffffff,1,wkd_night,DO
DUS,Bolt,0-5 km,871fa5399ffffff,2,wrek_late_evening,DO
NTE,Bolt,10-20 km,871845841ffffff,3,wrek_evening,DO
NCE,Bolt,0-5 km,873969a1cffffff,4,wrek_late_evening,PU
NCE,Bolt,5-10 km,873969a0cffffff,9,wrek_late_evening,PU
TLS,Bolt,5-10 km,8739601a8ffffff,1,wrek_late_evening,PU
VIE,Bolt,10-20 km,871e15b46ffffff,47,wked_day,DO
AMS,Bolt,10-20 km,871969530ffffff,6,wkd_day,DO
BCN,Cabify,10-20 km,87394460effffff,34,wkd_day,DO
BER,Bolt,30-40 km,871f1d48effffff,3,wkd_day,PU
CPH,Bolt,10-20 km,871f05835ffffff,4,wkd_day,DO
DUS,Bolt,40-50 km,871fa52c1ffffff,3,wkd_evening,PU
GOT,Bolt,50-60 km,871f25b81ffffff,2,wkd_evening,DO
AGP,Bolt,10-20 km,8739195b1ffffff,80,wkd_morning,PU
MUC,Bolt,0-5 km,871f8d713ffffff,1,wkd_day,DO
NTE,Bolt,10-20 km,871845843ffffff,13,wkd_late_evening,DO
NTE,Bolt,20-30 km,87184586affffff,6,wkd_late_evening,DO
NCE,Bolt,5-10 km,873969a11ffffff,2,wkd_evening,PU
NCE,Bolt,10-20 km,873969a33ffffff,4,wkd_morning,DO
NCE,Bolt,10-20 km,873969a85ffffff,6,wked_morning,DO
OSL,Bolt,30-40 km,870999399ffffff,3,wkd_night,PU
OSL,Bolt,50-60 km,8709993aeffffff,2,wkd_morning,PU
PRG,Bolt,10-20 km,871e3541dffffff,4,wkd_day,DO
SVQ,Cabify,5-10 km,87391c750ffffff,1,wkd_night,DO
ARN,Bolt,40-50 km,8708866adffffff,2,wkd_night,PU
ARN,Bolt,40-50 km,87088660affffff,3,wkd_night,DO
TLS,Bolt,5-10 km,8739601aeffffff,23,wkd_night,DO
TLS,Bolt,10-20 km,873960106ffffff,4,wkd_late_evening,PU
TLS,Bolt,10-20 km,8739601aeffffff,2,wkd_late_evening,DO
GDN,Bolt,0-5 km,871f72495ffffff,2,wked_night,DO
DXB,Bolt,50-60 km,8743a130cffffff,1,wkd_night,PU
ATH,Bolt Taxi,5-10 km,873f74934ffffff,4,wkd_late_evening,DO
RUH,Bolt,20-30 km,8753736a9ffffff,3,wkd_morning,DO
AMS,Bolt,40-50 km,871969091ffffff,5,wkd_night,PU
BER,Bolt,20-30 km,871f1d4d4ffffff,1,wkd_evening,PU
CGN,Bolt,10-20 km,871fa199bffffff,4,wked_day,PU
HEL,Bolt,40-50 km,870899691ffffff,1,wkd_night,PU
LYS,Bolt,30-40 km,871f90272ffffff,1,wked_day,DO
CPH,Bolt,30-40 km,871f0591bffffff,1,wkd_day,DO
LIS,Bolt,0-5 km,87393375affffff,2,wrek_late_evening,PU
AGP,Cabify,0-5 km,8739195b1ffffff,1,wked_day,PU
OSL,Bolt,10-20 km,8709992c1ffffff,2,wkd_day,PU
DXB,Bolt,40-50 km,8743a1224ffffff,1,wkd_night,PU
FAO,Bolt,0-5 km,873911581ffffff,1,wked_day,DO
KRK,Bolt,20-30 km,871e2e6a1ffffff,1,wkd_morning,PU
MRS,Bolt,40-50 km,87396806bffffff,1,wkd_day,DO
MUC,Bolt,50-60 km,871f8d45dffffff,1,wkd_day,DO
GDN,Bolt,10-20 km,871f7248affffff,1,wkd_night,DO
DXB,Bolt,0-5 km,8743a1300ffffff,1,wkd_night,PU
BHX,Bolt,10-20 km,87195cac0ffffff,2,wkd_evening,PU
BER,Bolt,30-40 km,871f1d49dffffff,1,wked_day,PU
LIS,Bolt,5-10 km,873933676ffffff,21,wked_morning,DO
ARN,Bolt,20-30 km,870886758ffffff,4,wked_day,PU
FAO,Bolt,20-30 km,8739102edffffff,3,wrek_evening,PU
AMS,Bolt,5-10 km,871969515ffffff,3,wkd_day,DO
BCN,Cabify,10-20 km,873944601ffffff,15,wkd_day,DO
BOD,Bolt,10-20 km,87186b6ceffffff,9,wkd_evening,DO
BOD,Bolt,5-10 km,87186b6d9ffffff,3,wked_morning,PU
OTP,Bolt,10-20 km,871eeeb6bffffff,21,wkd_night,DO
CPH,Bolt,5-10 km,871f05806ffffff,6,wkd_evening,PU
CPH,Bolt,5-10 km,871f05811ffffff,5,wkd_late_evening,PU
DUS,Bolt,5-10 km,871fa5769ffffff,6,wked_night,DO
GOT,Bolt,30-40 km,871f25148ffffff,4,wkd_day,DO
KRK,Bolt,10-20 km,871e2e686ffffff,4,wkd_late_evening,PU
LYS,Bolt,10-20 km,871f90254ffffff,1,wrek_evening,DO
MAD,Cabify,30-40 km,87390ca84ffffff,12,wkd_late_evening,PU
AGP,Cabify,5-10 km,8739182dbffffff,1,wkd_day,DO
MRS,Bolt,10-20 km,87396880affffff,4,wkd_day,PU
NCE,Bolt,30-40 km,873969a40ffffff,2,wkd_morning,PU
NCE,Bolt,20-30 km,873969b9affffff,4,wkd_day,PU
ORY,Bolt,20-30 km,871fb4662ffffff,4,wkd_night,DO
SVQ,Cabify,5-10 km,87391c70affffff,6,wkd_evening,DO
ARN,Bolt,40-50 km,87088661effffff,4,wkd_night,PU
ARN,Bolt,30-40 km,87088660effffff,3,wkd_late_evening,DO
ARN,Bolt,30-40 km,870886608ffffff,4,wkd_evening,PU
TLS,Bolt,10-20 km,8739601a9ffffff,4,wkd_day,PU
TLS,Bolt,5-10 km,8739601a3ffffff,8,wkd_day,PU
VLC,Cabify,10-20 km,87395401affffff,3,wked_night,DO
WRO,Bolt,5-10 km,871e20408ffffff,2,wkd_morning,DO
DXB,Bolt,50-60 km,8743a13aeffffff,1,wkd_late_evening,PU
CLJ,Bolt,10-20 km,871e0b39cffffff,1,wkd_late_evening,DO
DOH,TaxiF Eco+,10-20 km,87536bce3ffffff,1,wked_night,DO
DBV,Bolt,30-40 km,871e8db74ffffff,3,wkd_morning,DO
RTM,Bolt,0-5 km,87196bb19ffffff,2,wkd_morning,DO
DXB,Bolt,5-10 km,8743a130cffffff,1,wked_morning,DO
MPL,Bolt,5-10 km,87396c59effffff,1,wkd_day,DO
JED,Bolt,10-20 km,8753a9562ffffff,2,wkd_evening,DO
AMS,Bolt,20-30 km,871969523ffffff,1,wkd_night,PU
BEY,Bolt,0-5 km,872da24e2ffffff,1,wrek_late_evening,DO
CPH,Bolt,0-5 km,871f05806ffffff,1,wkd_day,DO
DUS,Bolt,10-20 km,871fa5232ffffff,1,wked_morning,DO
NTE,Bolt,10-20 km,871845843ffffff,1,wkd_evening,DO
CDG,Bolt,5-10 km,871fb4666ffffff,1,wkd_morning,PU
LHR,Bolt,20-30 km,87194ad32ffffff,4,wkd_day,PU
ABV,Bolt,40-50 km,8758f468bffffff,1,wked_night,PU
CGN,Bolt,20-30 km,871fa198effffff,1,wkd_night,PU
LIS,Bolt,0-5 km,873933666ffffff,5,wked_morning,PU
OSL,Bolt,50-60 km,870999396ffffff,3,wked_morning,DO
AMS,Bolt,40-50 km,871969494ffffff,7,wkd_evening,PU
OTP,Bolt,10-20 km,871eeeb6bffffff,6,wkd_morning,PU
CGN,Bolt,10-20 km,871fa1999ffffff,12,wkd_day,DO
CPH,Bolt,10-20 km,871f05830ffffff,3,wkd_night,DO
CPH,Bolt,5-10 km,871f05814ffffff,3,wked_day,DO
DOH,TaxiF Eco+,10-20 km,87536bc18ffffff,6,wked_night,DO
DUS,Bolt,5-10 km,871fa5769ffffff,2,wked_morning,DO
HEL,Bolt,10-20 km,871126c24ffffff,5,wkd_morning,DO
KRK,Bolt,5-10 km,871e2e6b1ffffff,1,wkd_morning,DO
LYS,Bolt,10-20 km,871f90242ffffff,1,wkd_night,DO
MAD,Cabify,20-30 km,87390ca32ffffff,16,wkd_day,DO
MRS,Bolt,20-30 km,873968150ffffff,5,wkd_evening,DO
PRG,Bolt,10-20 km,871e35418ffffff,25,wkd_late_evening,DO
TLS,Bolt,0-5 km,873960c4bffffff,4,wkd_day,PU
VIE,Bolt,10-20 km,871e15b4affffff,4,wkd_day,PU
VIE,Bolt,20-30 km,871e15b71ffffff,9,wked_night,DO
DXB,Bolt,30-40 km,8743a1205ffffff,5,wkd_night,DO
DXB,Bolt,10-20 km,8743a1369ffffff,1,wkd_evening,PU
ATH,Bolt Taxi,40-50 km,871eda752ffffff,26,wkd_morning,DO
NBO,Bolt Basic,10-20 km,877a6e556ffffff,7,wkd_day,DO
RUH,Bolt,20-30 km,875373685ffffff,4,wkd_night,DO
AMS,Bolt,20-30 km,871969525ffffff,3,wked_night,PU
BCN,Cabify,5-10 km,87394460effffff,1,wkd_late_evening,PU
DOH,TaxiF Eco+,10-20 km,87536bc19ffffff,2,wkd_night,DO
NCE,Bolt,10-20 km,873969a10ffffff,1,wkd_evening,DO
SXB,Bolt,10-20 km,871f856acffffff,2,wkd_morning,PU
VIE,Bolt,10-20 km,871e15b71ffffff,3,wkd_late_evening,DO
JED,Bolt,10-20 km,8753a9ce6ffffff,4,wkd_night,DO
HEL,Bolt,10-20 km,871126d01ffffff,1,wked_night,DO
LIS,Bolt,0-5 km,873933666ffffff,2,wkd_morning,DO
CDG,Bolt,30-40 km,871fb4644ffffff,3,wkd_morning,DO
GDN,Bolt,10-20 km,871f7259dffffff,1,wkd_evening,PU
VNO,Bolt,0-5 km,871f40309ffffff,1,wkd_late_evening,PU
HEL,Bolt,10-20 km,871126d0cffffff,1,wkd_night,DO
PLZ,BoltEco,10-20 km,87bc73baeffffff,1,wked_morning,PU
ZRH,Bolt,10-20 km,871f8ed95ffffff,12,wked_morning,PU
BRS,Bolt,10-20 km,871958392ffffff,4,wkd_day,DO
LHR,Bolt,5-10 km,87195d36effffff,1,wked_night,DO
DUS,Bolt,10-20 km,871fa52a5ffffff,2,wked_day,PU
FRA,Bolt,10-20 km,871faeaa9ffffff,16,wked_day,DO
HEL,Bolt,10-20 km,871126d22ffffff,1,wrek_evening,DO
MUC,Bolt,40-50 km,871f8d44affffff,5,wked_day,PU
GDN,Bolt,10-20 km,871f09b20ffffff,8,wrek_evening,PU
WAW,Bolt,5-10 km,871f52261ffffff,80,wkd_late_evening,DO
AMS,Bolt,0-5 km,8719695acffffff,2,wkd_morning,DO
BCN,Cabify,10-20 km,87394460affffff,4,wked_night,PU
BEY,Bolt,30-40 km,872da279dffffff,4,wkd_evening,PU
BER,Bolt,20-30 km,871f1d4d4ffffff,1,wrek_late_evening,PU
BER,Bolt,20-30 km,871f1d48bffffff,11,wked_morning,DO
FRA,Bolt,10-20 km,871faeaa9ffffff,11,wkd_evening,DO
HEL,Bolt,20-30 km,87089969bffffff,4,wkd_morning,PU
KRK,Bolt,10-20 km,871e2e6b2ffffff,3,wkd_morning,DO
LIS,Bolt,5-10 km,87393362dffffff,19,wkd_evening,DO
MMX,Bolt,20-30 km,871f05b80ffffff,4,wked_morning,PU
NTE,Bolt,10-20 km,87184585effffff,6,wked_morning,DO
NCE,Bolt,30-40 km,873969b90ffffff,3,wkd_morning,DO
NCE,Bolt,10-20 km,873969aa1ffffff,2,wkd_night,DO
RTM,Bolt,10-20 km,87196bb54ffffff,3,wkd_late_evening,PU
VIE,Bolt,20-30 km,871e15b46ffffff,1,wrek_evening,PU
RUH,Bolt,50-60 km,875355d8cffffff,3,wkd_evening,DO
RUH,Bolt,40-50 km,875355d35ffffff,4,wked_day,PU
JED,Bolt,5-10 km,8753a9cdbffffff,4,wkd_late_evening,DO
JED,Bolt,10-20 km,8753a952effffff,3,wkd_day,DO
JED,Bolt,5-10 km,8753a9cd6ffffff,1,wked_morning,DO
BEY,Bolt,10-20 km,872da24ebffffff,2,wkd_late_evening,DO
DOH,TaxiF Eco+,20-30 km,87536bc05ffffff,1,wked_night,DO
HEL,Bolt,10-20 km,871126d31ffffff,3,wked_morning,DO
NTE,Bolt,10-20 km,871845b33ffffff,2,wkd_late_evening,DO
NTE,Bolt,5-10 km,87184584bffffff,3,wked_day,PU
POZ,Bolt,5-10 km,871e24aa5ffffff,4,wkd_morning,DO
SXB,Bolt,10-20 km,871f8561effffff,2,wkd_late_evening,DO
DXB,Bolt,40-50 km,8743a1370ffffff,1,wked_morning,PU
NBO,Bolt Basic,0-5 km,877a6e51affffff,1,wkd_morning,DO
AMS,Bolt,5-10 km,8719695adffffff,4,wkd_night,PU
BOD,Bolt,0-5 km,87186b6daffffff,2,wkd_morning,DO
CGN,Bolt,20-30 km,871fa1819ffffff,2,wkd_evening,DO
CGN,Bolt,40-50 km,871fa1925ffffff,1,wkd_evening,PU
DUS,Bolt,10-20 km,871fa52b0ffffff,2,wkd_morning,PU
TLS,Bolt,10-20 km,8739601acffffff,1,wkd_day,DO
VNO,Bolt,20-30 km,871f40ac3ffffff,3,wkd_morning,PU
LIS,Bolt,10-20 km,873933629ffffff,1,wked_morning,PU
AGP,Cabify,0-5 km,8739195b1ffffff,1,wked_morning,DO
BHX,Bolt,0-5 km,87195c331ffffff,3,wkd_day,DO
BEY,Bolt,5-10 km,872da24eeffffff,5,wked_night,DO
OSL,Bolt,40-50 km,870999386ffffff,15,wkd_night,PU
DXB,Bolt,0-5 km,8743a1303ffffff,1,wked_night,DO
BER,Bolt,20-30 km,871f1d488ffffff,4,wkd_day,PU
BOD,Bolt,5-10 km,87184dd70ffffff,2,wkd_day,DO
BOD,Bolt,20-30 km,87186b6cbffffff,5,wkd_day,PU
OTP,Bolt,10-20 km,871eec792ffffff,3,wkd_day,PU
CPH,Bolt,10-20 km,871f05830ffffff,5,wkd_morning,DO
CPH,Bolt,10-20 km,871f05988ffffff,4,wkd_night,DO
CPH,Bolt,10-20 km,871f05833ffffff,2,wkd_night,PU
DUS,Bolt,10-20 km,871fa5769ffffff,2,wkd_night,DO
GOT,Bolt,20-30 km,871f25a82ffffff,4,wkd_night,DO
KRK,Bolt,30-40 km,871e2e68effffff,6,wkd_evening,DO
MAD,Cabify,20-30 km,87390cb1bffffff,8,wkd_morning,PU
MPL,Bolt,5-10 km,87396c598ffffff,2,wkd_morning,PU
MPL,Bolt,5-10 km,87396c59affffff,9,wkd_morning,DO
NTE,Bolt,10-20 km,871845848ffffff,5,wkd_day,DO
NCE,Bolt,20-30 km,873969ab2ffffff,7,wkd_morning,DO
NCE,Bolt,10-20 km,873969a81ffffff,2,wkd_evening,PU
CDG,Bolt,30-40 km,871fb0962ffffff,11,wkd_morning,PU
PRG,Bolt,0-5 km,871e35418ffffff,1,wkd_late_evening,PU
VLC,Cabify,10-20 km,8739540b1ffffff,2,wkd_day,DO
VLC,Cabify,10-20 km,8739540a9ffffff,1,wrek_evening,PU
VLC,Cabify,10-20 km,8739540aeffffff,2,wked_day,DO
VIE,Bolt,10-20 km,871e15b71ffffff,3,wkd_night,DO
VIE,Bolt,10-20 km,871e15b45ffffff,9,wkd_day,PU
DXB,Bolt,10-20 km,8743a1368ffffff,6,wkd_morning,DO
JNB,BoltEco,20-30 km,87bcc3cd3ffffff,17,wkd_evening,DO
ATH,Bolt Taxi,30-40 km,871eda75dffffff,19,wkd_night,DO
JED,Bolt,10-20 km,8753a9529ffffff,9,wkd_night,DO
ABV,Bolt,40-50 km,8758f468bffffff,5,wkd_night,DO
AMS,Bolt,50-60 km,87196909cffffff,1,wkd_night,PU
AMS,Bolt,0-5 km,8719695aeffffff,2,wked_day,PU
OTP,Bolt,20-30 km,871eec6a2ffffff,2,wkd_night,DO
FRA,Bolt,20-30 km,871faeac2ffffff,2,wkd_late_evening,DO
SXB,Bolt,10-20 km,871f85613ffffff,3,wkd_evening,DO
RUH,Bolt,20-30 km,8753736b3ffffff,3,wked_morning,DO
AMS,Bolt,10-20 km,8719695a2ffffff,2,wkd_morning,DO
MRS,Bolt,0-5 km,87396802affffff,1,wkd_late_evening,PU
NTE,Bolt,5-10 km,87184585effffff,2,wked_day,DO
SVQ,Cabify,0-5 km,87391c708ffffff,1,wrek_late_evening,PU
VIE,Bolt,0-5 km,871e15b44ffffff,1,wkd_night,DO
ATH,Bolt Taxi,50-60 km,871eda75dffffff,1,wkd_late_evening,PU
ATH,Bolt Taxi,50-60 km,871eda743ffffff,1,wrek_evening,DO
KRK,Bolt,10-20 km,871e2e686ffffff,1,wkd_night,DO
PRG,Bolt,20-30 km,871e35418ffffff,1,wkd_late_evening,PU
BRS,Bolt,10-20 km,8719580c9ffffff,3,wkd_day,PU
ZRH,Bolt,5-10 km,871f8ed95ffffff,1,wrek_evening,PU
ZRH,Bolt,10-20 km,871f83aebffffff,2,wkd_day,DO
BRS,Bolt,10-20 km,871958761ffffff,2,wked_day,PU
LHR,Bolt,10-20 km,87194ac16ffffff,2,wkd_morning,PU
BOD,Bolt,5-10 km,87186b6d9ffffff,4,wked_morning,DO
LIS,Bolt,5-10 km,873933676ffffff,4,wked_day,DO
NTE,Bolt,10-20 km,87184585effffff,4,wrek_evening,PU
ATH,Bolt Taxi,30-40 km,871eda743ffffff,28,wkd_late_evening,PU
NBO,Bolt Basic,10-20 km,877a6e428ffffff,6,wked_night,DO
ABV,Bolt,40-50 km,8758f4688ffffff,4,wked_day,DO
FAO,Bolt,10-20 km,873911414ffffff,6,wkd_night,DO
BOD,Bolt,10-20 km,87184dd65ffffff,3,wkd_late_evening,PU
BOD,Bolt,10-20 km,87186b6c3ffffff,4,wkd_day,DO
CPH,Bolt,30-40 km,871f05824ffffff,2,wkd_morning,DO
DOH,TaxiF Eco+,10-20 km,87536bc18ffffff,12,wkd_late_evening,DO
DOH,TaxiF Eco+,20-30 km,87536bc23ffffff,6,wkd_day,DO
DUS,Bolt,0-5 km,871fa52b2ffffff,1,wkd_late_evening,DO
FRA,Bolt,10-20 km,871faeaacffffff,2,wkd_night,PU
FRA,Bolt,10-20 km,871faeaa8ffffff,7,wkd_late_evening,PU
KRK,Bolt,10-20 km,871e2e6b1ffffff,6,wked_night,DO
LIL,Bolt,10-20 km,87194d298ffffff,5,wkd_day,PU
LIS,Bolt,10-20 km,873933752ffffff,3,wkd_late_evening,PU
LIS,Bolt,10-20 km,873933605ffffff,2,wked_day,PU
LYS,Bolt,20-30 km,871f902ceffffff,3,wkd_day,PU
LYS,Bolt,10-20 km,871f9025cffffff,3,wked_day,DO
MAD,Cabify,0-5 km,87390cb53ffffff,16,wkd_late_evening,PU
MPL,Bolt,10-20 km,87396e968ffffff,3,wrek_late_evening,DO
NCE,Bolt,10-20 km,873969a2affffff,2,wkd_late_evening,PU
NCE,Bolt,5-10 km,873969a10ffffff,4,wkd_late_evening,PU
OSL,Bolt,10-20 km,870999382ffffff,1,wkd_morning,DO
OSL,Bolt,30-40 km,870999285ffffff,2,wkd_day,DO
OSL,Bolt,40-50 km,870999393ffffff,3,wked_day,DO
ORY,Bolt,10-20 km,871fb4644ffffff,4,wkd_night,PU
RTM,Bolt,10-20 km,87196bb5cffffff,4,wkd_late_evening,DO
SVQ,Cabify,20-30 km,87391c70affffff,2,wkd_night,PU
SVQ,Cabify,20-30 km,87391c0d1ffffff,1,wkd_night,PU
ARN,Bolt,40-50 km,870886618ffffff,3,wkd_evening,DO
ARN,Bolt,50-60 km,870886684ffffff,4,wkd_evening,PU
TLS,Bolt,0-5 km,8739601aaffffff,1,wkd_day,PU
GDN,Bolt,10-20 km,871f09b24ffffff,3,wkd_morning,PU
VIE,Bolt,60-70 km,871e0299affffff,7,wkd_day,PU
DXB,Bolt,20-30 km,8743a136bffffff,2,wkd_day,PU
DWC,Bolt,50-60 km,8743a1368ffffff,3,wkd_night,PU
DUR,BoltEco,10-20 km,87bcf59b2ffffff,3,wkd_morning,DO
ATH,Bolt Taxi,30-40 km,871eda74effffff,10,wkd_evening,DO
ATH,Bolt Taxi,30-40 km,871eda74cffffff,1,wked_night,DO
JED,Bolt,5-10 km,8753a9cd9ffffff,4,wkd_day,DO
CGN,Bolt,20-30 km,871fa1999ffffff,1,wked_morning,PU
LYS,Bolt,0-5 km,871f9024bffffff,1,wkd_morning,DO
PRG,Bolt,0-5 km,871e3541effffff,1,wked_day,PU
VNO,Bolt,5-10 km,871f40309ffffff,3,wrek_late_evening,PU
BCN,Cabify,5-10 km,87394460effffff,2,wkd_evening,DO
BOD,Bolt,60-70 km,87184d536ffffff,2,wkd_late_evening,DO
KRK,Bolt,0-5 km,871e2e6b1ffffff,1,wkd_day,PU
ORY,Bolt,10-20 km,871fb4666ffffff,1,wked_morning,PU
PRG,Bolt,10-20 km,871e3541affffff,3,wkd_morning,PU
DXB,Bolt,20-30 km,8743a134effffff,1,wkd_morning,DO
DUR,BoltEco,40-50 km,87bcf5900ffffff,2,wkd_day,PU
ABV,Bolt,10-20 km,8758f46b3ffffff,1,wkd_night,DO
BCN,Cabify,0-5 km,87394461dffffff,1,wked_morning,PU
TSR,Bolt,10-20 km,871e19299ffffff,1,wked_night,PU
DXB,Bolt,5-10 km,8743a1369ffffff,1,wkd_day,PU
DUR,BoltEco,40-50 km,87bc1b663ffffff,2,wkd_day,DO
ZRH,Bolt,10-20 km,871f8ed94ffffff,7,wked_morning,PU
EDI,Bolt,10-20 km,871972768ffffff,2,wkd_evening,PU
ZRH,Bolt,10-20 km,871f8ed94ffffff,4,wkd_late_evening,DO
LGW,Bolt,40-50 km,87195d276ffffff,1,wked_day,DO
BEY,Bolt,20-30 km,872da2794ffffff,3,wked_morning,DO
GOT,Bolt,20-30 km,871f25069ffffff,3,wrek_evening,PU
LIS,Bolt,5-10 km,87393360dffffff,9,wked_day,DO
NCE,Bolt,5-10 km,873969a02ffffff,4,wked_day,PU
ORY,Bolt,10-20 km,871fb4644ffffff,7,wked_day,DO
FAO,Bolt,30-40 km,87391020dffffff,3,wkd_night,DO
AMS,Bolt,20-30 km,871969c99ffffff,5,wked_day,DO
BEY,Bolt,10-20 km,872da24d8ffffff,2,wkd_morning,DO
BER,Bolt,20-30 km,871f1d489ffffff,41,wkd_late_evening,PU
BOD,Bolt,10-20 km,87184d990ffffff,1,wkd_morning,DO
BOD,Bolt,10-20 km,87186b6dcffffff,4,wked_day,DO
CPH,Bolt,20-30 km,871f05980ffffff,4,wkd_day,PU
DOH,TaxiF Eco+,5-10 km,87536bc05ffffff,2,wkd_evening,DO
DOH,TaxiF Eco+,10-20 km,87536bc18ffffff,8,wked_morning,DO
HEL,Bolt,0-5 km,8708996daffffff,2,wrek_late_evening,PU
MMX,Bolt,20-30 km,871f05b84ffffff,5,wkd_night,DO
MMX,Bolt,20-30 km,871f05b85ffffff,4,wkd_day,DO
NTE,Bolt,10-20 km,871845841ffffff,4,wkd_evening,PU
OSL,Bolt,50-60 km,870999312ffffff,4,wkd_evening,PU
CDG,Bolt,40-50 km,871fb4670ffffff,17,wkd_evening,PU
RTM,Bolt,10-20 km,87196bb89ffffff,7,wkd_evening,PU
SVQ,Cabify,40-50 km,87391c708ffffff,1,wrek_evening,DO
TLS,Bolt,5-10 km,873960c4affffff,4,wkd_day,DO
WRO,Bolt,10-20 km,871e20408ffffff,4,wked_morning,DO
AMS,Bolt,5-10 km,871969514ffffff,2,wkd_evening,PU
BOD,Bolt,10-20 km,87184dd60ffffff,5,wkd_late_evening,PU
DUS,Bolt,20-30 km,871fa5311ffffff,3,wkd_night,DO
NCE,Bolt,5-10 km,873969a09ffffff,1,wrek_evening,PU
TSR,Bolt,0-5 km,871e192f6ffffff,7,wkd_day,DO
GDN,Bolt,10-20 km,871f09866ffffff,1,wkd_evening,DO
VLC,Cabify,5-10 km,873954090ffffff,1,wkd_night,DO
PLZ,BoltEco,10-20 km,87bc73b16ffffff,2,wkd_day,DO
JED,Bolt,10-20 km,8753a9cd6ffffff,2,wked_morning,DO
FAO,Bolt,20-30 km,87391025effffff,2,wrek_evening,PU
BOD,Bolt,5-10 km,87186b6dcffffff,1,wkd_morning,DO
HEL,Bolt,40-50 km,8708997b3ffffff,3,wkd_late_evening,PU
KRK,Bolt,10-20 km,871e05b4dffffff,2,wkd_morning,DO
AGP,Bolt,0-5 km,8739195b1ffffff,2,wkd_night,DO
DOH,TaxiF Eco+,5-10 km,87536bce4ffffff,1,wkd_day,DO
VLC,Cabify,5-10 km,8739540adffffff,1,wkd_night,PU
ZRH,Bolt,5-10 km,871f8ed81ffffff,4,wkd_day,DO
ARN,Bolt,20-30 km,870886664ffffff,4,wrek_late_evening,DO
AMS,Bolt,60-70 km,871969013ffffff,3,wkd_night,PU
BOD,Bolt,10-20 km,87186b6ceffffff,16,wkd_day,DO
CPH,Bolt,10-20 km,871f05831ffffff,55,wkd_morning,DO
CPH,Bolt,20-30 km,871f2364bffffff,1,wkd_late_evening,PU
DUS,Bolt,30-40 km,871fa192dffffff,5,wkd_evening,PU
HEL,Bolt,20-30 km,871126d18ffffff,3,wkd_night,PU
LIS,Bolt,5-10 km,87393362bffffff,18,wkd_late_evening,PU
AGP,Cabify,20-30 km,873919585ffffff,58,wkd_day,PU
AGP,Bolt,5-10 km,8739195b1ffffff,48,wkd_day,PU
AGP,Cabify,10-20 km,873919584ffffff,55,wkd_evening,PU
AGP,Cabify,10-20 km,873919584ffffff,37,wked_day,PU
NCE,Bolt,50-60 km,871f9a6d6ffffff,3,wkd_night,PU
NCE,Bolt,5-10 km,873969a0effffff,3,wrek_evening,PU
PRG,Bolt,5-10 km,871e354f4ffffff,1,wkd_night,DO
VIE,Bolt,20-30 km,871e15b63ffffff,4,wked_day,DO
VNO,Bolt,0-5 km,871f40308ffffff,7,wkd_day,DO
ATH,Bolt Taxi,30-40 km,871eda74effffff,4,wkd_late_evening,DO
JED,Bolt,5-10 km,8753a9cd9ffffff,6,wkd_night,DO
BCN,Cabify,40-50 km,87394429dffffff,3,wkd_day,PU
BER,Bolt,20-30 km,871f1d489ffffff,2,wkd_evening,PU
BOD,Bolt,10-20 km,87186b6ddffffff,3,wkd_morning,DO
DBV,Bolt,20-30 km,871e8db46ffffff,1,wkd_night,PU
HEL,Bolt,10-20 km,871126d19ffffff,2,wkd_day,PU
SXB,Bolt,5-10 km,871f856a5ffffff,1,wkd_evening,DO
TSR,Bolt,10-20 km,871e1929dffffff,4,wkd_day,DO
DUR,BoltEco,30-40 km,87bc1b661ffffff,1,wked_day,PU
AMS,Bolt,20-30 km,871969535ffffff,1,wked_morning,DO
LIS,Bolt,5-10 km,87393362bffffff,1,wrek_evening,PU
LIS,Bolt,5-10 km,87393375bffffff,1,wrek_late_evening,PU
MUC,Bolt,30-40 km,871f8d449ffffff,1,wked_night,DO
PRG,Bolt,5-10 km,871e35416ffffff,2,wrek_late_evening,PU
RTM,Bolt,5-10 km,87196ba25ffffff,5,wkd_morning,DO
WRO,Bolt,20-30 km,871e204e0ffffff,1,wkd_evening,DO
WRO,Bolt,0-5 km,871e2040dffffff,1,wkd_morning,DO
NBO,Bolt Basic,10-20 km,877a6e51affffff,2,wkd_night,DO
JED,Bolt,20-30 km,8753a955cffffff,1,wkd_morning,PU
SXB,Bolt,20-30 km,871f8569cffffff,1,wkd_late_evening,PU
VLC,Cabify,20-30 km,87395401bffffff,1,wkd_late_evening,PU
VNO,Bolt,10-20 km,871f40376ffffff,1,wkd_night,DO
DXB,Bolt,10-20 km,8743acd9dffffff,1,wkd_morning,PU
BHX,Bolt,10-20 km,87195c216ffffff,1,wkd_morning,DO
ZRH,Bolt,0-5 km,871f8eda2ffffff,2,wkd_evening,PU
BCN,Cabify,10-20 km,87394461dffffff,20,wked_night,DO
BCN,Cabify,10-20 km,87394460affffff,4,wkd_evening,PU
BOD,Bolt,20-30 km,87186b6c8ffffff,4,wkd_evening,DO
DOH,TaxiF Eco+,10-20 km,87536bc1bffffff,3,wrek_late_evening,DO
GOT,Bolt,60-70 km,8708b6885ffffff,1,wkd_day,DO
LIS,Bolt,10-20 km,87393362affffff,2,wkd_night,PU
AGP,Cabify,10-20 km,873919584ffffff,65,wkd_night,PU
AGP,Bolt,20-30 km,8739195aaffffff,74,wkd_day,DO
MRS,Bolt,20-30 km,873968bb5ffffff,2,wkd_night,PU
MRS,Bolt,5-10 km,8739688d4ffffff,4,wkd_morning,DO
OSL,Bolt,0-5 km,870999248ffffff,3,wkd_morning,DO
SVQ,Cabify,10-20 km,87391c708ffffff,50,wkd_day,PU
TLS,Bolt,5-10 km,8739601a8ffffff,5,wkd_morning,DO
TLS,Bolt,5-10 km,8739601a3ffffff,7,wkd_evening,PU
GDN,Bolt,10-20 km,871f09b24ffffff,2,wked_morning,PU
DXB,Bolt,5-10 km,8743acd9bffffff,3,wkd_night,PU
DUR,BoltEco,30-40 km,87bc1b644ffffff,13,wkd_day,PU
ATH,Bolt Taxi,30-40 km,871eda74effffff,18,wkd_day,DO
RUH,Bolt,30-40 km,875355d04ffffff,5,wkd_night,DO
JED,Bolt,5-10 km,8753a9cdbffffff,4,wked_night,DO
AMS,Bolt,10-20 km,871969523ffffff,4,wked_morning,DO
AMS,Bolt,10-20 km,87196951cffffff,2,wked_day,PU
BEY,Bolt,10-20 km,872da24eeffffff,2,wkd_night,DO
DUS,Bolt,10-20 km,871fa5395ffffff,2,wkd_morning,DO
KRK,Bolt,20-30 km,871e2e684ffffff,2,wkd_morning,DO
MLA,Bolt,20-30 km,873f30408ffffff,2,wkd_morning,DO
MUC,Bolt,30-40 km,871f8d734ffffff,3,wkd_late_evening,DO
CDG,Bolt,30-40 km,871fb4675ffffff,1,wkd_morning,DO
SXB,Bolt,20-30 km,871f85623ffffff,2,wkd_morning,DO
VLC,Cabify,10-20 km,87395401bffffff,1,wkd_late_evening,PU
DUR,BoltEco,10-20 km,87bcf5d2affffff,4,wkd_evening,PU
PLZ,BoltEco,0-5 km,87bc7385cffffff,1,wkd_morning,DO
FAO,Bolt,20-30 km,8739102edffffff,1,wked_morning,DO
BCN,Cabify,20-30 km,87394460effffff,1,wkd_day,DO
VIE,Bolt,10-20 km,871e15b40ffffff,1,wked_morning,PU
DBV,Bolt,20-30 km,871e8db42ffffff,1,wkd_morning,PU
ATH,Bolt Taxi,30-40 km,871eda752ffffff,1,wked_morning,DO
MAN,Bolt,20-30 km,8719424f0ffffff,2,wkd_evening,PU
ZRH,Bolt,10-20 km,871f8edb3ffffff,2,wkd_evening,PU
FAO,Bolt,0-5 km,873911595ffffff,3,wrek_late_evening,DO
BEY,Bolt,10-20 km,872da24c3ffffff,2,wked_morning,DO
KRK,Bolt,5-10 km,871e2e6b4ffffff,3,wkd_late_evening,PU
OSL,Bolt,40-50 km,870999386ffffff,3,wked_morning,PU
GDN,Bolt,0-5 km,871f72499ffffff,2,wrek_late_evening,PU
ATH,Bolt Taxi,50-60 km,871eda752ffffff,8,wrek_evening,PU
AMS,Bolt,20-30 km,871969526ffffff,3,wked_day,PU
BCN,Cabify,10-20 km,873944601ffffff,8,wkd_late_evening,DO
BCN,Cabify,20-30 km,873944608ffffff,3,wked_morning,DO
OTP,Bolt,10-20 km,871eeeb4dffffff,3,wkd_morning,DO
CPH,Bolt,10-20 km,871f05833ffffff,7,wkd_evening,PU
CPH,Bolt,30-40 km,871f05d64ffffff,2,wkd_night,DO
CPH,Bolt,5-10 km,871f05802ffffff,4,wkd_late_evening,DO
DOH,TaxiF Eco+,10-20 km,87536bc03ffffff,9,wked_day,DO
DUS,Bolt,0-5 km,871fa5399ffffff,5,wkd_late_evening,DO
FRA,Bolt,20-30 km,871fae041ffffff,3,wkd_day,DO
KRK,Bolt,0-5 km,871e2e6b1ffffff,3,wrek_evening,PU
LIS,Bolt,0-5 km,873933759ffffff,8,wkd_late_evening,PU
MRS,Bolt,30-40 km,87396885cffffff,3,wkd_late_evening,DO
MUC,Bolt,40-50 km,871f8d71effffff,8,wkd_day,DO
MUC,Bolt,40-50 km,871f8d7a4ffffff,3,wrek_late_evening,PU
NCE,Bolt,30-40 km,873969ab2ffffff,1,wkd_day,DO
OSL,Bolt,40-50 km,8709992a4ffffff,4,wkd_late_evening,DO
CDG,Bolt,10-20 km,871fb422effffff,4,wkd_night,PU
CDG,Bolt,40-50 km,871fb4670ffffff,9,wkd_night,PU
PRG,Bolt,20-30 km,871e3541affffff,12,wkd_evening,PU
ARN,Bolt,40-50 km,870886603ffffff,8,wkd_day,DO
ARN,Bolt,30-40 km,870886671ffffff,2,wrek_evening,PU
TLS,Bolt,10-20 km,8739601aeffffff,2,wkd_night,DO
TLS,Bolt,30-40 km,87396054effffff,5,wkd_morning,PU
GDN,Bolt,10-20 km,871f7249bffffff,5,wkd_morning,DO
VLC,Cabify,5-10 km,873954013ffffff,3,wkd_evening,DO
DXB,Bolt,20-30 km,8743a1369ffffff,2,wkd_late_evening,PU
JED,Bolt,5-10 km,8753a9cf5ffffff,3,wkd_evening,DO
JED,Bolt,20-30 km,8753a955dffffff,6,wkd_night,DO
JED,Bolt,10-20 km,8753a9572ffffff,1,wked_day,DO
BCN,Cabify,30-40 km,873944746ffffff,3,wkd_day,PU
BER,Bolt,10-20 km,871f18b25ffffff,1,wked_night,DO
DBV,Bolt,20-30 km,871e8db43ffffff,11,wked_day,PU
HEL,Bolt,10-20 km,8708996d0ffffff,1,wkd_morning,DO
MAD,Cabify,30-40 km,87390ca84ffffff,14,wkd_day,PU
MMX,Bolt,30-40 km,871f05bb1ffffff,3,wkd_morning,DO
PRG,Bolt,10-20 km,871e35411ffffff,3,wkd_late_evening,DO
GDN,Bolt,10-20 km,871f724a4ffffff,2,wkd_night,PU
VIE,Bolt,10-20 km,871e15b43ffffff,2,wkd_night,DO
VNO,Bolt,20-30 km,871f40ad3ffffff,1,wkd_day,DO
DUR,BoltEco,20-30 km,87bcf5d1cffffff,1,wkd_morning,DO
DUR,BoltEco,10-20 km,87bcf5d1cffffff,2,wkd_day,PU
PLZ,BoltEco,0-5 km,87bc73859ffffff,5,wkd_night,DO
RUH,Bolt,0-5 km,8753736acffffff,1,wkd_night,DO
SVQ,Cabify,0-5 km,87391c708ffffff,2,wked_night,PU
GDN,Bolt,30-40 km,871f72416ffffff,1,wked_night,PU
DXB,Bolt,20-30 km,8743a1369ffffff,1,wkd_day,PU
CGN,Bolt,30-40 km,871fa1984ffffff,1,wkd_day,DO
OSL,Bolt,50-60 km,8709993a5ffffff,1,wkd_day,DO
PRG,Bolt,0-5 km,871e354ecffffff,1,wkd_morning,DO
ZRH,Bolt,40-50 km,871f83b52ffffff,4,wked_morning,DO
ZRH,Bolt,10-20 km,871f8ed90ffffff,6,wkd_night,DO
MAN,Bolt,10-20 km,871951b74ffffff,2,wked_morning,DO
ZRH,Bolt,10-20 km,871f8ed9cffffff,8,wkd_late_evening,PU
ZRH,Bolt,20-30 km,871f8ec22ffffff,3,wkd_late_evening,DO
LCY,Bolt,0-5 km,87194e69bffffff,2,wked_night,DO
BHX,Bolt,10-20 km,87195c3a6ffffff,2,wkd_morning,PU
BCN,Cabify,10-20 km,873944602ffffff,4,wrek_evening,DO
BER,Bolt,20-30 km,871f1d4d6ffffff,4,wrek_evening,DO
OTP,Bolt,10-20 km,871eeeb6affffff,4,wked_day,PU
DUS,Bolt,5-10 km,871fa52b5ffffff,6,wked_day,DO
LIS,Bolt,5-10 km,873933676ffffff,4,wked_day,PU
TLS,Bolt,5-10 km,8739601aeffffff,12,wked_day,DO
VIE,Bolt,10-20 km,871e15b44ffffff,17,wrek_late_evening,PU
VIE,Bolt,20-30 km,871e15a04ffffff,2,wkd_night,PU
AMS,Bolt,5-10 km,871969585ffffff,2,wkd_morning,DO
AMS,Bolt,10-20 km,871968249ffffff,2,wkd_morning,DO
AMS,Bolt,10-20 km,871969534ffffff,1,wked_day,PU
BCN,Cabify,5-10 km,8739446acffffff,5,wkd_night,DO
BCN,Cabify,10-20 km,873944608ffffff,2,wrek_evening,DO
BEY,Bolt,60-70 km,872db1ae5ffffff,1,wkd_day,PU
BEY,Bolt,5-10 km,872da24e1ffffff,4,wrek_late_evening,DO
OTP,Bolt,10-20 km,871eeeb45ffffff,6,wkd_morning,DO
CPH,Bolt,5-10 km,871f05833ffffff,1,wrek_evening,PU
FRA,Bolt,30-40 km,871fae8daffffff,3,wkd_day,PU
KRK,Bolt,20-30 km,871e2e6b1ffffff,15,wkd_evening,DO
LIS,Bolt,20-30 km,87393370effffff,4,wkd_night,DO
LIS,Bolt,0-5 km,873933666ffffff,6,wrek_late_evening,PU
MRS,Bolt,30-40 km,87396891bffffff,3,wkd_day,PU
NTE,Bolt,10-20 km,87184584effffff,7,wkd_late_evening,DO
NCE,Bolt,5-10 km,873969a0cffffff,13,wkd_morning,DO
NCE,Bolt,10-20 km,873969a20ffffff,4,wkd_day,PU
NCE,Bolt,30-40 km,87396914cffffff,3,wkd_night,DO
NCE,Bolt,5-10 km,873969a0effffff,5,wked_day,PU
NCE,Bolt,5-10 km,873969a08ffffff,6,wrek_late_evening,PU
OSL,Bolt,50-60 km,870999760ffffff,4,wkd_day,DO
PRG,Bolt,10-20 km,871e35411ffffff,15,wkd_morning,DO
SVQ,Cabify,5-10 km,87391c70bffffff,3,wkd_day,PU
SVQ,Cabify,10-20 km,87391c70dffffff,2,wkd_night,DO
VIE,Bolt,20-30 km,871e15b73ffffff,40,wkd_day,DO
VIE,Bolt,20-30 km,871e15b50ffffff,3,wkd_late_evening,DO
WRO,Bolt,20-30 km,871e2055bffffff,2,wkd_night,DO
DXB,Bolt,10-20 km,8743a136dffffff,4,wked_morning,DO
DXB,Bolt,10-20 km,8743a136affffff,3,wrek_evening,PU
ATH,Bolt Taxi,30-40 km,871eda75effffff,4,wkd_night,DO
NBO,Bolt Basic,10-20 km,877a6e55effffff,5,wkd_late_evening,DO
HEL,Bolt,10-20 km,871126d1cffffff,1,wkd_day,DO
CDG,Bolt,30-40 km,871fb0962ffffff,3,wkd_late_evening,DO
PRG,Bolt,30-40 km,871e354f4ffffff,1,wkd_morning,DO
KTW,Bolt,40-50 km,871e232dcffffff,12,wkd_evening,DO
VLC,Cabify,10-20 km,87395418bffffff,1,wkd_night,PU
VNO,Bolt,0-5 km,871f40331ffffff,1,wkd_night,PU
JED,Bolt,20-30 km,8753a9554ffffff,4,wkd_morning,PU
OTP,Bolt,5-10 km,871eec792ffffff,1,wkd_day,PU
KRK,Bolt,5-10 km,871e05b6dffffff,1,wked_night,DO
PRG,Bolt,0-5 km,871e35411ffffff,1,wrek_late_evening,PU
FAO,Bolt,40-50 km,87391020affffff,1,wrek_late_evening,PU
BER,Bolt,30-40 km,871f1d488ffffff,1,wkd_morning,PU
DBV,Bolt,30-40 km,871ef2c20ffffff,1,wked_day,PU
AGP,Bolt,5-10 km,8739195b1ffffff,6,wkd_night,DO
ARN,Bolt,0-5 km,87088660effffff,1,wkd_evening,DO
ZRH,Bolt,20-30 km,871f83368ffffff,4,wkd_morning,DO
BRS,Bolt,20-30 km,871958230ffffff,3,wked_day,DO
BCN,Cabify,20-30 km,873944608ffffff,4,wrek_evening,DO
AGP,Bolt,20-30 km,8739195aaffffff,27,wked_night,DO
MUC,Bolt,30-40 km,871f8d448ffffff,6,wked_day,PU
NCE,Bolt,0-5 km,873969a03ffffff,2,wked_morning,DO
NCE,Bolt,30-40 km,873969143ffffff,4,wked_day,DO
VIE,Bolt,20-30 km,871e15b68ffffff,3,wked_day,DO
RUH,Bolt,20-30 km,87537361effffff,4,wkd_evening,PU
ABV,Bolt,20-30 km,8758f468bffffff,1,wked_night,DO
FAO,Bolt,0-5 km,873911580ffffff,8,wkd_night,DO
AMS,Bolt,5-10 km,8719695a3ffffff,6,wkd_day,PU
AMS,Bolt,5-10 km,8719695a1ffffff,9,wkd_morning,DO
BER,Bolt,20-30 km,871f1d4c3ffffff,4,wked_night,DO
BOD,Bolt,20-30 km,87186b6c8ffffff,7,wkd_late_evening,PU
OTP,Bolt,5-10 km,871eec45bffffff,7,wkd_late_evening,DO
CPH,Bolt,5-10 km,871f05831ffffff,10,wkd_morning,DO
DUS,Bolt,5-10 km,871fa52b0ffffff,3,wkd_late_evening,PU
FRA,Bolt,30-40 km,871fae154ffffff,7,wkd_late_evening,PU
GOT,Bolt,30-40 km,871f2504effffff,2,wkd_day,PU
HEL,Bolt,10-20 km,871126d33ffffff,7,wkd_morning,PU
LIS,Bolt,10-20 km,87393362bffffff,17,wkd_day,PU
MRS,Bolt,50-60 km,873968059ffffff,2,wkd_late_evening,PU
MUC,Bolt,30-40 km,871f8d44cffffff,5,wkd_evening,PU
NCE,Bolt,10-20 km,873969a08ffffff,4,wkd_morning,DO
ARN,Bolt,30-40 km,87088661dffffff,4,wkd_late_evening,PU
WRO,Bolt,10-20 km,871e20408ffffff,3,wrek_late_evening,PU
NBO,Bolt Basic,20-30 km,877a6e541ffffff,4,wkd_night,DO
NBO,Bolt Basic,20-30 km,877a6e55bffffff,2,wked_night,DO
JED,Bolt,10-20 km,8753a9cd0ffffff,4,wkd_night,DO
BCN,Cabify,30-40 km,87394472effffff,2,wkd_morning,DO
DUS,Bolt,10-20 km,871fa50e9ffffff,2,wkd_night,PU
NCE,Bolt,30-40 km,873969a41ffffff,2,wkd_night,PU
PRG,Bolt,5-10 km,871e35418ffffff,1,wkd_evening,PU
ARN,Bolt,50-60 km,870886614ffffff,1,wkd_late_evening,PU
DOH,TaxiF Eco+,20-30 km,87536bc20ffffff,3,wkd_day,DO
NCE,Bolt,10-20 km,873969a0cffffff,2,wked_morning,DO
VIE,Bolt,20-30 km,871e15b44ffffff,1,wkd_morning,PU
VIE,Bolt,60-70 km,871e02993ffffff,1,wked_day,PU
DXB,Bolt,40-50 km,8743a136dffffff,1,wkd_night,PU
ATH,Bolt Taxi,20-30 km,871eda2b6ffffff,1,wkd_night,DO
MMX,Bolt,5-10 km,871f05b2bffffff,1,wkd_night,PU
GDN,Bolt,20-30 km,871f09b24ffffff,1,wkd_day,DO
VLC,Cabify,10-20 km,87395401affffff,1,wrek_late_evening,PU
JED,Bolt,10-20 km,8753a9570ffffff,1,wked_day,DO
BHX,Bolt,0-5 km,87195c332ffffff,3,wked_day,DO
ZRH,Bolt,10-20 km,871f8ed83ffffff,2,wkd_morning,DO
ZRH,Bolt,0-5 km,871f8edb2ffffff,1,wkd_day,PU
BCN,Cabify,10-20 km,873944601ffffff,16,wked_day,PU
BOD,Bolt,10-20 km,87186b6ceffffff,4,wkd_late_evening,DO
FRA,Bolt,10-20 km,871faeaa9ffffff,9,wked_day,PU
VNO,Bolt,10-20 km,871f4030cffffff,3,wkd_night,PU
DXB,Bolt,5-10 km,8743accb0ffffff,6,wked_morning,DO
AMS,Bolt,10-20 km,871968241ffffff,4,wkd_late_evening,DO
AMS,Bolt,10-20 km,871969531ffffff,3,wked_night,DO
BOD,Bolt,10-20 km,87186b6c1ffffff,5,wkd_evening,DO
OTP,Bolt,10-20 km,871eeeb6affffff,1,wkd_late_evening,PU
CPH,Bolt,30-40 km,871f236ebffffff,1,wkd_night,PU
DOH,TaxiF Eco+,0-5 km,87536bce0ffffff,3,wked_morning,DO
FRA,Bolt,5-10 km,871faea81ffffff,4,wkd_morning,DO
FRA,Bolt,10-20 km,871faeaaeffffff,3,wked_morning,DO
GOT,Bolt,20-30 km,871f25069ffffff,9,wkd_day,DO
LYS,Bolt,20-30 km,871f90209ffffff,6,wkd_day,DO
MPL,Bolt,10-20 km,87396e96cffffff,4,wkd_morning,DO
NTE,Bolt,5-10 km,87184584affffff,3,wkd_day,PU
NCE,Bolt,10-20 km,873969a85ffffff,3,wkd_morning,DO
OSL,Bolt,40-50 km,870999395ffffff,2,wked_day,PU
ARN,Bolt,30-40 km,870880d9cffffff,1,wked_morning,DO
VNO,Bolt,5-10 km,871f4030cffffff,21,wkd_night,DO
DXB,Bolt,30-40 km,8743a130cffffff,4,wkd_morning,PU
JNB,BoltEco,30-40 km,87bcc350effffff,2,wked_day,DO
JED,Bolt,0-5 km,8753a9cf5ffffff,1,wkd_evening,DO
FAO,Bolt,5-10 km,87391158effffff,2,wkd_day,PU
AMS,Bolt,0-5 km,871968269ffffff,1,wkd_morning,DO
BOD,Bolt,5-10 km,87186b6dcffffff,3,wkd_late_evening,DO
LIS,Bolt,20-30 km,87393361cffffff,3,wkd_late_evening,PU
OSL,Bolt,30-40 km,870999280ffffff,2,wkd_night,PU
ORY,Bolt,10-20 km,871fb4674ffffff,2,wkd_evening,PU
SXB,Bolt,10-20 km,871f85600ffffff,2,wrek_late_evening,DO
SXB,Bolt,5-10 km,871f85613ffffff,3,wked_day,DO
TLS,Bolt,20-30 km,873960185ffffff,1,wkd_day,PU
TLS,Bolt,5-10 km,8739601b1ffffff,1,wkd_morning,DO
HEL,Bolt,20-30 km,871126d15ffffff,1,wkd_day,PU
SVQ,Cabify,20-30 km,87391c70effffff,1,wkd_evening,PU
ARN,Bolt,5-10 km,870886215ffffff,2,wked_day,DO
DXB,Bolt,5-10 km,8743acca1ffffff,1,wkd_night,PU
OTP,Bolt,20-30 km,871eeeb4cffffff,1,wrek_late_evening,PU
KRK,Bolt,5-10 km,871e2e6b1ffffff,1,wkd_morning,PU
LYS,Bolt,0-5 km,871f90209ffffff,1,wkd_evening,PU
ZRH,Bolt,0-5 km,871f8eda0ffffff,4,wked_morning,DO
LHR,Bolt,0-5 km,87195d371ffffff,1,wkd_morning,DO
BCN,Cabify,10-20 km,87394461cffffff,3,wked_day,DO
FRA,Bolt,5-10 km,871faeaaaffffff,3,wrek_late_evening,DO
KRK,Bolt,10-20 km,871e2e6b1ffffff,12,wked_day,PU
LIL,Bolt,10-20 km,87194d29affffff,3,wrek_late_evening,PU
OSL,Bolt,30-40 km,8709992a6ffffff,4,wked_morning,DO
ARN,Bolt,20-30 km,870886759ffffff,4,wked_night,DO
ATH,Bolt Taxi,40-50 km,871eda743ffffff,34,wked_day,DO
FAO,Bolt,30-40 km,873910209ffffff,5,wkd_night,DO
AMS,Bolt,10-20 km,871969503ffffff,3,wkd_night,DO
AMS,Bolt,30-40 km,871969c9bffffff,7,wkd_morning,DO
CGN,Bolt,20-30 km,871fa1c49ffffff,3,wkd_late_evening,DO
DUS,Bolt,10-20 km,871fa574dffffff,2,wkd_day,PU
FRA,Bolt,20-30 km,871faea06ffffff,4,wrek_late_evening,PU
HEL,Bolt,10-20 km,871126c25ffffff,5,wkd_morning,DO
LIL,Bolt,10-20 km,87194d293ffffff,3,wkd_day,PU
AGP,Bolt,10-20 km,8739195b1ffffff,46,wkd_day,DO
MRS,Bolt,20-30 km,8739688cbffffff,4,wkd_evening,PU
MRS,Bolt,20-30 km,873968151ffffff,3,wkd_day,PU
MRS,Bolt,30-40 km,87396891bffffff,4,wked_day,PU
NCE,Bolt,20-30 km,873969aa3ffffff,1,wkd_day,PU
ARN,Bolt,40-50 km,870886611ffffff,4,wkd_late_evening,DO
TLS,Bolt,10-20 km,8739601a8ffffff,7,wkd_late_evening,PU
VIE,Bolt,30-40 km,871e15a01ffffff,5,wked_morning,PU
VNO,Bolt,5-10 km,871f4030affffff,3,wkd_day,DO
WRO,Bolt,10-20 km,871e20452ffffff,4,wkd_evening,DO
DXB,Bolt,10-20 km,8743acd9bffffff,3,wkd_day,PU
ATH,Bolt Taxi,30-40 km,871eda74cffffff,9,wkd_day,DO
NBO,Bolt Basic,10-20 km,877a6e519ffffff,4,wkd_evening,DO
NBO,Bolt Basic,30-40 km,877a6e409ffffff,2,wkd_night,DO
JED,Bolt,20-30 km,8753a9cadffffff,2,wkd_night,DO
OTP,Bolt,10-20 km,871eec793ffffff,3,wkd_morning,DO
CPH,Bolt,20-30 km,871f05806ffffff,1,wkd_morning,PU
FRA,Bolt,20-30 km,871fae174ffffff,1,wkd_day,PU
HEL,Bolt,10-20 km,871126d15ffffff,5,wked_morning,DO
MPL,Bolt,10-20 km,87396c593ffffff,3,wkd_day,PU
NTE,Bolt,0-5 km,87184585bffffff,2,wkd_day,DO
PLZ,BoltEco,20-30 km,87bc73b11ffffff,2,wkd_day,DO
DUS,Bolt,10-20 km,871fa5311ffffff,1,wkd_morning,DO
NTE,Bolt,5-10 km,871845840ffffff,1,wkd_late_evening,PU
ABV,Bolt,0-5 km,8758f0c20ffffff,1,wkd_morning,DO
AMS,Bolt,0-5 km,871969c9dffffff,1,wkd_evening,PU
DBV,Bolt,10-20 km,871e8db4bffffff,1,wrek_evening,PU
TLS,Bolt,50-60 km,8739603a6ffffff,1,wkd_day,DO
VIE,Bolt,20-30 km,871e15b72ffffff,1,wkd_day,PU
RUH,Bolt,40-50 km,875355d02ffffff,1,wkd_night,DO
JED,Bolt,5-10 km,8753a9529ffffff,1,wked_day,DO
ZRH,Bolt,0-5 km,871f8eda0ffffff,3,wkd_day,DO
LHR,Bolt,20-30 km,87195da49ffffff,1,wkd_morning,PU
FAO,Bolt,40-50 km,873910228ffffff,4,wked_night,DO
FAO,Bolt,30-40 km,87391020affffff,1,wked_night,DO
AMS,Bolt,20-30 km,871969c9bffffff,8,wked_day,PU
DUS,Bolt,10-20 km,871fa5292ffffff,2,wked_morning,DO
FRA,Bolt,10-20 km,871faeaa9ffffff,4,wked_morning,PU
LYS,Bolt,20-30 km,871f90254ffffff,6,wrek_evening,DO
MRS,Bolt,20-30 km,873968876ffffff,4,wrek_evening,PU
MPL,Bolt,10-20 km,87396c590ffffff,6,wrek_late_evening,PU
CDG,Bolt,30-40 km,871fb4670ffffff,42,wked_morning,PU
AMS,Bolt,5-10 km,8719695a1ffffff,2,wkd_late_evening,PU
BER,Bolt,10-20 km,871f1d49affffff,1,wkd_day,DO
FRA,Bolt,5-10 km,871faeaa3ffffff,3,wkd_morning,PU
GOT,Bolt,20-30 km,871f25332ffffff,3,wked_morning,PU
HEL,Bolt,10-20 km,871126d33ffffff,11,wkd_evening,PU
HEL,Bolt,0-5 km,8708996daffffff,3,wkd_night,PU
KRK,Bolt,20-30 km,871e2e6b1ffffff,35,wkd_day,DO
NCE,Bolt,20-30 km,873969ab2ffffff,10,wkd_night,DO
NCE,Bolt,5-10 km,873969a2bffffff,4,wked_day,PU
PRG,Bolt,20-30 km,871e35419ffffff,6,wkd_night,DO
ARN,Bolt,50-60 km,8708829aaffffff,2,wkd_morning,DO
ARN,Bolt,40-50 km,8708866e4ffffff,7,wked_morning,DO
ARN,Bolt,40-50 km,870880d9dffffff,1,wkd_late_evening,PU
GDN,Bolt,10-20 km,871f72481ffffff,5,wkd_late_evening,PU
VIE,Bolt,20-30 km,871e15b73ffffff,8,wkd_evening,PU
VNO,Bolt,10-20 km,871f40376ffffff,3,wkd_night,PU
WRO,Bolt,10-20 km,871e2042bffffff,5,wrek_late_evening,PU
WRO,Bolt,5-10 km,871e20408ffffff,3,wked_day,PU
DXB,Bolt,30-40 km,8743a1224ffffff,3,wked_night,DO
DUR,BoltEco,10-20 km,87bc1b659ffffff,1,wkd_night,DO
DUR,BoltEco,30-40 km,87bc1b663ffffff,4,wkd_morning,PU
NBO,Bolt Basic,10-20 km,877a6e552ffffff,5,wkd_late_evening,DO
NBO,Bolt Basic,30-40 km,877a6e440ffffff,3,wked_night,DO
RUH,Bolt,30-40 km,875354b4effffff,4,wkd_morning,PU
BCN,Cabify,5-10 km,873944624ffffff,1,wkd_day,DO
DBV,Bolt,5-10 km,871e8db43ffffff,2,wkd_morning,DO
FRA,Bolt,20-30 km,871faea15ffffff,5,wkd_night,PU
GOT,Bolt,20-30 km,871f25a81ffffff,4,wkd_day,DO
NCE,Bolt,0-5 km,873969a1cffffff,1,wkd_day,PU
VIE,Bolt,0-5 km,871e15b40ffffff,1,wkd_evening,PU
VNO,Bolt,5-10 km,871f4030cffffff,3,wkd_evening,PU
DXB,Bolt,10-20 km,8743acc92ffffff,3,wkd_night,PU
HEL,Bolt,20-30 km,871126d06ffffff,1,wkd_evening,PU
DUR,BoltEco,30-40 km,87bc1b644ffffff,1,wkd_morning,PU
NBO,Bolt Basic,20-30 km,877a6e54cffffff,3,wkd_night,PU
DBV,Bolt,20-30 km,871e8db42ffffff,1,wrek_evening,PU
SVQ,Cabify,10-20 km,87391c750ffffff,1,wkd_evening,PU
LTN,Bolt,5-10 km,87195db1effffff,1,wrek_evening,DO
ZRH,Bolt,0-5 km,871f8edb6ffffff,1,wkd_morning,DO
ZRH,Bolt,30-40 km,871f8ed90ffffff,1,wkd_day,PU
EDI,Bolt,0-5 km,871972744ffffff,1,wked_morning,PU
DOH,TaxiF Eco+,5-10 km,87536bc19ffffff,9,wkd_evening,DO
DUS,Bolt,10-20 km,871fa574effffff,1,wked_morning,DO
HEL,Bolt,5-10 km,871126d71ffffff,2,wkd_late_evening,PU
LIL,Bolt,20-30 km,87194d2a6ffffff,4,wked_day,DO
FAO,Bolt,60-70 km,8739103aaffffff,7,wkd_morning,DO
FAO,Bolt,40-50 km,87391020effffff,11,wkd_day,PU
FAO,Bolt,60-70 km,873911722ffffff,2,wkd_late_evening,PU
AMS,Bolt,20-30 km,871969c99ffffff,2,wkd_evening,PU
BEY,Bolt,10-20 km,872da24ebffffff,3,wkd_evening,PU
BER,Bolt,30-40 km,871f1d4c1ffffff,2,wkd_day,DO
BER,Bolt,20-30 km,871f1d488ffffff,5,wked_morning,PU
OTP,Bolt,20-30 km,871eeeb4dffffff,4,wrek_late_evening,PU
CGN,Bolt,20-30 km,871fa1c60ffffff,3,wkd_day,DO
DUS,Bolt,5-10 km,871fa52a2ffffff,2,wkd_night,DO
GOT,Bolt,20-30 km,871f25a8cffffff,5,wkd_night,DO
KRK,Bolt,10-20 km,871e2e6b0ffffff,4,wkd_evening,PU
AGP,Cabify,5-10 km,8739195b1ffffff,45,wkd_day,DO
MUC,Bolt,30-40 km,871f8d713ffffff,3,wkd_morning,PU
MUC,Bolt,40-50 km,871f8d44affffff,12,wkd_day,PU
MUC,Bolt,40-50 km,871f8d44affffff,3,wkd_late_evening,PU
MUC,Bolt,30-40 km,871f8d44affffff,3,wked_night,PU
NTE,Bolt,10-20 km,871845850ffffff,5,wkd_day,DO
NTE,Bolt,0-5 km,871845849ffffff,1,wkd_day,DO
OSL,Bolt,30-40 km,8709992a2ffffff,2,wkd_night,PU
ORY,Bolt,50-60 km,871fb0962ffffff,8,wkd_late_evening,PU
PRG,Bolt,40-50 km,871e3541affffff,1,wkd_day,PU
PRG,Bolt,10-20 km,871e35418ffffff,5,wked_night,PU
RTM,Bolt,20-30 km,87196b841ffffff,4,wkd_evening,DO
GDN,Bolt,10-20 km,871f724aeffffff,2,wkd_day,DO
VNO,Bolt,10-20 km,871f40328ffffff,9,wkd_night,PU
DUR,BoltEco,20-30 km,87bcf5d03ffffff,1,wkd_evening,DO
NBO,Bolt Basic,5-10 km,877a6e5a8ffffff,4,wkd_night,PU
ABV,Bolt,5-10 km,8758f4681ffffff,1,wkd_morning,DO
AMS,Bolt,10-20 km,871969530ffffff,3,wkd_evening,PU
AMS,Bolt,10-20 km,87196952effffff,2,wkd_night,DO
BCN,Cabify,0-5 km,87394460dffffff,1,wkd_day,PU
BOD,Bolt,10-20 km,87186b6c1ffffff,5,wkd_morning,DO
GOT,Bolt,20-30 km,871f25332ffffff,3,wkd_day,DO
GOT,Bolt,10-20 km,871f25aa1ffffff,1,wkd_morning,DO
POZ,Bolt,5-10 km,871e24aa5ffffff,2,wkd_evening,PU
TSR,Bolt,0-5 km,871e192f4ffffff,1,wkd_evening,DO
DXB,Bolt,20-30 km,8743a1229ffffff,3,wkd_night,PU
AMS,Bolt,10-20 km,871969532ffffff,2,wked_day,PU
ABV,Bolt,30-40 km,8758f0d20ffffff,1,wkd_evening,DO
HEL,Bolt,5-10 km,871126d2affffff,1,wkd_night,DO
OSL,Bolt,5-10 km,870999383ffffff,1,wked_day,PU
KTW,Bolt,30-40 km,871e232dcffffff,1,wkd_day,DO
PLZ,BoltEco,0-5 km,87bc73859ffffff,1,wked_morning,DO
ZRH,Bolt,10-20 km,871f8ed95ffffff,22,wkd_day,DO
ZRH,Bolt,10-20 km,871f8edb0ffffff,1,wkd_night,PU
FAO,Bolt,20-30 km,8739102edffffff,3,wrek_late_evening,PU
BEY,Bolt,5-10 km,872da24e3ffffff,8,wked_day,DO
LIS,Bolt,0-5 km,87393375bffffff,6,wkd_late_evening,PU
MMX,Bolt,30-40 km,871f05bb1ffffff,2,wrek_evening,DO
OSL,Bolt,40-50 km,8709992a4ffffff,3,wrek_late_evening,PU
CDG,Bolt,20-30 km,871fb422effffff,1,wked_day,PU
GDN,Bolt,10-20 km,871f09b24ffffff,4,wrek_evening,DO
VNO,Bolt,5-10 km,871f4030affffff,4,wkd_night,PU
BOD,Bolt,10-20 km,87186b6caffffff,3,wkd_late_evening,DO
CPH,Bolt,5-10 km,871f05804ffffff,9,wkd_morning,DO
LYS,Bolt,20-30 km,871f90254ffffff,4,wkd_evening,PU
LYS,Bolt,20-30 km,871f9020bffffff,5,wkd_late_evening,DO
MMX,Bolt,30-40 km,871f05ba2ffffff,5,wked_morning,PU
NCE,Bolt,0-5 km,873969a11ffffff,4,wkd_late_evening,PU
NCE,Bolt,5-10 km,873969a0dffffff,5,wkd_late_evening,PU
GDN,Bolt,10-20 km,871f7248effffff,9,wkd_day,DO
GDN,Bolt,10-20 km,871f09b20ffffff,7,wkd_night,PU
DXB,Bolt,10-20 km,8743accf6ffffff,3,wked_morning,PU
DXB,Bolt,10-20 km,8743acd9affffff,7,wked_night,PU
DUR,BoltEco,30-40 km,87bc1b644ffffff,4,wked_day,DO
NBO,Bolt Basic,10-20 km,877a6e519ffffff,3,wkd_night,PU
AMS,Bolt,5-10 km,8719695a3ffffff,1,wkd_late_evening,PU
HEL,Bolt,20-30 km,871126d30ffffff,2,wkd_day,PU
HEL,Bolt,10-20 km,871126d20ffffff,3,wkd_day,DO
OSL,Bolt,5-10 km,870999386ffffff,1,wrek_late_evening,DO
ARN,Bolt,50-60 km,8708866a8ffffff,2,wkd_night,DO
VLC,Cabify,10-20 km,87395401effffff,2,wkd_night,DO
ATH,Bolt Taxi,0-5 km,871eda75dffffff,1,wked_day,DO
BCN,Cabify,5-10 km,873944603ffffff,1,wkd_late_evening,PU
BCN,Cabify,10-20 km,873944601ffffff,2,wrek_late_evening,PU
CPH,Bolt,10-20 km,871f05919ffffff,1,wkd_late_evening,DO
HEL,Bolt,30-40 km,871126d33ffffff,2,wkd_evening,PU
OSL,Bolt,5-10 km,8709993b4ffffff,1,wkd_day,PU
SVQ,Cabify,0-5 km,87391c70effffff,1,wkd_night,PU
NBO,Bolt Basic,20-30 km,877a6e42dffffff,3,wked_night,DO
CAI,Didi FLEX,10-20 km,873e6288effffff,1,wkd_evening,PU
CAI,Didi FLEX,40-50 km,873e6288bffffff,1,wrek_late_evening,PU
KRK,Bolt,5-10 km,871e2e6aeffffff,1,wkd_morning,DO
JED,Bolt,10-20 km,8753a9cc3ffffff,1,wkd_morning,PU
LGW,Bolt,30-40 km,87194ad15ffffff,2,wked_day,PU
NTE,Bolt,10-20 km,87184585dffffff,2,wrek_late_evening,PU
PRG,Bolt,20-30 km,871e354f4ffffff,8,wked_day,DO
VIE,Bolt,10-20 km,871e15b71ffffff,5,wrek_late_evening,DO
ATH,Bolt Taxi,40-50 km,871eda753ffffff,4,wrek_evening,DO
FAO,Bolt,10-20 km,8739115b4ffffff,2,wkd_morning,DO
FAO,Bolt,40-50 km,87391020affffff,7,wked_day,PU
AMS,Bolt,20-30 km,8719694b3ffffff,2,wkd_night,PU
BER,Bolt,20-30 km,871f1d499ffffff,1,wkd_evening,DO
LYS,Bolt,30-40 km,871f90256ffffff,4,wkd_day,PU
NCE,Bolt,10-20 km,873969a2bffffff,3,wkd_day,PU
PRG,Bolt,10-20 km,871e3541cffffff,3,wkd_morning,DO
TLS,Bolt,5-10 km,873960c48ffffff,2,wkd_late_evening,PU
VLC,Cabify,5-10 km,8739540adffffff,2,wkd_day,DO
VLC,Cabify,10-20 km,8739540adffffff,7,wked_morning,DO
VLC,Cabify,10-20 km,8739540a9ffffff,2,wked_day,DO
VIE,Bolt,20-30 km,871e15b40ffffff,1,wkd_morning,PU
VIE,Bolt,20-30 km,871e15b71ffffff,16,wkd_evening,PU
VIE,Bolt,5-10 km,871e15a64ffffff,1,wrek_evening,PU
DXB,Bolt,40-50 km,8743a1305ffffff,3,wkd_night,DO
DUR,BoltEco,20-30 km,87bc1b64affffff,3,wkd_morning,DO
AMS,Bolt,10-20 km,871969520ffffff,4,wkd_day,DO
AMS,Bolt,20-30 km,871969535ffffff,1,wkd_morning,DO
BER,Bolt,20-30 km,871f1d48affffff,5,wkd_evening,DO
OTP,Bolt,0-5 km,871eec7b2ffffff,1,wrek_late_evening,DO
NCE,Bolt,20-30 km,873969ab3ffffff,1,wrek_late_evening,DO
OSL,Bolt,50-60 km,870999384ffffff,2,wkd_day,DO
POZ,Bolt,5-10 km,871e24aa5ffffff,1,wked_night,PU
PRG,Bolt,20-30 km,871e3541affffff,4,wkd_morning,DO
SXB,Bolt,10-20 km,871f85611ffffff,1,wkd_morning,DO
VIE,Bolt,30-40 km,871e15b75ffffff,1,wkd_morning,DO
DXB,Bolt,10-20 km,8743acca6ffffff,1,wrek_late_evening,PU
PLZ,BoltEco,0-5 km,87bc7384bffffff,2,wkd_evening,PU
PRG,Bolt,10-20 km,871e3541bffffff,2,wkd_day,DO
DXB,Bolt,10-20 km,8743acca2ffffff,2,wked_morning,PU
CGN,Bolt,30-40 km,871fa118dffffff,1,wkd_evening,DO
AGP,Cabify,10-20 km,8739195aaffffff,1,wked_day,DO
NTE,Bolt,10-20 km,87184584cffffff,1,wkd_evening,DO
TSR,Bolt,5-10 km,871e192f6ffffff,1,wked_day,DO
ZRH,Bolt,0-5 km,871f8eda6ffffff,6,wkd_late_evening,PU
ZRH,Bolt,10-20 km,871f8ed32ffffff,3,wked_day,DO
NCL,Bolt,5-10 km,87197322cffffff,1,wrek_evening,DO
HEL,Bolt,20-30 km,87089969dffffff,2,wked_morning,DO
KRK,Bolt,10-20 km,871e2e6b3ffffff,4,wrek_evening,DO
NTE,Bolt,60-70 km,871845c5affffff,2,wked_morning,DO
DXB,Bolt,10-20 km,8743a1368ffffff,11,wked_night,PU
DXB,Bolt,0-5 km,8743a1368ffffff,2,wkd_night,PU
DUR,BoltEco,30-40 km,87bc1b660ffffff,6,wked_morning,PU
JED,Bolt,20-30 km,8753a9421ffffff,6,wkd_day,PU
BCN,Cabify,5-10 km,87394461cffffff,1,wkd_evening,DO
BER,Bolt,20-30 km,871f18b25ffffff,6,wkd_evening,PU
BOD,Bolt,10-20 km,87186b6ceffffff,6,wked_day,PU
DOH,TaxiF Eco+,20-30 km,87536bc00ffffff,3,wkd_morning,DO
HEL,Bolt,30-40 km,8711261b5ffffff,3,wkd_morning,DO
AGP,Cabify,10-20 km,8739195b1ffffff,66,wkd_day,PU
AGP,Cabify,10-20 km,8739195b1ffffff,53,wkd_late_evening,PU
MRS,Bolt,20-30 km,873968155ffffff,4,wkd_day,DO
NTE,Bolt,0-5 km,871845859ffffff,2,wkd_morning,DO
OSL,Bolt,60-70 km,870999040ffffff,3,wkd_late_evening,DO
PRG,Bolt,0-5 km,871e3541affffff,1,wkd_late_evening,PU
RTM,Bolt,5-10 km,87196ba25ffffff,4,wked_day,DO
TLS,Bolt,5-10 km,8739601acffffff,4,wkd_evening,PU
VIE,Bolt,10-20 km,871e15b44ffffff,6,wkd_morning,PU
VIE,Bolt,10-20 km,871e15b45ffffff,3,wkd_day,DO
DXB,Bolt,30-40 km,8743a1301ffffff,2,wkd_late_evening,DO
DXB,Bolt,0-5 km,8743a1368ffffff,2,wked_day,PU
ATH,Bolt Taxi,30-40 km,871eda743ffffff,89,wkd_day,DO
ATH,Bolt Taxi,30-40 km,871eda743ffffff,25,wkd_late_evening,DO
RUH,Bolt,40-50 km,875355d31ffffff,4,wrek_late_evening,DO
LYS,Bolt,10-20 km,871f90254ffffff,2,wkd_late_evening,PU
ARN,Bolt,30-40 km,87088675affffff,4,wkd_morning,DO
OTP,Bolt,10-20 km,871eec6b0ffffff,1,wkd_night,DO
HEL,Bolt,20-30 km,87089968cffffff,2,wrek_evening,PU
LYS,Bolt,5-10 km,871f90252ffffff,1,wkd_evening,DO
ARN,Bolt,50-60 km,8708866f5ffffff,1,wkd_night,DO
GDN,Bolt,5-10 km,871f7248affffff,1,wkd_day,PU
WRO,Bolt,0-5 km,871e20405ffffff,1,wkd_night,DO
PLZ,BoltEco,5-10 km,87bc7385cffffff,1,wrek_evening,PU
EDI,Bolt,10-20 km,871972765ffffff,3,wkd_day,PU
ZRH,Bolt,20-30 km,871f8edb2ffffff,1,wkd_late_evening,DO
EDI,Bolt,10-20 km,871972765ffffff,2,wrek_evening,DO
ZRH,Bolt,10-20 km,871f83ac9ffffff,3,wkd_morning,PU
OTP,Bolt,5-10 km,871eec45bffffff,13,wked_day,PU
HEL,Bolt,10-20 km,8708996d1ffffff,2,wkd_late_evening,DO
NCE,Bolt,5-10 km,873969a0effffff,11,wked_morning,DO
OSL,Bolt,40-50 km,870999398ffffff,2,wked_night,DO
DXB,Bolt,0-5 km,8743a136effffff,1,wkd_late_evening,PU
ABV,Bolt,40-50 km,8758f0d21ffffff,3,wkd_night,DO
BCN,Cabify,10-20 km,873944619ffffff,6,wkd_morning,DO
BCN,Cabify,10-20 km,873944618ffffff,2,wkd_day,PU
BER,Bolt,20-30 km,871f1d4f2ffffff,8,wkd_morning,DO
BOD,Bolt,40-50 km,87186b291ffffff,4,wkd_evening,DO
FRA,Bolt,30-40 km,871fae174ffffff,3,wkd_day,PU
HEL,Bolt,10-20 km,871126d04ffffff,5,wkd_night,PU
LIS,Bolt,5-10 km,87393362dffffff,9,wkd_morning,PU
LYS,Bolt,10-20 km,871f9024affffff,3,wkd_morning,DO
AGP,Bolt,10-20 km,8739182dbffffff,93,wkd_morning,DO
NTE,Bolt,5-10 km,87184584affffff,4,wked_morning,DO
SVQ,Cabify,20-30 km,87391c70affffff,1,wked_morning,PU
ARN,Bolt,40-50 km,870886613ffffff,4,wkd_night,DO
GDN,Bolt,20-30 km,871f725aaffffff,3,wkd_late_evening,PU
ATH,Bolt Taxi,40-50 km,871eda752ffffff,4,wkd_day,DO
JED,Bolt,10-20 km,8753a9562ffffff,4,wked_day,PU
BCN,Cabify,20-30 km,87394460effffff,4,wkd_evening,DO
DOH,TaxiF Eco+,20-30 km,87536bca1ffffff,3,wkd_late_evening,DO
DUS,Bolt,10-20 km,871fa52b1ffffff,1,wkd_night,DO
MLA,Bolt,0-5 km,873f304edffffff,1,wkd_evening,PU
KTW,Bolt,40-50 km,871e232dcffffff,6,wked_morning,DO
VNO,Bolt,0-5 km,871f4030affffff,3,wrek_evening,PU
JED,Bolt,10-20 km,8753a9571ffffff,2,wkd_morning,DO
BER,Bolt,10-20 km,871f1d4d2ffffff,2,wkd_evening,PU
FRA,Bolt,0-5 km,871faea80ffffff,1,wkd_night,PU
AMS,Bolt,5-10 km,871969503ffffff,1,wkd_day,PU
LYS,Bolt,20-30 km,871f90256ffffff,1,wkd_evening,PU
MAD,Cabify,40-50 km,87390cb8bffffff,1,wkd_evening,PU
NCE,Bolt,10-20 km,873969a0dffffff,2,wkd_day,DO
PRG,Bolt,30-40 km,871e3541bffffff,1,wkd_morning,DO
PRG,Bolt,10-20 km,871e35411ffffff,1,wkd_day,DO
DXB,Bolt,20-30 km,8743accb5ffffff,1,wkd_night,PU
PLZ,BoltEco,10-20 km,87bc73ba3ffffff,1,wked_morning,PU
ZRH,Bolt,10-20 km,871f8edb0ffffff,2,wkd_late_evening,PU
EDI,Bolt,10-20 km,8719720cbffffff,1,wked_day,PU
ZRH,Bolt,10-20 km,871f8ed91ffffff,8,wkd_late_evening,PU
BCN,Cabify,10-20 km,87394461dffffff,21,wkd_late_evening,PU
LYS,Bolt,10-20 km,871f915b6ffffff,3,wrek_evening,DO
AGP,Bolt,20-30 km,873919585ffffff,13,wked_night,PU
NTE,Bolt,5-10 km,87184584effffff,1,wked_morning,PU
NCE,Bolt,5-10 km,873969a08ffffff,9,wked_morning,DO
ORY,Bolt,20-30 km,871fb4674ffffff,15,wked_morning,PU
ORY,Bolt,20-30 km,871fb4674ffffff,8,wked_day,PU
TLS,Bolt,5-10 km,8739601aeffffff,7,wrek_late_evening,DO
WAW,Bolt,5-10 km,871f53c93ffffff,119,wkd_night,DO
ATH,Bolt Taxi,10-20 km,871eda295ffffff,18,wkd_late_evening,DO
AMS,Bolt,20-30 km,871969535ffffff,1,wkd_morning,PU
FRA,Bolt,10-20 km,871faeaacffffff,4,wkd_day,DO
FRA,Bolt,20-30 km,871faeb85ffffff,4,wked_morning,PU
GOT,Bolt,30-40 km,871f25a96ffffff,1,wkd_morning,DO
HEL,Bolt,10-20 km,871126d33ffffff,2,wkd_evening,DO
HEL,Bolt,0-5 km,871126d74ffffff,5,wkd_night,PU
KRK,Bolt,10-20 km,871e2e6b0ffffff,6,wked_morning,DO
AGP,Bolt,10-20 km,873919585ffffff,8,wkd_day,PU
MRS,Bolt,20-30 km,873968153ffffff,10,wkd_late_evening,DO
MRS,Bolt,30-40 km,87396802affffff,3,wkd_night,PU
NTE,Bolt,10-20 km,87184584effffff,4,wkd_night,DO
TLS,Bolt,0-5 km,8739601a4ffffff,4,wkd_evening,DO
TLS,Bolt,10-20 km,873960181ffffff,6,wkd_late_evening,DO
TLS,Bolt,5-10 km,8739601b5ffffff,3,wkd_late_evening,PU
VIE,Bolt,20-30 km,871e15b46ffffff,19,wkd_day,PU
VIE,Bolt,10-20 km,871e15a2dffffff,2,wked_morning,DO
DXB,Bolt,20-30 km,8743a136affffff,3,wkd_late_evening,PU
CAI,Didi FLEX,10-20 km,873e628e8ffffff,2,wked_night,PU
AMS,Bolt,10-20 km,871969523ffffff,1,wkd_evening,DO
BCN,Cabify,10-20 km,873944619ffffff,4,wked_day,PU
CPH,Bolt,40-50 km,871f23662ffffff,3,wkd_late_evening,DO
KRK,Bolt,10-20 km,871e2e684ffffff,4,wkd_morning,DO
MLA,Bolt,20-30 km,873f30404ffffff,1,wkd_morning,DO
MLA,Bolt,5-10 km,873f30450ffffff,1,wrek_evening,PU
TSR,Bolt,10-20 km,871e19281ffffff,1,wkd_day,PU
ATH,Bolt Taxi,0-5 km,871eda75dffffff,1,wkd_late_evening,DO
JED,Bolt,10-20 km,8753a9554ffffff,3,wked_night,DO
BOD,Bolt,10-20 km,87186b6ccffffff,1,wkd_night,DO
AGP,Cabify,0-5 km,8739195b1ffffff,2,wkd_night,DO
NBO,Bolt Basic,10-20 km,877a6e42cffffff,4,wked_day,DO
JED,Bolt,10-20 km,8753a9544ffffff,1,wked_night,DO
AMS,Bolt,5-10 km,871969504ffffff,1,wkd_morning,DO
CLJ,Bolt,5-10 km,871e0b383ffffff,1,wked_day,DO
DOH,TaxiF Eco+,5-10 km,87536bc1affffff,1,wkd_night,DO
KRK,Bolt,30-40 km,871e2e68effffff,1,wkd_day,DO
TLS,Bolt,10-20 km,873960130ffffff,1,wrek_evening,DO
WIL,Bolt Basic,5-10 km,877a6e55affffff,1,wkd_day,DO
LHR,Bolt,20-30 km,87195da73ffffff,2,wkd_night,PU
NTE,Bolt,10-20 km,871845849ffffff,2,wrek_evening,PU
NCE,Bolt,5-10 km,873969a08ffffff,19,wrek_evening,PU
CDG,Bolt,30-40 km,871fb4670ffffff,9,wrek_late_evening,PU
RTM,Bolt,5-10 km,87196ba25ffffff,3,wkd_night,PU
ABV,Bolt,30-40 km,8758f0d36ffffff,1,wkd_day,PU
BER,Bolt,30-40 km,871f1d48effffff,5,wked_morning,PU
CPH,Bolt,5-10 km,871f05804ffffff,4,wkd_day,DO
LIS,Bolt,5-10 km,873933676ffffff,21,wkd_night,DO
LIS,Bolt,5-10 km,87393362bffffff,13,wkd_evening,PU
LIS,Bolt,5-10 km,87393362cffffff,5,wrek_late_evening,PU
LYS,Bolt,20-30 km,871f90252ffffff,3,wkd_evening,DO
MAD,Cabify,10-20 km,87390cb1bffffff,14,wkd_evening,PU
AGP,Cabify,10-20 km,873919584ffffff,71,wkd_morning,PU
MRS,Bolt,20-30 km,873968c6dffffff,4,wked_day,DO
MPL,Bolt,10-20 km,87396e96dffffff,7,wkd_day,PU
NCE,Bolt,5-10 km,873969a0cffffff,19,wkd_morning,PU
OSL,Bolt,5-10 km,870999386ffffff,1,wkd_day,DO
CDG,Bolt,30-40 km,871fb4674ffffff,104,wkd_day,PU
PRG,Bolt,10-20 km,871e3541affffff,4,wked_night,PU
SVQ,Cabify,20-30 km,87391c70affffff,4,wked_day,PU
ARN,Bolt,30-40 km,87088662affffff,3,wkd_day,PU
TLS,Bolt,5-10 km,8739601a3ffffff,4,wkd_late_evening,DO
VNO,Bolt,0-5 km,871f40308ffffff,3,wkd_evening,PU
DXB,Bolt,30-40 km,8743a1323ffffff,5,wkd_night,DO
DXB,Bolt,20-30 km,8743a132dffffff,3,wkd_morning,PU
DXB,Bolt,40-50 km,8743a132affffff,6,wkd_night,PU
DXB,Bolt,20-30 km,8743a1369ffffff,3,wrek_evening,PU
JNB,BoltEco,40-50 km,87bcdc95bffffff,4,wkd_late_evening,PU
ATH,Bolt Taxi,10-20 km,871eda29cffffff,4,wkd_day,PU
NBO,Bolt Basic,10-20 km,877a6e553ffffff,3,wkd_day,DO
RUH,Bolt,50-60 km,875355d81ffffff,3,wkd_night,DO
JED,Bolt,30-40 km,8753a9446ffffff,4,wkd_night,DO
OTP,Bolt,20-30 km,871eeeb69ffffff,1,wkd_night,DO
FRA,Bolt,10-20 km,871faeaaeffffff,3,wkd_late_evening,PU
MUC,Bolt,30-40 km,871f8d45dffffff,1,wkd_late_evening,DO
NCE,Bolt,10-20 km,873969a0dffffff,2,wrek_evening,DO
VLC,Cabify,0-5 km,8739540a5ffffff,1,wkd_morning,DO
ATH,Bolt Taxi,5-10 km,871eda75cffffff,1,wrek_evening,PU
NBO,Bolt Basic,40-50 km,877a6e4a0ffffff,1,wked_day,DO
ABV,Bolt,20-30 km,8758f0d29ffffff,1,wkd_morning,DO
BCN,Cabify,10-20 km,873944611ffffff,2,wkd_night,DO
BOD,Bolt,30-40 km,87186b613ffffff,1,wkd_day,DO
CPH,Bolt,0-5 km,871f05831ffffff,1,wked_night,DO
MMX,Bolt,20-30 km,871f05b84ffffff,1,wkd_late_evening,PU
OSL,Bolt,30-40 km,8709992a5ffffff,2,wkd_night,DO
VIE,Bolt,40-50 km,871e15b73ffffff,1,wked_morning,DO
VIE,Bolt,0-5 km,871e15a68ffffff,2,wrek_late_evening,DO
DUS,Bolt,10-20 km,871fa5212ffffff,1,wkd_night,PU
AGP,Bolt,20-30 km,8739195b1ffffff,1,wked_morning,PU
TSR,Bolt,10-20 km,871e1928effffff,2,wked_day,DO
EDI,Bolt,5-10 km,871972765ffffff,2,wkd_day,DO
LHR,Bolt,20-30 km,87195da2dffffff,2,wked_morning,PU
BCN,Cabify,10-20 km,87394460affffff,3,wked_morning,DO
NCE,Bolt,10-20 km,873969a0dffffff,9,wkd_late_evening,PU
OSL,Bolt,50-60 km,8709993b1ffffff,4,wrek_evening,PU
OSL,Bolt,50-60 km,870999386ffffff,10,wrek_evening,PU
TLS,Bolt,0-5 km,8739601a4ffffff,3,wrek_evening,DO
GDN,Bolt,0-5 km,871f09b24ffffff,2,wrek_evening,PU
AMS,Bolt,10-20 km,871969531ffffff,20,wkd_late_evening,PU
BCN,Cabify,20-30 km,873944601ffffff,4,wkd_morning,DO
BEY,Bolt,5-10 km,872da24c5ffffff,4,wkd_night,DO
BOD,Bolt,5-10 km,87186b6d8ffffff,2,wkd_day,DO
OTP,Bolt,20-30 km,871eeeb4dffffff,5,wkd_late_evening,PU
DOH,TaxiF Eco+,5-10 km,87536bc03ffffff,4,wked_morning,DO
DUS,Bolt,5-10 km,871fa52b4ffffff,2,wked_day,PU
FRA,Bolt,20-30 km,871faeaf4ffffff,4,wkd_morning,DO
FRA,Bolt,20-30 km,871faeae5ffffff,5,wkd_morning,DO
GOT,Bolt,20-30 km,871f25a98ffffff,3,wked_day,PU
LYS,Bolt,30-40 km,871f90209ffffff,14,wkd_evening,PU
CDG,Bolt,10-20 km,871fb4749ffffff,5,wkd_day,DO
SVQ,Cabify,5-10 km,87391c709ffffff,5,wkd_morning,DO
TLS,Bolt,5-10 km,8739601adffffff,6,wkd_night,DO
TLS,Bolt,20-30 km,8739601abffffff,3,wkd_day,PU
VIE,Bolt,20-30 km,871e15b70ffffff,8,wkd_morning,DO
VIE,Bolt,20-30 km,871e15b73ffffff,1,wked_night,PU
DXB,Bolt,40-50 km,8743a132effffff,2,wkd_evening,PU
DXB,Bolt,10-20 km,8743accb0ffffff,4,wkd_night,PU
DXB,Bolt,30-40 km,8743a132cffffff,2,wked_morning,PU
ABV,Bolt,40-50 km,8758f4688ffffff,1,wkd_day,DO
OTP,Bolt,5-10 km,871eec45bffffff,8,wkd_night,PU
CPH,Bolt,20-30 km,871f05831ffffff,1,wkd_day,PU
MLA,Bolt,10-20 km,873f30450ffffff,3,wked_night,DO
MPL,Bolt,10-20 km,87396e96dffffff,2,wkd_night,PU
JNB,BoltEco,5-10 km,87bcc224dffffff,2,wkd_late_evening,DO
FAO,Bolt,30-40 km,873910208ffffff,1,wked_night,DO
BER,Bolt,0-5 km,871f1d488ffffff,1,wkd_day,PU
BER,Bolt,0-5 km,871f18a25ffffff,4,wkd_evening,PU
DUS,Bolt,20-30 km,871fa52b3ffffff,3,wkd_late_evening,PU
NCE,Bolt,40-50 km,8739698c3ffffff,2,wkd_day,DO
CAI,Didi FLEX,10-20 km,873e6285affffff,1,wkd_night,DO
FAO,Bolt,0-5 km,87391025affffff,1,wkd_night,DO
FAO,Bolt,5-10 km,8739115a9ffffff,1,wked_morning,PU
AMS,Bolt,0-5 km,871969523ffffff,1,wkd_day,DO
MRS,Bolt,20-30 km,87396802effffff,1,wrek_evening,DO
ZRH,Bolt,30-40 km,871f8336effffff,1,wkd_morning,DO
ZRH,Bolt,10-20 km,871f8ed81ffffff,1,wkd_day,DO
ABV,Bolt,30-40 km,8758f4691ffffff,1,wked_morning,PU
BCN,Cabify,10-20 km,87394461cffffff,2,wrek_late_evening,PU
BOD,Bolt,10-20 km,87186b6ceffffff,2,wked_morning,DO
OTP,Bolt,10-20 km,871eeeb6bffffff,30,wkd_night,PU
CGN,Bolt,30-40 km,871fa1109ffffff,4,wked_day,PU
FRA,Bolt,5-10 km,871faeaaaffffff,4,wked_day,PU
AGP,Bolt,10-20 km,873919584ffffff,26,wrek_late_evening,PU
NTE,Bolt,10-20 km,871845848ffffff,3,wkd_late_evening,PU
VIE,Bolt,20-30 km,871e15b6effffff,7,wked_night,DO
VNO,Bolt,10-20 km,871f4030cffffff,12,wrek_evening,PU
WRO,Bolt,10-20 km,871e20408ffffff,5,wrek_evening,PU
FAO,Bolt,30-40 km,87391020affffff,6,wkd_evening,DO
AMS,Bolt,20-30 km,871969526ffffff,25,wkd_day,PU
BEY,Bolt,5-10 km,872da24e0ffffff,2,wrek_late_evening,DO
OTP,Bolt,30-40 km,871eec6b2ffffff,3,wkd_night,PU
OTP,Bolt,10-20 km,871eeeb4cffffff,3,wkd_day,PU
OTP,Bolt,10-20 km,871eeeb6bffffff,6,wked_day,PU
CPH,Bolt,0-5 km,871f0581cffffff,2,wkd_night,PU
DOH,TaxiF Eco+,10-20 km,87536bc1bffffff,15,wked_night,DO
HEL,Bolt,10-20 km,871126d33ffffff,28,wkd_morning,DO
HEL,Bolt,5-10 km,871126d71ffffff,1,wked_morning,DO
MAD,Cabify,20-30 km,87390cb1bffffff,26,wkd_day,PU
MRS,Bolt,40-50 km,873968068ffffff,4,wkd_evening,DO
NCE,Bolt,20-30 km,873969b9affffff,6,wkd_evening,DO
OSL,Bolt,50-60 km,870999386ffffff,20,wkd_day,PU
ORY,Bolt,40-50 km,871fb0962ffffff,6,wkd_evening,PU
PRG,Bolt,0-5 km,871e35588ffffff,3,wkd_morning,PU
WRO,Bolt,10-20 km,871e20408ffffff,33,wkd_day,PU
DXB,Bolt,10-20 km,8743a136affffff,7,wkd_night,DO
MUC,Bolt,30-40 km,871f8d45dffffff,2,wkd_day,PU
NCE,Bolt,20-30 km,873969a80ffffff,4,wkd_late_evening,PU
SXB,Bolt,20-30 km,871f85605ffffff,1,wkd_evening,DO
PRG,Bolt,20-30 km,871e354f4ffffff,2,wkd_day,PU
PRG,Bolt,30-40 km,871e3541affffff,3,wrek_late_evening,PU
VIE,Bolt,5-10 km,871e0299affffff,1,wkd_late_evening,PU
DXB,Bolt,20-30 km,8743a126affffff,2,wkd_morning,PU
DXB,Bolt,30-40 km,8743a1370ffffff,2,wked_morning,PU
ATH,Bolt Taxi,30-40 km,871eda75effffff,1,wked_day,DO
NTE,Bolt,10-20 km,87184584cffffff,1,wkd_late_evening,DO
EDI,Bolt,5-10 km,871972763ffffff,2,wkd_night,DO
AMS,Bolt,10-20 km,871968269ffffff,12,wrek_evening,DO
BER,Bolt,30-40 km,871f1d48affffff,1,wked_day,DO
MAD,Cabify,20-30 km,87390cb1bffffff,19,wked_morning,DO
CDG,Bolt,30-40 km,871fb4644ffffff,38,wked_morning,PU
CDG,Bolt,40-50 km,871fb0963ffffff,1,wked_day,PU
PRG,Bolt,20-30 km,871e3541bffffff,3,wrek_late_evening,DO
AMS,Bolt,10-20 km,871969504ffffff,6,wkd_morning,DO
BCN,Cabify,10-20 km,87394460affffff,16,wkd_day,PU
BER,Bolt,20-30 km,871f1d489ffffff,40,wkd_day,PU
BOD,Bolt,0-5 km,87184dd76ffffff,4,wked_day,DO
OTP,Bolt,10-20 km,871eeeb6bffffff,8,wkd_evening,DO
OTP,Bolt,10-20 km,871eeeb40ffffff,3,wkd_day,DO
CGN,Bolt,5-10 km,871fa1c66ffffff,1,wkd_day,PU
CPH,Bolt,10-20 km,871f05820ffffff,2,wkd_morning,DO
DOH,TaxiF Eco+,0-5 km,87536bce0ffffff,1,wkd_morning,DO
DUS,Bolt,20-30 km,871fa53a3ffffff,3,wkd_late_evening,DO
GOT,Bolt,20-30 km,871f25a98ffffff,1,wkd_evening,DO
NCE,Bolt,20-30 km,873969ab0ffffff,4,wkd_evening,DO
OSL,Bolt,50-60 km,87099938cffffff,1,wkd_day,DO
SVQ,Cabify,10-20 km,87391c708ffffff,19,wkd_evening,PU
ARN,Bolt,30-40 km,87088660cffffff,12,wkd_day,DO
TLS,Bolt,10-20 km,8739601adffffff,4,wkd_evening,PU
VIE,Bolt,10-20 km,871e15b46ffffff,32,wkd_late_evening,DO
NBO,Bolt Basic,30-40 km,877a6e412ffffff,4,wkd_late_evening,PU
FAO,Bolt,10-20 km,87391020affffff,1,wkd_day,PU
LIS,Bolt,10-20 km,87393362dffffff,2,wkd_day,PU
VNO,Bolt,10-20 km,871f40304ffffff,5,wkd_late_evening,PU
RUH,Bolt,30-40 km,87537369affffff,1,wked_morning,PU
NTE,Bolt,10-20 km,871845842ffffff,2,wkd_late_evening,PU
OSL,Bolt,50-60 km,870999396ffffff,1,wkd_night,PU
GDN,Bolt,20-30 km,871f725a3ffffff,1,wrek_evening,DO
DXB,Bolt,30-40 km,8743a1224ffffff,1,wked_morning,PU
DXB,Bolt,40-50 km,8743acd8bffffff,1,wrek_evening,PU
DBV,Bolt,20-30 km,871e8db41ffffff,2,wked_morning,DO
LYS,Bolt,20-30 km,871f90276ffffff,1,wkd_day,PU
AGP,Cabify,5-10 km,8739195b1ffffff,17,wkd_morning,DO
RUH,Bolt,10-20 km,875355d04ffffff,1,wked_morning,PU
ZRH,Bolt,5-10 km,871f8ed86ffffff,8,wrek_evening,PU
ZRH,Bolt,40-50 km,871f83aacffffff,2,wkd_day,DO
BCN,Cabify,10-20 km,87394461cffffff,3,wked_morning,PU
ATH,Bolt Taxi,50-60 km,871eda75cffffff,11,wked_day,PU
FAO,Bolt,0-5 km,873910208ffffff,1,wkd_morning,PU
AMS,Bolt,10-20 km,871968248ffffff,4,wked_day,PU
BEY,Bolt,10-20 km,872da24eaffffff,3,wkd_late_evening,DO
BER,Bolt,20-30 km,871f18b36ffffff,3,wkd_day,DO
BER,Bolt,5-10 km,871f18b0bffffff,3,wkd_evening,DO
FRA,Bolt,20-30 km,871faeaf4ffffff,3,wrek_evening,PU
HEL,Bolt,20-30 km,8708996a3ffffff,1,wkd_night,PU
HEL,Bolt,5-10 km,871126d33ffffff,1,wked_day,DO
LYS,Bolt,50-60 km,871f90228ffffff,3,wkd_day,DO
MAD,Cabify,20-30 km,87390cb8bffffff,12,wkd_late_evening,PU
MPL,Bolt,5-10 km,87396e96dffffff,5,wkd_late_evening,PU
MUC,Bolt,30-40 km,871f8d55dffffff,2,wked_morning,DO
NTE,Bolt,5-10 km,871845848ffffff,3,wkd_late_evening,DO
NCE,Bolt,30-40 km,873969a41ffffff,3,wked_day,PU
PRG,Bolt,10-20 km,871e3541effffff,30,wkd_evening,PU
VLC,Cabify,5-10 km,8739540adffffff,3,wked_morning,PU
VNO,Bolt,10-20 km,871f40305ffffff,4,wrek_evening,DO
VNO,Bolt,5-10 km,871f40308ffffff,1,wrek_late_evening,PU
WRO,Bolt,5-10 km,871e20423ffffff,4,wkd_day,DO
DXB,Bolt,10-20 km,8743a1369ffffff,6,wkd_day,PU
DXB,Bolt,10-20 km,8743a1301ffffff,2,wkd_late_evening,PU
ATH,Bolt Taxi,10-20 km,871eda66bffffff,3,wked_night,DO
TXL,Bolt,10-20 km,871f18b21ffffff,2,wkd_morning,PU
CLJ,Bolt,5-10 km,871e0b383ffffff,4,wkd_day,PU
CPH,Bolt,5-10 km,871f05833ffffff,2,wkd_late_evening,PU
DBV,Bolt,20-30 km,871e8db46ffffff,2,wkd_evening,PU
LIS,Bolt,10-20 km,87393360dffffff,3,wrek_evening,DO
MUC,Bolt,20-30 km,871f8d44dffffff,1,wkd_night,DO
NBO,Bolt Basic,5-10 km,877a6e428ffffff,2,wkd_morning,DO
LYS,Bolt,30-40 km,871f90209ffffff,1,wkd_late_evening,PU
LYS,Bolt,20-30 km,871f9020bffffff,1,wkd_evening,DO
NCE,Bolt,30-40 km,873969a45ffffff,2,wked_night,DO
PRG,Bolt,10-20 km,871e3541affffff,1,wked_morning,PU
NBO,Bolt Basic,10-20 km,877a6e500ffffff,2,wkd_late_evening,PU
CLJ,Bolt,10-20 km,871e0b383ffffff,2,wked_night,DO
HEL,Bolt,5-10 km,871126d33ffffff,1,wked_night,PU
SVQ,Cabify,10-20 km,87391c624ffffff,1,wked_night,PU
NCL,Bolt,5-10 km,87197322effffff,3,wkd_morning,DO
ZRH,Bolt,30-40 km,871f8ec93ffffff,3,wkd_day,DO
NCL,Bolt,10-20 km,87197326cffffff,1,wked_morning,DO
BCN,Cabify,10-20 km,873944602ffffff,4,wked_morning,DO
BEY,Bolt,5-10 km,872da24eeffffff,20,wkd_night,DO
OTP,Bolt,5-10 km,871eec45bffffff,5,wked_night,PU
WRO,Bolt,10-20 km,871e20408ffffff,11,wrek_evening,DO
ATH,Bolt Taxi,30-40 km,871eda29cffffff,1,wked_day,DO
AMS,Bolt,20-30 km,871969c98ffffff,7,wkd_late_evening,PU
BCN,Cabify,10-20 km,87394461effffff,6,wkd_day,DO
CPH,Bolt,30-40 km,871f05b84ffffff,2,wkd_night,PU
FRA,Bolt,10-20 km,871faeaabffffff,4,wkd_night,DO
LIL,Bolt,5-10 km,87194d28effffff,1,wkd_morning,DO
LIL,Bolt,40-50 km,8719498c6ffffff,1,wked_morning,PU
LIS,Bolt,20-30 km,873933611ffffff,12,wkd_evening,PU
LIS,Bolt,5-10 km,87393362bffffff,35,wkd_night,DO
MRS,Bolt,0-5 km,8739688d6ffffff,8,wkd_night,DO
NCE,Bolt,20-30 km,873969a45ffffff,1,wkd_late_evening,PU
GDN,Bolt,10-20 km,871f09b20ffffff,32,wkd_morning,DO
GDN,Bolt,10-20 km,871f09b20ffffff,51,wkd_day,DO
VIE,Bolt,10-20 km,871e15b45ffffff,4,wkd_night,DO
VIE,Bolt,10-20 km,871e15b45ffffff,2,wked_day,DO
DXB,Bolt,30-40 km,8743a1352ffffff,2,wkd_morning,PU
DXB,Bolt,50-60 km,8743a13aeffffff,1,wkd_night,PU
ATH,Bolt Taxi,20-30 km,871eda651ffffff,8,wkd_morning,DO
AMS,Bolt,30-40 km,871969526ffffff,1,wkd_late_evening,PU
BOD,Bolt,50-60 km,87186b29effffff,1,wkd_night,PU
KRK,Bolt,20-30 km,871e2e695ffffff,2,wkd_morning,PU
LYS,Bolt,30-40 km,871f90254ffffff,2,wkd_late_evening,PU
JED,Bolt,5-10 km,8753a9cdaffffff,2,wkd_day,DO
OTP,Bolt,10-20 km,871eeeb4cffffff,1,wkd_morning,DO
NCE,Bolt,30-40 km,873969a41ffffff,1,wkd_late_evening,PU
TLS,Bolt,5-10 km,8739601a3ffffff,2,wked_day,PU
FAO,Bolt,40-50 km,873911463ffffff,1,wkd_morning,DO
AGP,Bolt,30-40 km,8739195aaffffff,1,wrek_late_evening,DO
VLC,Cabify,40-50 km,87395400dffffff,1,wked_day,PU
DUR,BoltEco,0-5 km,87bcf5da8ffffff,1,wkd_day,PU
ATH,Bolt Taxi,10-20 km,871eda75affffff,1,wkd_late_evening,DO
NCL,Bolt,5-10 km,87197322cffffff,1,wkd_evening,DO
MAN,Bolt,10-20 km,871951b75ffffff,1,wrek_late_evening,DO
BCN,Cabify,10-20 km,873944603ffffff,34,wked_day,PU
HEL,Bolt,20-30 km,871126d33ffffff,7,wked_morning,DO
CDG,Bolt,20-30 km,871fb4666ffffff,8,wked_night,PU
VNO,Bolt,5-10 km,871f4030cffffff,3,wked_morning,PU
JED,Bolt,20-30 km,8753a9cc1ffffff,1,wkd_night,DO
JED,Bolt,5-10 km,8753a9cceffffff,3,wkd_night,DO
FAO,Bolt,40-50 km,873910208ffffff,3,wked_night,PU
AMS,Bolt,10-20 km,87196919cffffff,1,wkd_morning,PU
AMS,Bolt,20-30 km,871969526ffffff,4,wkd_evening,DO
AMS,Bolt,20-30 km,871969524ffffff,3,wkd_day,DO
BCN,Cabify,10-20 km,873944601ffffff,55,wkd_day,PU
OTP,Bolt,10-20 km,871eeeb6affffff,3,wked_night,DO
OTP,Bolt,5-10 km,871eec7b0ffffff,1,wked_day,DO
CGN,Bolt,10-20 km,871fa18a4ffffff,6,wkd_evening,DO
LIS,Bolt,0-5 km,873933629ffffff,12,wkd_night,DO
MAD,Cabify,20-30 km,87390cb1bffffff,12,wkd_late_evening,PU
AGP,Cabify,0-5 km,8739195aaffffff,3,wkd_day,DO
MRS,Bolt,20-30 km,873968151ffffff,4,wkd_night,DO
MRS,Bolt,20-30 km,873968152ffffff,1,wkd_night,PU
MPL,Bolt,5-10 km,87396c59affffff,5,wkd_morning,PU
MPL,Bolt,10-20 km,87396c59effffff,5,wkd_day,DO
MPL,Bolt,10-20 km,87396e96dffffff,7,wked_morning,DO
NTE,Bolt,10-20 km,871845b32ffffff,3,wkd_morning,DO
NTE,Bolt,10-20 km,87184584effffff,5,wrek_late_evening,DO
NCE,Bolt,20-30 km,873969a94ffffff,3,wkd_morning,DO
PRG,Bolt,20-30 km,871e35418ffffff,7,wkd_day,PU
ARN,Bolt,40-50 km,87088661dffffff,3,wrek_evening,DO
VIE,Bolt,20-30 km,871e15b45ffffff,2,wkd_morning,DO
VNO,Bolt,50-60 km,871f400acffffff,1,wrek_late_evening,DO
WRO,Bolt,10-20 km,871e20408ffffff,10,wkd_late_evening,PU
JNB,BoltEco,30-40 km,87bcc350affffff,4,wkd_night,PU
JED,Bolt,10-20 km,8753a952bffffff,4,wkd_morning,DO
AMS,Bolt,10-20 km,871968269ffffff,3,wkd_night,DO
BCN,Cabify,20-30 km,873944601ffffff,4,wkd_late_evening,DO
FRA,Bolt,10-20 km,871faeaa9ffffff,1,wrek_evening,PU
IAS,Bolt,5-10 km,871e556e2ffffff,2,wkd_late_evening,DO
CDG,Bolt,20-30 km,871fb4675ffffff,2,wkd_morning,DO
JED,Bolt,20-30 km,8753a9550ffffff,2,wkd_day,DO
LIS,Bolt,5-10 km,873933759ffffff,2,wkd_late_evening,PU
LYS,Bolt,30-40 km,871f90270ffffff,1,wkd_day,PU
ZRH,Bolt,10-20 km,871f83a48ffffff,4,wked_day,PU
EDI,Bolt,10-20 km,871972394ffffff,1,wkd_evening,DO
NCL,Bolt,0-5 km,871973204ffffff,1,wkd_day,DO
ZRH,Bolt,10-20 km,871f8ed90ffffff,9,wkd_day,PU
ZRH,Bolt,10-20 km,871f8ed92ffffff,4,wked_morning,DO
ZRH,Bolt,20-30 km,871f83ae3ffffff,2,wkd_evening,PU
EDI,Bolt,5-10 km,871972760ffffff,1,wkd_night,PU
NCL,Bolt,5-10 km,871973221ffffff,1,wkd_evening,DO
AMS,Bolt,10-20 km,87196826bffffff,4,wked_morning,DO
AMS,Bolt,10-20 km,871969531ffffff,2,wrek_evening,PU
LYS,Bolt,30-40 km,871f90209ffffff,3,wked_day,DO
CDG,Bolt,10-20 km,871fb422effffff,5,wrek_late_evening,PU
DUR,BoltEco,30-40 km,87bc1b66cffffff,2,wrek_late_evening,PU
AMS,Bolt,30-40 km,871969c99ffffff,2,wked_day,PU
AMS,Bolt,20-30 km,871969c9affffff,3,wked_day,PU
BCN,Cabify,10-20 km,87394461dffffff,42,wkd_day,PU
BER,Bolt,5-10 km,871f18b0bffffff,1,wkd_night,DO
BOD,Bolt,5-10 km,87186b6ddffffff,3,wkd_day,PU
OTP,Bolt,5-10 km,871eec6b6ffffff,1,wkd_night,DO
CGN,Bolt,5-10 km,871fa18a8ffffff,4,wkd_morning,DO
CPH,Bolt,10-20 km,871f05993ffffff,1,wkd_day,PU
CPH,Bolt,10-20 km,871f05806ffffff,2,wkd_late_evening,PU
DUS,Bolt,5-10 km,871fa52b3ffffff,16,wkd_late_evening,DO
FRA,Bolt,20-30 km,871fae32dffffff,4,wkd_late_evening,DO
HEL,Bolt,10-20 km,871126d06ffffff,7,wkd_day,DO
LIS,Bolt,0-5 km,873933666ffffff,24,wkd_evening,PU
LIS,Bolt,0-5 km,873933758ffffff,2,wrek_late_evening,DO
NCE,Bolt,20-30 km,873969a86ffffff,5,wkd_day,DO
OSL,Bolt,50-60 km,870999384ffffff,5,wkd_morning,DO
CDG,Bolt,40-50 km,871fb0963ffffff,9,wkd_morning,PU
PRG,Bolt,0-5 km,871e3540effffff,1,wrek_late_evening,DO
SVQ,Cabify,20-30 km,87391c713ffffff,2,wkd_evening,DO
TLS,Bolt,0-5 km,8739601a4ffffff,4,wkd_late_evening,DO
VLC,Cabify,5-10 km,873954013ffffff,1,wkd_morning,PU
VIE,Bolt,20-30 km,871e15a20ffffff,1,wkd_night,DO
VIE,Bolt,20-30 km,871e15b63ffffff,2,wkd_morning,PU
VIE,Bolt,20-30 km,871e15b72ffffff,6,wkd_day,DO
VIE,Bolt,10-20 km,871e15b44ffffff,1,wked_night,DO
DXB,Bolt,10-20 km,8743a1369ffffff,7,wked_night,PU
ATH,Bolt Taxi,30-40 km,871eda75cffffff,19,wkd_day,DO
ATH,Bolt Taxi,30-40 km,871eda743ffffff,9,wrek_late_evening,DO
RUH,Bolt,40-50 km,875355d05ffffff,4,wrek_late_evening,DO
KTW,Bolt,30-40 km,871e232dcffffff,22,wkd_night,DO
ATH,Bolt Taxi,20-30 km,871eda670ffffff,3,wkd_night,DO
JED,Bolt,20-30 km,8753a950cffffff,4,wkd_morning,PU
LYS,Bolt,20-30 km,871f9025affffff,2,wkd_day,PU
OSL,Bolt,40-50 km,87099938affffff,2,wkd_day,PU
JED,Bolt,20-30 km,8753a9421ffffff,1,wkd_morning,DO
LIS,Bolt,10-20 km,8739332b2ffffff,1,wkd_night,DO
MUC,Bolt,50-60 km,871f8d6a4ffffff,1,wkd_day,DO
VNO,Bolt,10-20 km,871f40a8bffffff,1,wkd_day,DO
DXB,Bolt,40-50 km,8743a132dffffff,1,wrek_late_evening,PU
MAN,Bolt,10-20 km,871951b72ffffff,2,wked_morning,PU
ZRH,Bolt,0-5 km,871f8ed95ffffff,1,wkd_day,DO
ZRH,Bolt,60-70 km,871f832a1ffffff,2,wkd_morning,PU
ZRH,Bolt,30-40 km,871f83a11ffffff,4,wkd_day,PU
ZRH,Bolt,0-5 km,871f8eda0ffffff,5,wkd_morning,DO
AMS,Bolt,10-20 km,871969531ffffff,7,wkd_night,PU
LIS,Bolt,0-5 km,87393375bffffff,19,wked_night,DO
AGP,Bolt,5-10 km,8739195b1ffffff,1,wrek_late_evening,DO
MUC,Bolt,30-40 km,871f8d7a5ffffff,4,wked_morning,DO
ABV,Bolt,20-30 km,8758f0d20ffffff,1,wked_night,DO
FAO,Bolt,10-20 km,87391024bffffff,3,wked_morning,DO
AMS,Bolt,10-20 km,871969536ffffff,3,wkd_morning,DO
AMS,Bolt,10-20 km,871969535ffffff,3,wked_night,PU
BEY,Bolt,20-30 km,872da2496ffffff,2,wkd_late_evening,DO
BER,Bolt,20-30 km,871f1d4d4ffffff,3,wkd_morning,DO
HEL,Bolt,10-20 km,871126d31ffffff,6,wkd_day,DO
LIS,Bolt,5-10 km,87393360dffffff,4,wkd_evening,PU
LYS,Bolt,30-40 km,871f9020bffffff,7,wkd_night,DO
LYS,Bolt,5-10 km,871f9024bffffff,3,wkd_morning,DO
MMX,Bolt,20-30 km,871f05b01ffffff,6,wkd_night,DO
NTE,Bolt,20-30 km,87186e492ffffff,3,wkd_day,PU
OSL,Bolt,30-40 km,8709992b0ffffff,2,wkd_night,DO
CDG,Bolt,5-10 km,871fb4674ffffff,1,wkd_day,PU
VLC,Cabify,10-20 km,8739540f4ffffff,7,wkd_morning,DO
VLC,Cabify,10-20 km,8739540a9ffffff,4,wked_morning,DO
VIE,Bolt,10-20 km,871e15b44ffffff,12,wkd_evening,DO
ATH,Bolt Taxi,30-40 km,871eda280ffffff,1,wked_day,DO
JED,Bolt,10-20 km,8753a9cd8ffffff,4,wkd_day,DO
BER,Bolt,20-30 km,871f18b34ffffff,3,wkd_night,PU
LIS,Bolt,10-20 km,87393360affffff,2,wkd_night,DO
NCE,Bolt,10-20 km,873969a23ffffff,4,wkd_day,PU
CDG,Bolt,40-50 km,871fb0962ffffff,5,wkd_morning,DO
ARN,Bolt,30-40 km,87088660cffffff,3,wkd_morning,DO
DXB,Bolt,50-60 km,8743a13aeffffff,2,wkd_late_evening,DO
JED,Bolt,20-30 km,8753a9521ffffff,3,wkd_late_evening,DO
VIE,Bolt,20-30 km,871e15a21ffffff,4,wkd_morning,PU
VNO,Bolt,10-20 km,871f40370ffffff,1,wrek_late_evening,DO
DUR,BoltEco,60-70 km,87bc1b2acffffff,1,wkd_day,DO
AMS,Bolt,30-40 km,871969c99ffffff,1,wkd_morning,PU
BEY,Bolt,0-5 km,872da24c6ffffff,1,wked_morning,DO
MUC,Bolt,40-50 km,871f8d71effffff,2,wkd_night,PU
NCE,Bolt,0-5 km,873969a0cffffff,1,wkd_morning,PU
CDG,Bolt,0-5 km,871fb4644ffffff,1,wkd_day,PU
EDI,Bolt,5-10 km,871972761ffffff,3,wked_day,DO
BRS,Bolt,10-20 km,871958396ffffff,4,wkd_evening,PU
LTN,Bolt,20-30 km,87195da18ffffff,1,wrek_late_evening,DO
ZRH,Bolt,0-5 km,871f8ed95ffffff,1,wrek_evening,DO
BRS,Bolt,10-20 km,871958390ffffff,2,wkd_day,DO
BER,Bolt,20-30 km,871f18b25ffffff,4,wked_day,DO
BOD,Bolt,20-30 km,87184d9b0ffffff,4,wked_day,DO
FRA,Bolt,0-5 km,871faea80ffffff,7,wked_morning,DO
AGP,Cabify,5-10 km,8739195b1ffffff,1,wkd_late_evening,DO
NCE,Bolt,30-40 km,873969143ffffff,1,wked_morning,DO
PRG,Bolt,10-20 km,871e35411ffffff,3,wked_night,PU
AMS,Bolt,5-10 km,871969533ffffff,3,wkd_evening,PU
AMS,Bolt,5-10 km,871969516ffffff,3,wkd_day,PU
BEY,Bolt,10-20 km,872da24cdffffff,4,wkd_night,PU
BER,Bolt,20-30 km,871f18b26ffffff,6,wkd_evening,DO
BOD,Bolt,5-10 km,87186b6c8ffffff,1,wkd_morning,PU
OTP,Bolt,20-30 km,871eeeb44ffffff,4,wkd_night,DO
DUS,Bolt,10-20 km,871fa52b2ffffff,8,wkd_day,DO
HEL,Bolt,20-30 km,871126d2effffff,1,wkd_night,PU
HEL,Bolt,30-40 km,871126d30ffffff,9,wkd_day,PU
HEL,Bolt,0-5 km,87089969cffffff,1,wked_day,DO
KRK,Bolt,20-30 km,871e2e699ffffff,2,wkd_day,DO
LIL,Bolt,10-20 km,87194d291ffffff,3,wked_day,PU
MUC,Bolt,70-80 km,871f8d69dffffff,1,wkd_late_evening,PU
MUC,Bolt,40-50 km,871f8d7b4ffffff,4,wkd_night,DO
NTE,Bolt,5-10 km,87184585effffff,1,wkd_morning,DO
NCE,Bolt,10-20 km,873969a40ffffff,1,wkd_day,PU
NCE,Bolt,10-20 km,873969a85ffffff,7,wkd_late_evening,PU
CDG,Bolt,30-40 km,871fb4674ffffff,3,wkd_morning,DO
CDG,Bolt,30-40 km,871fb4662ffffff,10,wked_night,DO
SVQ,Cabify,10-20 km,87391c70affffff,12,wkd_evening,PU
ARN,Bolt,30-40 km,870880d9dffffff,4,wked_night,DO
VLC,Cabify,5-10 km,8739540a0ffffff,3,wkd_late_evening,DO
VIE,Bolt,20-30 km,871e15b75ffffff,14,wkd_morning,DO
DXB,Bolt,5-10 km,8743accaeffffff,2,wrek_late_evening,PU
DXB,Bolt,30-40 km,8743a130effffff,3,wked_morning,PU
ATH,Bolt Taxi,0-5 km,871eda29cffffff,2,wkd_late_evening,DO
ATH,Bolt Taxi,30-40 km,871eda743ffffff,11,wked_night,PU
ATH,Bolt Taxi,5-10 km,871eda743ffffff,1,wkd_late_evening,PU
JED,Bolt,20-30 km,8753a9542ffffff,6,wkd_night,DO
JED,Bolt,5-10 km,8753a9cd3ffffff,2,wked_morning,PU
BCN,Cabify,0-5 km,873944716ffffff,1,wkd_late_evening,DO
CPH,Bolt,20-30 km,871f0591cffffff,1,wkd_night,PU
DXB,Bolt,30-40 km,8743a130dffffff,2,wkd_morning,PU
RUH,Bolt,20-30 km,875373696ffffff,2,wked_night,DO
JED,Bolt,10-20 km,8753a9521ffffff,2,wkd_morning,PU
AMS,Bolt,10-20 km,871969531ffffff,3,wked_day,PU
BOD,Bolt,10-20 km,87184dd64ffffff,2,wrek_evening,PU
OTP,Bolt,0-5 km,871eec79effffff,1,wkd_morning,PU
FRA,Bolt,20-30 km,871fae8dbffffff,2,wkd_day,DO
HEL,Bolt,20-30 km,8708996a4ffffff,3,wkd_morning,DO
BER,Bolt,40-50 km,871f18b15ffffff,1,wkd_day,DO
LIS,Bolt,5-10 km,873933750ffffff,1,wkd_night,DO
SXB,Bolt,10-20 km,871f85600ffffff,6,wked_day,DO
FAO,Bolt,20-30 km,8739115b4ffffff,1,wked_morning,PU
BCN,Cabify,10-20 km,873944603ffffff,3,wked_night,DO
MAD,Cabify,5-10 km,87390cb5affffff,11,wrek_evening,PU
SVQ,Cabify,20-30 km,87391c718ffffff,3,wked_day,DO
SVQ,Cabify,10-20 km,87391c708ffffff,13,wrek_evening,DO
VIE,Bolt,20-30 km,871e15b61ffffff,4,wrek_evening,PU
JNB,BoltEco,0-5 km,87bcc2248ffffff,14,wrek_evening,DO
AMS,Bolt,20-30 km,871969c99ffffff,5,wkd_day,DO
BCN,Cabify,10-20 km,87394460affffff,3,wkd_night,PU
BCN,Cabify,10-20 km,87394461dffffff,4,wkd_morning,PU
BOD,Bolt,20-30 km,87186b6c8ffffff,10,wkd_night,PU
CPH,Bolt,5-10 km,871f05804ffffff,3,wked_morning,DO
DUS,Bolt,5-10 km,871fa52b1ffffff,2,wkd_late_evening,PU
FRA,Bolt,10-20 km,871faeaa9ffffff,8,wkd_evening,PU
GOT,Bolt,20-30 km,871f2506dffffff,10,wkd_morning,DO
HEL,Bolt,10-20 km,871126d06ffffff,15,wkd_morning,DO
HEL,Bolt,20-30 km,87089969dffffff,2,wkd_day,DO
KRK,Bolt,10-20 km,871e2e6b0ffffff,14,wkd_morning,DO
KRK,Bolt,10-20 km,871e2e6b5ffffff,5,wkd_night,DO
OSL,Bolt,40-50 km,870999384ffffff,5,wkd_night,DO
ARN,Bolt,40-50 km,870886600ffffff,2,wkd_morning,DO
TLS,Bolt,10-20 km,8739601adffffff,4,wkd_morning,DO
VIE,Bolt,10-20 km,871e15b4effffff,9,wkd_day,PU
DXB,Bolt,5-10 km,8743acd9affffff,2,wrek_evening,PU
DUR,BoltEco,20-30 km,87bcf59a4ffffff,1,wkd_day,PU
ATH,Bolt Taxi,20-30 km,871eda769ffffff,3,wkd_day,DO
NBO,Bolt Basic,5-10 km,877a6e501ffffff,3,wkd_evening,DO
RUH,Bolt,10-20 km,8753736a9ffffff,3,wkd_day,DO
AMS,Bolt,10-20 km,871969520ffffff,2,wkd_morning,DO
BCN,Cabify,5-10 km,8739446b5ffffff,1,wkd_evening,DO
CLJ,Bolt,10-20 km,871e0b383ffffff,1,wkd_day,DO
DOH,TaxiF Eco+,10-20 km,87536bce2ffffff,4,wkd_night,DO
DUS,Bolt,10-20 km,871fa52b3ffffff,3,wkd_day,PU
KRK,Bolt,0-5 km,871e2e6b1ffffff,1,wkd_night,DO
MLA,Bolt,5-10 km,873f304edffffff,3,wked_morning,DO
MRS,Bolt,20-30 km,873968172ffffff,2,wked_day,DO
MPL,Bolt,10-20 km,87396c590ffffff,3,wkd_day,DO
POZ,Bolt,5-10 km,871e24ab4ffffff,1,wkd_night,PU
ARN,Bolt,50-60 km,8708866adffffff,1,wkd_day,PU
VNO,Bolt,20-30 km,871f40af0ffffff,4,wkd_night,DO
DUS,Bolt,10-20 km,871fa52b0ffffff,1,wkd_late_evening,PU
AGP,Bolt,20-30 km,873919584ffffff,4,wkd_day,PU
SVQ,Cabify,0-5 km,87391c750ffffff,1,wkd_night,DO
VIE,Bolt,0-5 km,871e15b73ffffff,1,wkd_morning,DO
JED,Bolt,10-20 km,8753a9573ffffff,1,wkd_late_evening,DO
AMS,Bolt,30-40 km,871969c99ffffff,2,wkd_night,PU
PRG,Bolt,10-20 km,871e35418ffffff,2,wrek_late_evening,DO
RTM,Bolt,5-10 km,87196ba20ffffff,1,wkd_night,DO
MAN,Bolt,5-10 km,871951b53ffffff,2,wked_morning,DO
EDI,Bolt,5-10 km,87197276effffff,2,wkd_day,DO
AMS,Bolt,20-30 km,871969526ffffff,10,wrek_evening,DO
MPL,Bolt,20-30 km,87396c590ffffff,5,wked_morning,PU
OSL,Bolt,70-80 km,87099906affffff,3,wked_morning,DO
TLS,Bolt,5-10 km,8739601aaffffff,4,wkd_late_evening,PU
GDN,Bolt,10-20 km,871f09b24ffffff,7,wked_morning,DO
DXB,Bolt,20-30 km,8743a1345ffffff,1,wrek_late_evening,PU
ATH,Bolt Taxi,30-40 km,871eda74effffff,4,wrek_evening,PU
FAO,Bolt,10-20 km,873910248ffffff,3,wkd_morning,DO
FAO,Bolt,40-50 km,87391020affffff,13,wkd_evening,PU
BCN,Cabify,0-5 km,873944603ffffff,2,wkd_day,PU
CPH,Bolt,20-30 km,871f05993ffffff,2,wkd_morning,PU
LYS,Bolt,10-20 km,871f91434ffffff,3,wkd_day,PU
MUC,Bolt,30-40 km,871f8d716ffffff,2,wkd_late_evening,PU
MUC,Bolt,5-10 km,871f8d0f2ffffff,8,wkd_night,DO
NTE,Bolt,20-30 km,87184586affffff,2,wked_night,PU
OSL,Bolt,40-50 km,870999381ffffff,9,wked_day,DO
CDG,Bolt,30-40 km,871fb4670ffffff,24,wkd_night,PU
RTM,Bolt,10-20 km,87196b84bffffff,2,wkd_late_evening,PU
ARN,Bolt,30-40 km,87088662effffff,3,wkd_morning,PU
ARN,Bolt,20-30 km,870886758ffffff,5,wkd_day,DO
GDN,Bolt,10-20 km,871f09b35ffffff,4,wkd_day,DO
GDN,Bolt,5-10 km,871f09b20ffffff,1,wrek_evening,DO
DXB,Bolt,30-40 km,8743a1328ffffff,3,wked_day,PU
JNB,BoltEco,20-30 km,87bcc352cffffff,6,wkd_day,DO
JNB,BoltEco,20-30 km,87bcc350cffffff,4,wkd_evening,PU
JED,Bolt,30-40 km,8753a9509ffffff,2,wkd_evening,PU
JED,Bolt,20-30 km,8753a950dffffff,4,wked_day,DO
ARN,Bolt,5-10 km,87088661dffffff,1,wkd_morning,DO
GDN,Bolt,5-10 km,871f09b20ffffff,1,wkd_day,DO
VIE,Bolt,20-30 km,871e15b5effffff,4,wkd_late_evening,PU
DUS,Bolt,20-30 km,871fa50e9ffffff,1,wkd_night,PU
KRK,Bolt,10-20 km,871e2e690ffffff,2,wkd_morning,DO
LYS,Bolt,30-40 km,871f90256ffffff,1,wkd_late_evening,DO
MRS,Bolt,20-30 km,87396802cffffff,1,wkd_late_evening,PU
GDN,Bolt,20-30 km,871f724aeffffff,1,wkd_evening,DO
GDN,Bolt,0-5 km,871f724aeffffff,1,wkd_late_evening,PU
JNB,BoltEco,20-30 km,87bcc352cffffff,2,wkd_morning,DO
NBO,Bolt Basic,10-20 km,877a6e428ffffff,1,wked_morning,DO
HEL,Bolt,0-5 km,871126d06ffffff,1,wkd_morning,DO
AGP,Cabify,0-5 km,8739195b1ffffff,1,wkd_night,PU
MUC,Bolt,30-40 km,871f8d7a5ffffff,1,wkd_morning,PU
JNB,BoltEco,30-40 km,87bcc350affffff,1,wked_morning,PU
DUR,BoltEco,10-20 km,87bc1b6eeffffff,1,wkd_morning,PU
JED,Bolt,5-10 km,8753a9cc3ffffff,1,wkd_day,DO
ZRH,Bolt,10-20 km,871f8ed90ffffff,4,wrek_evening,DO
BHX,Bolt,10-20 km,87195c05bffffff,7,wkd_morning,DO
NCL,Bolt,0-5 km,871973220ffffff,2,wkd_evening,PU
BCN,Cabify,20-30 km,87394460cffffff,11,wked_morning,DO
BOD,Bolt,10-20 km,87184dd65ffffff,2,wkd_late_evening,DO
NCE,Bolt,50-60 km,873969035ffffff,2,wrek_late_evening,PU
CDG,Bolt,40-50 km,871fb0962ffffff,5,wrek_evening,PU
WAW,Bolt,5-10 km,871f52261ffffff,29,wrek_late_evening,DO
DUR,BoltEco,10-20 km,87bc1b6e8ffffff,18,wked_day,PU
FAO,Bolt,40-50 km,87391020effffff,5,wked_day,PU
AMS,Bolt,10-20 km,871969534ffffff,4,wkd_night,PU
AMS,Bolt,0-5 km,871969530ffffff,1,wked_night,PU
BCN,Cabify,10-20 km,87394460effffff,29,wkd_morning,PU
BCN,Cabify,10-20 km,873944603ffffff,11,wkd_late_evening,DO
BEY,Bolt,10-20 km,872da24eaffffff,1,wkd_night,DO
BEY,Bolt,5-10 km,872da24e5ffffff,4,wkd_late_evening,PU
OTP,Bolt,10-20 km,871eeeb6bffffff,8,wkd_evening,PU
OTP,Bolt,5-10 km,871eeeb44ffffff,1,wked_night,DO
DUS,Bolt,5-10 km,871fa52b3ffffff,11,wkd_day,PU
DUS,Bolt,10-20 km,871fa52b3ffffff,26,wkd_day,DO
HEL,Bolt,10-20 km,871126d20ffffff,3,wked_night,PU
KRK,Bolt,20-30 km,871e2e695ffffff,2,wkd_day,DO
AGP,Cabify,10-20 km,8739182dbffffff,22,wkd_late_evening,DO
NCE,Bolt,10-20 km,873969aa6ffffff,4,wkd_morning,PU
NCE,Bolt,20-30 km,873969b9dffffff,4,wkd_day,PU
NCE,Bolt,5-10 km,873969a0effffff,3,wkd_night,PU
OSL,Bolt,40-50 km,870999399ffffff,3,wkd_evening,DO
OSL,Bolt,50-60 km,870999312ffffff,7,wkd_day,DO
OSL,Bolt,40-50 km,870999380ffffff,2,wrek_late_evening,DO
PRG,Bolt,5-10 km,871e35411ffffff,1,wked_morning,DO
TLS,Bolt,10-20 km,8739601aaffffff,8,wkd_late_evening,PU
TLS,Bolt,10-20 km,873960185ffffff,10,wkd_day,DO
VIE,Bolt,10-20 km,871e15b46ffffff,44,wkd_evening,DO
DXB,Bolt,30-40 km,8743acc56ffffff,3,wkd_night,PU
JNB,BoltEco,20-30 km,87bcc3cd3ffffff,8,wkd_morning,DO
DUR,BoltEco,30-40 km,87bc1b648ffffff,2,wkd_morning,DO
ATH,Bolt Taxi,30-40 km,871eda74effffff,20,wkd_night,DO
ATH,Bolt Taxi,0-5 km,871eda29affffff,4,wkd_morning,DO
ATH,Bolt Taxi,10-20 km,873f74925ffffff,8,wked_morning,DO
ATH,Bolt Taxi,10-20 km,871eda280ffffff,2,wked_day,PU
NBO,Bolt Basic,20-30 km,877a6e428ffffff,2,wkd_day,DO
RUH,Bolt,10-20 km,875373684ffffff,4,wrek_evening,DO
DBV,Bolt,0-5 km,871e8db74ffffff,1,wked_morning,DO
GOT,Bolt,30-40 km,871f25a98ffffff,3,wkd_night,PU
NCE,Bolt,20-30 km,873969aa6ffffff,2,wkd_late_evening,DO
TSR,Bolt,10-20 km,871e19283ffffff,2,wkd_evening,DO
FRA,Bolt,20-30 km,871faea1affffff,1,wked_morning,DO
FAO,Bolt,0-5 km,873911583ffffff,1,wkd_late_evening,DO
CGN,Bolt,20-30 km,871fa18e4ffffff,2,wkd_morning,DO
NTE,Bolt,10-20 km,87184584cffffff,1,wrek_late_evening,DO
ORY,Bolt,10-20 km,871fb4670ffffff,1,wked_morning,DO
PRG,Bolt,10-20 km,871e35410ffffff,1,wkd_morning,DO
VLC,Cabify,0-5 km,87395401bffffff,1,wked_morning,DO
ZRH,Bolt,10-20 km,871f8edb2ffffff,3,wked_morning,DO
MAN,Bolt,0-5 km,871951b5affffff,3,wkd_morning,PU
ZRH,Bolt,0-5 km,871f8ec22ffffff,1,wkd_late_evening,DO
EMA,Bolt,5-10 km,87194348affffff,1,wked_day,DO
FAO,Bolt,20-30 km,873910251ffffff,3,wked_morning,DO
AMS,Bolt,10-20 km,871969530ffffff,5,wked_night,PU
LIL,Bolt,10-20 km,87194d29effffff,4,wked_morning,DO
LYS,Bolt,20-30 km,871f90256ffffff,3,wrek_late_evening,PU
OSL,Bolt,10-20 km,8708a45b4ffffff,2,wked_night,DO
OSL,Bolt,50-60 km,8709993a2ffffff,1,wkd_late_evening,PU
ARN,Bolt,5-10 km,870886211ffffff,4,wked_night,DO
DXB,Bolt,0-5 km,8743acca2ffffff,7,wked_morning,DO
AMS,Bolt,10-20 km,871969535ffffff,68,wkd_day,PU
AMS,Bolt,30-40 km,871969c8bffffff,3,wkd_day,DO
BEY,Bolt,0-5 km,872da24e1ffffff,1,wkd_late_evening,DO
BOD,Bolt,60-70 km,87184c269ffffff,5,wkd_day,DO
FRA,Bolt,10-20 km,871faea1affffff,5,wked_morning,PU
GOT,Bolt,20-30 km,871f2506dffffff,10,wkd_day,PU
HEL,Bolt,0-5 km,871126d33ffffff,3,wkd_morning,DO
LIS,Bolt,0-5 km,87393375bffffff,4,wked_day,DO
LYS,Bolt,30-40 km,871f90209ffffff,4,wkd_morning,PU
LYS,Bolt,20-30 km,871f90263ffffff,4,wkd_morning,DO
MAD,Cabify,30-40 km,87390ca84ffffff,6,wked_night,PU
AGP,Cabify,10-20 km,8739182dbffffff,17,wked_night,DO
OSL,Bolt,50-60 km,870999384ffffff,8,wkd_day,PU
ORY,Bolt,10-20 km,871fb4676ffffff,4,wkd_morning,PU
PRG,Bolt,5-10 km,871e3541effffff,1,wked_morning,PU
RTM,Bolt,0-5 km,87196ba24ffffff,5,wkd_day,DO
GDN,Bolt,10-20 km,871f09b20ffffff,46,wkd_day,PU
GDN,Bolt,10-20 km,871f724aeffffff,1,wkd_night,PU
WRO,Bolt,20-30 km,871e204e4ffffff,2,wkd_night,DO
DXB,Bolt,10-20 km,8743a1368ffffff,26,wkd_late_evening,PU
DXB,Bolt,0-5 km,8743acca2ffffff,6,wkd_night,DO
DUR,BoltEco,30-40 km,87bc1b66effffff,8,wkd_morning,DO
AMS,Bolt,20-30 km,871969526ffffff,5,wkd_morning,PU
BCN,Cabify,0-5 km,873944600ffffff,1,wkd_late_evening,DO
OTP,Bolt,10-20 km,871eeeb4dffffff,1,wkd_night,DO
CLJ,Bolt,5-10 km,871e0b230ffffff,1,wkd_day,PU
AGP,Bolt,10-20 km,873919585ffffff,1,wrek_evening,PU
MLA,Bolt,5-10 km,873f304edffffff,2,wked_morning,PU
MRS,Bolt,5-10 km,873968153ffffff,1,wkd_late_evening,DO
TSR,Bolt,20-30 km,871e19299ffffff,1,wkd_late_evening,DO
NTE,Bolt,0-5 km,87184584bffffff,1,wrek_evening,DO
HEL,Bolt,10-20 km,871126d33ffffff,1,wked_morning,PU
VNO,Bolt,0-5 km,871f4030cffffff,1,wkd_morning,PU
NBO,Bolt Basic,40-50 km,877a6e4b5ffffff,1,wkd_late_evening,DO
JED,Bolt,10-20 km,8753a955dffffff,1,wkd_night,DO
EDI,Bolt,10-20 km,8719720cbffffff,3,wked_morning,PU
ZRH,Bolt,5-10 km,871f8edb1ffffff,4,wkd_night,DO
ZRH,Bolt,20-30 km,871f8eda3ffffff,1,wkd_late_evening,DO
BOD,Bolt,20-30 km,87186b6c8ffffff,5,wked_morning,DO
LYS,Bolt,10-20 km,871f9025affffff,6,wked_day,DO
FAO,Bolt,10-20 km,873910258ffffff,2,wrek_late_evening,DO
FAO,Bolt,40-50 km,873911463ffffff,4,wked_morning,DO
CPH,Bolt,20-30 km,871f059adffffff,4,wkd_morning,DO
DOH,TaxiF Eco+,10-20 km,87536bc0effffff,11,wkd_evening,DO
HEL,Bolt,20-30 km,871126d33ffffff,2,wked_morning,PU
LIS,Bolt,10-20 km,873933629ffffff,4,wkd_night,PU
LYS,Bolt,30-40 km,871f90209ffffff,20,wkd_day,PU
MRS,Bolt,20-30 km,873968150ffffff,17,wkd_night,DO
MRS,Bolt,20-30 km,87396802cffffff,6,wkd_day,PU
NTE,Bolt,5-10 km,871845858ffffff,2,wked_morning,DO
NCE,Bolt,10-20 km,873969a09ffffff,3,wkd_morning,DO
OSL,Bolt,40-50 km,870999380ffffff,4,wkd_night,PU
CDG,Bolt,30-40 km,871fb4670ffffff,4,wked_day,DO
SVQ,Cabify,0-5 km,87391c70affffff,1,wkd_evening,PU
TLS,Bolt,0-5 km,8739601a5ffffff,5,wkd_day,DO
GDN,Bolt,10-20 km,871f09b24ffffff,3,wked_day,PU
VLC,Cabify,10-20 km,87395401effffff,3,wkd_day,DO
JNB,BoltEco,0-5 km,87bcc2248ffffff,29,wkd_late_evening,DO
DUR,BoltEco,10-20 km,87bc1b6c1ffffff,1,wkd_late_evening,PU
ATH,Bolt Taxi,20-30 km,871eda673ffffff,4,wkd_day,DO
JED,Bolt,20-30 km,8753a9509ffffff,2,wkd_night,DO
CPH,Bolt,5-10 km,871f05831ffffff,1,wkd_morning,PU
DBV,Bolt,20-30 km,871e8db42ffffff,6,wkd_day,DO
PRG,Bolt,20-30 km,871e30b24ffffff,3,wkd_night,PU
SXB,Bolt,10-20 km,871f85600ffffff,8,wkd_day,DO
TSR,Bolt,20-30 km,871ee6926ffffff,1,wrek_late_evening,DO
JED,Bolt,30-40 km,8753a9551ffffff,1,wkd_night,DO
GDN,Bolt,30-40 km,871f724d2ffffff,2,wkd_day,DO
CLJ,Bolt,5-10 km,871e0b38effffff,1,wked_day,PU
HEL,Bolt,20-30 km,87089968affffff,1,wkd_morning,DO
NCL,Bolt,5-10 km,871973225ffffff,3,wkd_day,DO
ZRH,Bolt,5-10 km,871f83acdffffff,1,wrek_evening,PU
ZRH,Bolt,5-10 km,871f8edb0ffffff,2,wkd_evening,PU
EDI,Bolt,5-10 km,871972763ffffff,1,wkd_evening,DO
BHX,Bolt,20-30 km,87195c002ffffff,2,wkd_day,DO
MAN,Bolt,30-40 km,871951b84ffffff,2,wkd_evening,DO
BHX,Bolt,5-10 km,87195c3adffffff,1,wkd_morning,DO
AMS,Bolt,10-20 km,8719695aaffffff,2,wkd_late_evening,PU
MPL,Bolt,10-20 km,87396c590ffffff,5,wked_morning,PU
MUC,Bolt,30-40 km,871f8d44affffff,4,wked_morning,PU
PRG,Bolt,10-20 km,871e354adffffff,4,wrek_late_evening,PU
CAI,Didi FLEX,30-40 km,873e62b01ffffff,3,wkd_night,DO
FAO,Bolt,40-50 km,87391020affffff,11,wkd_morning,PU
BOD,Bolt,10-20 km,87186b6c3ffffff,4,wkd_late_evening,PU
BOD,Bolt,20-30 km,87186b6cdffffff,4,wkd_day,DO
OTP,Bolt,10-20 km,871eec79effffff,3,wkd_night,PU
OTP,Bolt,10-20 km,871eeeb6affffff,4,wked_morning,DO
CPH,Bolt,60-70 km,871f232a6ffffff,3,wrek_evening,PU
DUS,Bolt,5-10 km,871fa52a5ffffff,1,wkd_night,PU
DUS,Bolt,10-20 km,871fa52b2ffffff,3,wkd_morning,DO
DUS,Bolt,10-20 km,871fa52b3ffffff,7,wked_night,DO
HEL,Bolt,5-10 km,871126d74ffffff,6,wkd_night,DO
LIS,Bolt,10-20 km,873933742ffffff,7,wkd_morning,DO
AGP,Cabify,10-20 km,8739195b1ffffff,15,wrek_evening,DO
MRS,Bolt,5-10 km,8739688d0ffffff,4,wkd_morning,PU
MUC,Bolt,30-40 km,871f8d7a4ffffff,2,wked_morning,DO
NTE,Bolt,10-20 km,871845859ffffff,1,wkd_evening,PU
CDG,Bolt,30-40 km,871fb4670ffffff,2,wrek_late_evening,DO
PRG,Bolt,0-5 km,871e3541affffff,10,wkd_day,PU
ARN,Bolt,40-50 km,87088661affffff,3,wkd_day,PU
TLS,Bolt,5-10 km,8739601a3ffffff,8,wkd_late_evening,PU
VIE,Bolt,20-30 km,871e15b73ffffff,21,wkd_morning,DO
WRO,Bolt,10-20 km,871e205abffffff,2,wkd_evening,PU
DXB,Bolt,30-40 km,8743a1303ffffff,2,wkd_night,DO
JED,Bolt,10-20 km,8753a9ce0ffffff,5,wked_morning,DO
JED,Bolt,10-20 km,8753a9529ffffff,11,wked_morning,DO
FAO,Bolt,40-50 km,873911444ffffff,2,wkd_late_evening,PU
AMS,Bolt,10-20 km,8719695aaffffff,4,wkd_day,PU
CLJ,Bolt,5-10 km,871e0b3abffffff,2,wkd_night,DO
CLJ,Bolt,5-10 km,871e0b38effffff,3,wrek_late_evening,PU
CGN,Bolt,10-20 km,871fa198bffffff,2,wkd_day,DO
CPH,Bolt,10-20 km,871f05822ffffff,2,wrek_late_evening,DO
HEL,Bolt,20-30 km,871126d00ffffff,2,wkd_day,PU
LIS,Bolt,10-20 km,87393362bffffff,3,wkd_morning,DO
MPL,Bolt,0-5 km,87396c4b4ffffff,3,wkd_day,PU
VIE,Bolt,0-5 km,871e15b54ffffff,1,wrek_evening,PU
VNO,Bolt,10-20 km,871f4032affffff,1,wked_morning,PU
WRO,Bolt,10-20 km,871e2040dffffff,1,wrek_late_evening,PU
ATH,Bolt Taxi,5-10 km,871eda74effffff,1,wked_day,DO
AMS,Bolt,50-60 km,87196909cffffff,2,wkd_late_evening,PU
NCE,Bolt,10-20 km,873969a32ffffff,2,wkd_night,DO
AMS,Bolt,20-30 km,871969530ffffff,1,wkd_morning,DO
AMS,Bolt,40-50 km,871969082ffffff,1,wkd_morning,PU
AMS,Bolt,0-5 km,871969531ffffff,1,wkd_evening,PU
CGN,Bolt,0-5 km,871fa1999ffffff,1,wked_night,DO
DBV,Bolt,20-30 km,871e8db42ffffff,1,wked_night,DO
LYS,Bolt,10-20 km,871f90263ffffff,1,wkd_morning,DO
JED,Bolt,10-20 km,8753a9572ffffff,1,wked_morning,PU
MAN,Bolt,10-20 km,871951b62ffffff,4,wkd_night,DO
NCL,Bolt,5-10 km,871973220ffffff,1,wkd_evening,PU
ZRH,Bolt,30-40 km,871f816d3ffffff,4,wkd_late_evening,DO
ZRH,Bolt,5-10 km,871f8edb1ffffff,4,wkd_evening,DO
BCN,Cabify,10-20 km,87394460effffff,26,wked_morning,DO
BEY,Bolt,5-10 km,872da24e1ffffff,10,wkd_night,DO
GOT,Bolt,20-30 km,871f25a9effffff,14,wked_morning,DO
GOT,Bolt,20-30 km,871f25336ffffff,1,wked_day,DO
PRG,Bolt,20-30 km,871e3541affffff,3,wrek_late_evening,PU
GDN,Bolt,10-20 km,871f09b20ffffff,10,wked_day,PU
BCN,Cabify,10-20 km,87394461cffffff,4,wked_night,PU
BER,Bolt,20-30 km,871f1d49bffffff,3,wkd_late_evening,DO
BER,Bolt,0-5 km,871f18b08ffffff,1,wkd_day,DO
BER,Bolt,10-20 km,871f18a32ffffff,2,wrek_late_evening,PU
DOH,TaxiF Eco+,10-20 km,87536bc18ffffff,6,wrek_late_evening,DO
DUS,Bolt,5-10 km,871fa539affffff,21,wkd_day,DO
DUS,Bolt,10-20 km,871fa52b2ffffff,1,wkd_day,PU
FRA,Bolt,10-20 km,871faeaa3ffffff,8,wkd_night,DO
GOT,Bolt,20-30 km,871f2506dffffff,7,wkd_evening,PU
HEL,Bolt,0-5 km,8708996daffffff,4,wked_day,DO
KRK,Bolt,10-20 km,871e2e6b1ffffff,38,wkd_evening,DO
OSL,Bolt,50-60 km,870999386ffffff,10,wkd_late_evening,DO
CDG,Bolt,40-50 km,871fb0962ffffff,38,wkd_morning,PU
PRG,Bolt,10-20 km,871e3541effffff,62,wkd_day,DO
PRG,Bolt,10-20 km,871e3541affffff,22,wkd_day,PU
PRG,Bolt,0-5 km,871e35418ffffff,2,wkd_morning,DO
VIE,Bolt,5-10 km,871e15b44ffffff,1,wkd_day,DO
VIE,Bolt,10-20 km,871e15b40ffffff,13,wkd_day,DO
VIE,Bolt,20-30 km,871e064dbffffff,4,wkd_late_evening,PU
WRO,Bolt,10-20 km,871e2041affffff,2,wkd_evening,DO
DXB,Bolt,40-50 km,8743a1305ffffff,4,wkd_morning,PU
DUR,BoltEco,50-60 km,87bcf5d1cffffff,1,wkd_morning,DO
ATH,Bolt Taxi,20-30 km,871eda651ffffff,4,wkd_late_evening,DO
JED,Bolt,5-10 km,8753a9cd3ffffff,3,wkd_morning,PU
BER,Bolt,10-20 km,871f18b28ffffff,3,wkd_morning,DO
MAD,Cabify,10-20 km,87390cb1bffffff,27,wkd_morning,PU
TSR,Bolt,0-5 km,871e192f6ffffff,2,wkd_morning,DO
TSR,Bolt,0-5 km,871e192f6ffffff,5,wrek_late_evening,DO
TLS,Bolt,10-20 km,8739601b0ffffff,2,wrek_evening,DO
AMS,Bolt,10-20 km,871969526ffffff,1,wrek_evening,PU
BOD,Bolt,20-30 km,87186b6ddffffff,1,wkd_night,DO
HEL,Bolt,0-5 km,871126d75ffffff,1,wrek_evening,PU
OTP,Bolt,0-5 km,871eec7b0ffffff,1,wked_day,PU
ATH,Bolt Taxi,5-10 km,871eda75dffffff,1,wkd_night,DO
KRK,Bolt,10-20 km,871e2e6b1ffffff,34,wkd_night,PU
CDG,Bolt,20-30 km,871fb4666ffffff,21,wkd_late_evening,PU
VNO,Bolt,10-20 km,871f40329ffffff,2,wked_morning,DO
FAO,Bolt,10-20 km,873911588ffffff,3,wkd_day,DO
AMS,Bolt,10-20 km,871969523ffffff,10,wkd_day,DO
AMS,Bolt,5-10 km,8719695acffffff,5,wkd_day,DO
BEY,Bolt,10-20 km,872da24c1ffffff,4,wkd_night,DO
DUS,Bolt,10-20 km,871fa52b3ffffff,12,wkd_late_evening,PU
FRA,Bolt,20-30 km,871fae154ffffff,4,wkd_morning,DO
GOT,Bolt,30-40 km,871f25a86ffffff,6,wrek_evening,PU
GOT,Bolt,30-40 km,871f25045ffffff,1,wkd_night,PU
HEL,Bolt,20-30 km,871126d33ffffff,36,wkd_day,DO
HEL,Bolt,30-40 km,871126d33ffffff,10,wkd_day,PU
NCE,Bolt,10-20 km,873969a12ffffff,8,wkd_day,DO
NCE,Bolt,0-5 km,873969a85ffffff,1,wkd_night,PU
PRG,Bolt,10-20 km,871e3541affffff,7,wkd_evening,PU
SVQ,Cabify,10-20 km,87391c70dffffff,2,wkd_morning,DO
VIE,Bolt,20-30 km,871e15a21ffffff,4,wkd_night,DO
DXB,Bolt,5-10 km,8743acd99ffffff,2,wkd_morning,PU
DUR,BoltEco,30-40 km,87bc1b663ffffff,5,wkd_day,DO
NBO,Bolt Basic,10-20 km,877a6e42dffffff,1,wkd_night,DO
JED,Bolt,30-40 km,8753a955bffffff,5,wked_morning,DO
MLA,Bolt,5-10 km,873f304edffffff,4,wked_day,PU
DXB,Bolt,10-20 km,8743acd9affffff,3,wkd_night,DO
JNB,BoltEco,20-30 km,87bcc35a9ffffff,3,wkd_day,PU
DOH,TaxiF Eco+,0-5 km,87536bc19ffffff,1,wrek_evening,DO
HEL,Bolt,10-20 km,871126d05ffffff,1,wkd_morning,PU
ARN,Bolt,30-40 km,87088661dffffff,2,wkd_morning,PU
TLS,Bolt,10-20 km,8739601abffffff,1,wkd_day,PU
VNO,Bolt,10-20 km,871f40af0ffffff,1,wkd_night,PU
NCE,Bolt,0-5 km,873969a03ffffff,1,wkd_evening,DO
DXB,Bolt,0-5 km,8743acca6ffffff,1,wkd_day,PU
ZRH,Bolt,0-5 km,871f8ed95ffffff,1,wkd_evening,DO
ZRH,Bolt,10-20 km,871f83acdffffff,3,wked_day,PU
BER,Bolt,20-30 km,871f1d4d6ffffff,6,wkd_late_evening,DO
BOD,Bolt,5-10 km,87186b6caffffff,1,wkd_night,PU
LIS,Bolt,30-40 km,873933715ffffff,3,wked_morning,DO
MUC,Bolt,0-5 km,871f8d0c5ffffff,2,wrek_late_evening,PU
WAW,Bolt,5-10 km,871f53c93ffffff,48,wked_night,DO
CGN,Bolt,10-20 km,871fa18a6ffffff,3,wkd_evening,DO
CPH,Bolt,30-40 km,871f05915ffffff,4,wkd_day,DO
FRA,Bolt,20-30 km,871fae8daffffff,4,wkd_night,DO
FRA,Bolt,10-20 km,871faeaadffffff,3,wkd_morning,PU
HEL,Bolt,10-20 km,871126d05ffffff,2,wkd_night,PU
HEL,Bolt,20-30 km,87089969bffffff,2,wkd_day,DO
LYS,Bolt,10-20 km,871f9025dffffff,3,wkd_morning,DO
AGP,Cabify,20-30 km,8739195aaffffff,28,wkd_evening,DO
MRS,Bolt,5-10 km,873968125ffffff,6,wkd_morning,DO
NTE,Bolt,10-20 km,87184585cffffff,5,wkd_evening,PU
NTE,Bolt,5-10 km,87184585dffffff,2,wked_morning,DO
NCE,Bolt,10-20 km,873969a12ffffff,5,wked_morning,DO
CDG,Bolt,30-40 km,871fb4644ffffff,23,wkd_late_evening,PU
CDG,Bolt,40-50 km,871fb0962ffffff,35,wkd_late_evening,PU
ARN,Bolt,30-40 km,870886601ffffff,3,wkd_evening,PU
GDN,Bolt,10-20 km,871f72488ffffff,9,wkd_day,DO
ATH,Bolt Taxi,30-40 km,871eda75dffffff,14,wkd_day,PU
ATH,Bolt Taxi,40-50 km,871eda743ffffff,6,wkd_evening,PU
ATH,Bolt Taxi,30-40 km,871eda75dffffff,2,wkd_morning,PU
JED,Bolt,30-40 km,8753a942cffffff,3,wkd_night,DO
CAI,Didi FLEX,10-20 km,873e62873ffffff,1,wked_day,DO
DUS,Bolt,0-5 km,871fa539affffff,2,wkd_morning,PU
NTE,Bolt,20-30 km,87184586affffff,2,wkd_day,PU
RTM,Bolt,20-30 km,87196bb50ffffff,2,wkd_day,DO
ARN,Bolt,20-30 km,87088661dffffff,1,wkd_morning,DO
TLS,Bolt,10-20 km,8739601aaffffff,6,wkd_evening,DO
GDN,Bolt,10-20 km,871f724a4ffffff,2,wkd_late_evening,PU
VLC,Cabify,5-10 km,873954016ffffff,1,wkd_day,DO
PLZ,BoltEco,0-5 km,87bc7385dffffff,2,wkd_day,PU
SVQ,Cabify,10-20 km,87391c70bffffff,1,wkd_morning,DO
DXB,Bolt,5-10 km,8743acca6ffffff,1,wrek_late_evening,PU
GOT,Bolt,5-10 km,871f25a93ffffff,1,wked_night,DO
EDI,Bolt,10-20 km,871972392ffffff,4,wkd_morning,DO
EDI,Bolt,10-20 km,871972765ffffff,6,wked_day,PU
ZRH,Bolt,10-20 km,871f8ed91ffffff,3,wkd_late_evening,DO
ZRH,Bolt,10-20 km,871f83acdffffff,2,wkd_late_evening,PU
ZRH,Bolt,30-40 km,871f83a0effffff,2,wkd_morning,DO
ZRH,Bolt,20-30 km,871f8edb2ffffff,1,wkd_day,PU
BOD,Bolt,10-20 km,87184dd65ffffff,1,wkd_night,DO
DUS,Bolt,5-10 km,871fa52b0ffffff,5,wked_day,PU
TLS,Bolt,10-20 km,873960ccdffffff,3,wrek_late_evening,DO
AMS,Bolt,30-40 km,871969494ffffff,5,wkd_day,PU
AMS,Bolt,10-20 km,871969526ffffff,2,wked_morning,DO
AMS,Bolt,20-30 km,871969535ffffff,1,wked_morning,PU
BCN,Cabify,40-50 km,8739444c6ffffff,4,wkd_late_evening,PU
BEY,Bolt,10-20 km,872da27b6ffffff,3,wkd_late_evening,DO
BOD,Bolt,0-5 km,87184dd74ffffff,4,wkd_day,PU
HEL,Bolt,10-20 km,871126d05ffffff,3,wkd_evening,DO
KRK,Bolt,20-30 km,871e2e686ffffff,4,wkd_evening,PU
LIS,Bolt,5-10 km,873933628ffffff,4,wked_morning,PU
MPL,Bolt,10-20 km,87396c592ffffff,4,wkd_night,PU
MPL,Bolt,10-20 km,87396c591ffffff,6,wkd_morning,DO
TLS,Bolt,10-20 km,87396018cffffff,3,wrek_late_evening,DO
VIE,Bolt,10-20 km,871e15b71ffffff,3,wkd_night,PU
ABV,Bolt,40-50 km,8758f0d21ffffff,1,wked_morning,DO
AMS,Bolt,5-10 km,871969522ffffff,1,wkd_morning,DO
BCN,Cabify,5-10 km,8739446a0ffffff,2,wkd_late_evening,PU
CLJ,Bolt,5-10 km,871e0b38cffffff,8,wkd_day,PU
CPH,Bolt,0-5 km,871f0581effffff,1,wkd_night,PU
DBV,Bolt,20-30 km,871e8db42ffffff,8,wkd_night,DO
DBV,Bolt,20-30 km,871e8db40ffffff,2,wked_day,DO
HEL,Bolt,20-30 km,8708996d0ffffff,2,wkd_morning,DO
MLA,Bolt,10-20 km,873f30450ffffff,1,wkd_late_evening,DO
SVQ,Cabify,5-10 km,87391c70dffffff,1,wkd_late_evening,PU
TSR,Bolt,10-20 km,871e1929cffffff,1,wkd_night,DO
ATH,Bolt Taxi,0-5 km,871eda295ffffff,1,wkd_evening,DO
WRO,Bolt,10-20 km,871e20429ffffff,1,wkd_night,PU
ATH,Bolt Taxi,20-30 km,871eda753ffffff,1,wkd_late_evening,PU
BOD,Bolt,20-30 km,87186b6ceffffff,1,wkd_day,PU
DXB,Bolt,5-10 km,8743accb0ffffff,1,wrek_late_evening,PU
ZRH,Bolt,10-20 km,871f83a5dffffff,4,wked_day,DO
LTN,Bolt,5-10 km,87195db1effffff,3,wkd_night,DO
ZRH,Bolt,5-10 km,871f8ed95ffffff,5,wkd_morning,PU
BRS,Bolt,10-20 km,871958392ffffff,3,wked_day,DO
LHR,Bolt,10-20 km,87195d20cffffff,1,wked_night,PU
FRA,Bolt,10-20 km,871faeaf1ffffff,4,wrek_evening,PU
KRK,Bolt,10-20 km,871e2e6b1ffffff,23,wkd_night,DO
AGP,Bolt,20-30 km,8739195aaffffff,27,wked_day,DO
NCE,Bolt,10-20 km,873969a0cffffff,2,wrek_late_evening,DO
ORY,Bolt,20-30 km,871fb4666ffffff,14,wked_morning,PU
SVQ,Cabify,40-50 km,87391c6c1ffffff,1,wrek_evening,DO
TLS,Bolt,10-20 km,873960114ffffff,4,wked_day,PU
ATH,Bolt Taxi,20-30 km,871eda2b6ffffff,3,wrek_late_evening,DO
FAO,Bolt,30-40 km,873910208ffffff,3,wkd_morning,DO
AMS,Bolt,50-60 km,87196909cffffff,2,wkd_morning,PU
AMS,Bolt,20-30 km,8719682c5ffffff,4,wkd_evening,PU
AMS,Bolt,20-30 km,871969531ffffff,2,wrek_evening,PU
OTP,Bolt,20-30 km,871eeeb41ffffff,5,wkd_night,DO
CPH,Bolt,20-30 km,871f05992ffffff,4,wkd_day,DO
DOH,TaxiF Eco+,20-30 km,87536bc00ffffff,5,wkd_day,DO
DOH,TaxiF Eco+,20-30 km,87536bc04ffffff,4,wked_night,DO
DUS,Bolt,5-10 km,871fa52b4ffffff,6,wkd_morning,DO
GOT,Bolt,20-30 km,871f2506dffffff,5,wked_morning,DO
HEL,Bolt,10-20 km,871126d24ffffff,1,wkd_night,DO
HEL,Bolt,5-10 km,871126d76ffffff,7,wkd_morning,PU
LYS,Bolt,20-30 km,871f90272ffffff,5,wkd_morning,DO
LYS,Bolt,10-20 km,871f9024affffff,5,wkd_late_evening,DO
MPL,Bolt,10-20 km,87396c59effffff,7,wked_day,DO
MUC,Bolt,30-40 km,871f8d44affffff,11,wkd_evening,PU
NCE,Bolt,20-30 km,873969ab6ffffff,10,wkd_morning,DO
NCE,Bolt,5-10 km,873969a08ffffff,3,wrek_evening,DO
OSL,Bolt,50-60 km,8709993a0ffffff,2,wkd_morning,DO
PRG,Bolt,30-40 km,871e3541bffffff,1,wrek_late_evening,DO
RTM,Bolt,5-10 km,87196bb56ffffff,9,wkd_evening,DO
SVQ,Cabify,0-5 km,87391c70cffffff,1,wkd_morning,PU
GDN,Bolt,10-20 km,871f09b21ffffff,3,wkd_morning,DO
VLC,Cabify,10-20 km,8739540adffffff,30,wkd_morning,DO
VLC,Cabify,20-30 km,87395409cffffff,2,wkd_day,DO
VIE,Bolt,10-20 km,871e15b42ffffff,1,wkd_evening,DO
VIE,Bolt,40-50 km,871e15a12ffffff,5,wkd_late_evening,DO
VIE,Bolt,20-30 km,871e15b71ffffff,6,wrek_late_evening,PU
DXB,Bolt,30-40 km,8743a1319ffffff,4,wkd_night,DO
DWC,Bolt,30-40 km,8743a130dffffff,4,wkd_night,DO
ATH,Bolt Taxi,10-20 km,871eda295ffffff,13,wkd_evening,DO
NBO,Bolt Basic,5-10 km,877a6e501ffffff,8,wkd_late_evening,PU
JED,Bolt,10-20 km,8753a9ce6ffffff,4,wkd_day,DO
JED,Bolt,30-40 km,8753a942cffffff,1,wkd_evening,DO
AMS,Bolt,10-20 km,871969516ffffff,1,wkd_evening,PU
OTP,Bolt,10-20 km,871eeeb4dffffff,2,wkd_day,DO
MAD,Cabify,30-40 km,87390ca84ffffff,13,wkd_morning,PU
MLA,Bolt,5-10 km,873f30453ffffff,2,wkd_morning,DO
ATH,Bolt Taxi,5-10 km,871eda29cffffff,3,wked_night,DO
CGN,Bolt,20-30 km,871fa1d6bffffff,1,wked_morning,DO
FRA,Bolt,10-20 km,871faeaf5ffffff,1,wkd_morning,PU
GOT,Bolt,5-10 km,871f25a90ffffff,1,wkd_night,DO
VIE,Bolt,10-20 km,871e15b70ffffff,1,wkd_late_evening,PU
FAO,Bolt,0-5 km,87391020affffff,1,wkd_morning,PU
BCN,Cabify,10-20 km,873944603ffffff,23,wked_morning,DO
BER,Bolt,20-30 km,871f1d488ffffff,3,wrek_late_evening,DO
BOD,Bolt,5-10 km,87186b6caffffff,4,wked_day,DO
NCE,Bolt,0-5 km,873969a1effffff,6,wked_day,PU
CDG,Bolt,10-20 km,871fb422effffff,8,wked_day,PU
ORY,Bolt,10-20 km,871fb4674ffffff,4,wrek_evening,DO
VIE,Bolt,10-20 km,871e15b44ffffff,5,wked_morning,DO
ATH,Bolt Taxi,40-50 km,871eda743ffffff,21,wked_morning,DO
ABV,Bolt,20-30 km,8758f0d32ffffff,1,wked_morning,DO
FAO,Bolt,10-20 km,8739115a6ffffff,1,wkd_day,PU
AMS,Bolt,30-40 km,871968261ffffff,1,wked_morning,PU
DOH,TaxiF Eco+,5-10 km,87536bce6ffffff,3,wkd_night,DO
DOH,TaxiF Eco+,20-30 km,87536bc00ffffff,5,wked_morning,DO
FRA,Bolt,10-20 km,871faeaa8ffffff,14,wkd_evening,DO
GOT,Bolt,10-20 km,871f25aa1ffffff,1,wkd_night,DO
HEL,Bolt,10-20 km,871126d33ffffff,42,wkd_day,DO
LIS,Bolt,5-10 km,873933676ffffff,17,wkd_day,DO
LIS,Bolt,5-10 km,873933629ffffff,3,wrek_late_evening,DO
LYS,Bolt,40-50 km,871f90209ffffff,2,wkd_night,PU
MMX,Bolt,20-30 km,871f05b84ffffff,4,wkd_day,DO
MUC,Bolt,10-20 km,871f8d09cffffff,2,wkd_morning,DO
NTE,Bolt,10-20 km,87184584dffffff,4,wkd_evening,DO
CDG,Bolt,40-50 km,871fb0963ffffff,5,wkd_late_evening,PU
CDG,Bolt,40-50 km,871fb0962ffffff,3,wrek_late_evening,DO
RTM,Bolt,5-10 km,87196bb0affffff,1,wkd_day,PU
TLS,Bolt,5-10 km,87396018cffffff,1,wkd_night,PU
VLC,Cabify,10-20 km,8739540a8ffffff,2,wked_night,DO
DXB,Bolt,20-30 km,8743a1368ffffff,21,wkd_night,PU
DXB,Bolt,0-5 km,8743acd9affffff,1,wkd_night,DO
NBO,Bolt Basic,20-30 km,877a6e55affffff,5,wkd_day,DO
BER,Bolt,20-30 km,871f1d4d3ffffff,3,wkd_night,DO
GOT,Bolt,20-30 km,871f25069ffffff,3,wkd_night,PU
LYS,Bolt,20-30 km,871f9025affffff,2,wkd_evening,DO
MPL,Bolt,0-5 km,87396c4b0ffffff,2,wkd_late_evening,DO
NTE,Bolt,0-5 km,87184584effffff,2,wkd_day,DO
POZ,Bolt,5-10 km,871e24aa5ffffff,1,wked_morning,PU
TLS,Bolt,20-30 km,87396010affffff,3,wked_morning,DO
WRO,Bolt,10-20 km,871e2040dffffff,5,wkd_morning,DO
MMX,Bolt,20-30 km,871f05b01ffffff,1,wkd_morning,DO
NCE,Bolt,0-5 km,873969a08ffffff,1,wkd_late_evening,DO
ORY,Bolt,40-50 km,871fb0962ffffff,1,wrek_late_evening,DO
DXB,Bolt,20-30 km,8743a1301ffffff,1,wkd_morning,PU
DUR,BoltEco,50-60 km,87bcf5903ffffff,1,wkd_morning,DO
VIE,Bolt,30-40 km,871e15b71ffffff,1,wked_morning,PU
ZRH,Bolt,20-30 km,871f8edb2ffffff,1,wked_morning,DO
ZRH,Bolt,10-20 km,871f8ed90ffffff,4,wked_day,DO
EDI,Bolt,10-20 km,871972765ffffff,6,wked_day,DO
AMS,Bolt,10-20 km,871969c9bffffff,16,wked_day,DO
DUS,Bolt,10-20 km,871fa52b1ffffff,4,wked_day,PU
KRK,Bolt,5-10 km,871e2ad26ffffff,1,wrek_evening,PU
NCE,Bolt,10-20 km,873969a85ffffff,3,wkd_night,PU
SVQ,Cabify,5-10 km,87391c708ffffff,37,wked_day,DO
FAO,Bolt,40-50 km,87391020affffff,4,wkd_night,DO
FAO,Bolt,30-40 km,87391024bffffff,1,wrek_late_evening,PU
AMS,Bolt,20-30 km,871969c99ffffff,3,wkd_late_evening,DO
OTP,Bolt,5-10 km,871eec7b2ffffff,3,wkd_late_evening,PU
FRA,Bolt,20-30 km,871faeaa9ffffff,6,wkd_day,DO
HEL,Bolt,20-30 km,871126d33ffffff,12,wkd_night,PU
LIS,Bolt,5-10 km,87393375bffffff,21,wkd_day,DO
LIS,Bolt,5-10 km,87393362bffffff,2,wkd_night,PU
LYS,Bolt,20-30 km,871f902e5ffffff,8,wkd_day,DO
MRS,Bolt,5-10 km,8739688d0ffffff,4,wkd_night,DO
MPL,Bolt,5-10 km,87396c59affffff,13,wkd_day,DO
NTE,Bolt,50-60 km,871845c43ffffff,5,wkd_evening,PU
NTE,Bolt,20-30 km,87184586affffff,1,wkd_morning,DO
OSL,Bolt,50-60 km,870999313ffffff,3,wkd_morning,DO
OSL,Bolt,40-50 km,870999383ffffff,7,wkd_day,DO
TLS,Bolt,10-20 km,8739601a8ffffff,2,wkd_morning,DO
VIE,Bolt,10-20 km,871e15b42ffffff,5,wkd_night,DO
JED,Bolt,10-20 km,8753a9cd9ffffff,4,wkd_night,DO
AMS,Bolt,20-30 km,871969523ffffff,1,wkd_day,DO
AMS,Bolt,5-10 km,8719695aeffffff,2,wked_day,PU
DBV,Bolt,5-10 km,871e8db46ffffff,1,wkd_morning,DO
TLS,Bolt,5-10 km,8739601a8ffffff,2,wked_day,PU
DXB,Bolt,20-30 km,8743a1368ffffff,3,wked_day,PU
PLZ,BoltEco,0-5 km,87bc73859ffffff,4,wkd_day,PU
RUH,Bolt,50-60 km,875355c24ffffff,4,wked_night,DO
FAO,Bolt,10-20 km,8739115b1ffffff,3,wkd_evening,DO
AMS,Bolt,20-30 km,87196951cffffff,1,wkd_night,PU
DBV,Bolt,0-5 km,871e8da61ffffff,2,wkd_night,DO
OSL,Bolt,5-10 km,87099938cffffff,1,wkd_day,DO
TSR,Bolt,5-10 km,871e1928effffff,1,wked_night,DO
TLS,Bolt,60-70 km,8739601aeffffff,1,wkd_late_evening,PU
EDI,Bolt,5-10 km,87197276affffff,1,wrek_late_evening,PU
NCL,Bolt,10-20 km,871973359ffffff,1,wkd_late_evening,DO
ZRH,Bolt,0-5 km,871f8eda1ffffff,4,wked_morning,DO
AMS,Bolt,10-20 km,8719695aaffffff,4,wked_day,PU
OTP,Bolt,20-30 km,871eec6b3ffffff,3,wked_night,DO
OTP,Bolt,10-20 km,871eeeb6bffffff,6,wrek_evening,DO
ARN,Bolt,40-50 km,87088661dffffff,7,wked_morning,DO
WRO,Bolt,0-5 km,871e2040affffff,2,wked_day,DO
ATH,Bolt Taxi,30-40 km,871eda75dffffff,21,wkd_late_evening,DO
FAO,Bolt,20-30 km,87391025effffff,3,wkd_evening,DO
AMS,Bolt,0-5 km,871969535ffffff,1,wked_morning,DO
BCN,Cabify,20-30 km,87394460dffffff,6,wkd_day,PU
BER,Bolt,30-40 km,871f1d4e4ffffff,3,wkd_late_evening,DO
OTP,Bolt,10-20 km,871eec791ffffff,2,wked_day,DO
DUS,Bolt,20-30 km,871fa5350ffffff,2,wkd_night,PU
DUS,Bolt,10-20 km,871fa52b1ffffff,3,wkd_day,DO
DUS,Bolt,20-30 km,871fa574effffff,2,wkd_evening,PU
DUS,Bolt,30-40 km,871fa562dffffff,4,wkd_morning,DO
KRK,Bolt,10-20 km,871e2e6b3ffffff,5,wked_day,DO
LIL,Bolt,20-30 km,87194d2a2ffffff,3,wkd_late_evening,DO
LIS,Bolt,5-10 km,87393360dffffff,5,wkd_night,DO
NCE,Bolt,40-50 km,871eb4d34ffffff,2,wkd_late_evening,PU
CDG,Bolt,40-50 km,871fb4670ffffff,23,wkd_day,PU
CDG,Bolt,40-50 km,871fb4670ffffff,1,wkd_evening,DO
CDG,Bolt,40-50 km,871fb4670ffffff,12,wrek_evening,PU
PRG,Bolt,20-30 km,871e35418ffffff,3,wked_day,PU
TLS,Bolt,5-10 km,8739601acffffff,8,wkd_evening,DO
TLS,Bolt,10-20 km,873960cebffffff,4,wkd_morning,DO
GDN,Bolt,10-20 km,871f09b26ffffff,3,wkd_late_evening,DO
VNO,Bolt,10-20 km,871f40305ffffff,4,wrek_late_evening,DO
DXB,Bolt,40-50 km,8743a132dffffff,2,wkd_day,DO
JNB,BoltEco,20-30 km,87bcc3cd3ffffff,1,wked_morning,DO
DUR,BoltEco,10-20 km,87bc1b6eeffffff,6,wked_day,PU
NBO,Bolt Basic,10-20 km,877a6e556ffffff,5,wkd_morning,DO
NBO,Bolt Basic,20-30 km,877a6e429ffffff,4,wkd_late_evening,DO
RUH,Bolt,30-40 km,875355d35ffffff,4,wked_night,DO
AMS,Bolt,10-20 km,871969522ffffff,3,wked_day,PU
CLJ,Bolt,5-10 km,871e0b388ffffff,2,wkd_day,DO
DBV,Bolt,10-20 km,871e8db48ffffff,2,wrek_late_evening,PU
DBV,Bolt,10-20 km,871e8db43ffffff,1,wrek_late_evening,DO
HEL,Bolt,40-50 km,871126183ffffff,3,wkd_morning,PU
KRK,Bolt,20-30 km,871e2e684ffffff,2,wkd_day,DO
KRK,Bolt,20-30 km,871e2e691ffffff,1,wked_day,DO
PRG,Bolt,30-40 km,871e3541affffff,2,wkd_morning,DO
VNO,Bolt,10-20 km,871f4030cffffff,4,wked_morning,DO
JED,Bolt,30-40 km,8753a9556ffffff,2,wkd_morning,DO
BEY,Bolt,60-70 km,872db1a33ffffff,2,wked_night,PU
HEL,Bolt,0-5 km,871126d33ffffff,2,wkd_day,PU
NCE,Bolt,20-30 km,873969a85ffffff,2,wked_morning,PU
WIL,Bolt Basic,20-30 km,877a6e46cffffff,1,wkd_day,PU
JED,Bolt,10-20 km,8753a9cdbffffff,3,wkd_morning,DO
DUS,Bolt,0-5 km,871fa539affffff,1,wkd_day,DO
DUS,Bolt,0-5 km,871fa539affffff,2,wrek_evening,DO
MPL,Bolt,10-20 km,87396c59affffff,1,wked_morning,PU
ATH,Bolt Taxi,0-5 km,871eda752ffffff,2,wkd_morning,DO
ZRH,Bolt,10-20 km,871f83ae8ffffff,3,wkd_evening,PU
MAN,Bolt,5-10 km,871951b56ffffff,2,wked_day,DO
MAN,Bolt,20-30 km,871951b2effffff,2,wked_morning,PU
CGN,Bolt,20-30 km,871fa1996ffffff,2,wkd_night,DO
AGP,Cabify,10-20 km,8739195b1ffffff,27,wked_morning,PU
MUC,Bolt,40-50 km,871f8d450ffffff,2,wrek_late_evening,PU
ARN,Bolt,30-40 km,870880d9effffff,3,wkd_night,PU
AMS,Bolt,10-20 km,871969c9bffffff,22,wkd_morning,PU
AMS,Bolt,5-10 km,8719695a3ffffff,4,wkd_night,PU
AMS,Bolt,10-20 km,871968269ffffff,9,wked_day,DO
AMS,Bolt,20-30 km,871969530ffffff,1,wked_day,PU
BCN,Cabify,10-20 km,873944603ffffff,19,wkd_night,PU
BEY,Bolt,0-5 km,872da24e2ffffff,2,wkd_evening,PU
BER,Bolt,20-30 km,871f1d489ffffff,3,wked_night,PU
BOD,Bolt,10-20 km,87186b6c8ffffff,3,wkd_day,DO
OTP,Bolt,10-20 km,871eec792ffffff,4,wkd_night,DO
CPH,Bolt,20-30 km,871f059b3ffffff,2,wkd_night,DO
CPH,Bolt,10-20 km,871f05835ffffff,2,wkd_late_evening,PU
CPH,Bolt,5-10 km,871f05815ffffff,3,wkd_evening,PU
CPH,Bolt,20-30 km,871f059b3ffffff,4,wkd_evening,DO
GOT,Bolt,30-40 km,871f25a95ffffff,3,wkd_day,PU
HEL,Bolt,30-40 km,871126d32ffffff,4,wkd_day,PU
HEL,Bolt,30-40 km,87089979bffffff,3,wrek_evening,DO
LIL,Bolt,40-50 km,871949d60ffffff,5,wkd_late_evening,PU
LIS,Bolt,5-10 km,873933753ffffff,4,wkd_night,DO
LYS,Bolt,10-20 km,871f9025dffffff,3,wked_day,PU
AGP,Cabify,10-20 km,8739182dbffffff,15,wked_morning,DO
MMX,Bolt,30-40 km,871f05b2bffffff,4,wkd_night,PU
MRS,Bolt,20-30 km,873968b92ffffff,4,wkd_night,PU
MUC,Bolt,10-20 km,871f8d713ffffff,1,wkd_evening,DO
MUC,Bolt,40-50 km,871f8d45dffffff,5,wked_morning,DO
NTE,Bolt,5-10 km,871845bb3ffffff,4,wkd_day,PU
NCE,Bolt,5-10 km,873969a11ffffff,4,wkd_day,PU
NCE,Bolt,20-30 km,873969a41ffffff,8,wkd_late_evening,PU
NCE,Bolt,0-5 km,873969a0cffffff,2,wkd_night,DO
NCE,Bolt,20-30 km,873969a84ffffff,6,wkd_day,DO
OSL,Bolt,50-60 km,870999760ffffff,1,wkd_night,PU
ARN,Bolt,20-30 km,87088675dffffff,4,wkd_night,PU
DXB,Bolt,10-20 km,8743a136bffffff,7,wkd_night,DO
ATH,Bolt Taxi,10-20 km,871eda295ffffff,4,wkd_morning,DO
NBO,Bolt Basic,20-30 km,877a6e545ffffff,3,wkd_night,DO
BER,Bolt,20-30 km,871f1d4d2ffffff,1,wkd_day,DO
BER,Bolt,0-5 km,871f18b0bffffff,2,wked_morning,DO
OTP,Bolt,0-5 km,871eec7b0ffffff,3,wkd_night,DO
DBV,Bolt,30-40 km,871e8db75ffffff,1,wkd_night,DO
LIL,Bolt,10-20 km,87194d28effffff,4,wkd_evening,DO
MLA,Bolt,10-20 km,873f30450ffffff,1,wrek_late_evening,PU
SVQ,Cabify,5-10 km,87391c708ffffff,1,wkd_night,PU
TSR,Bolt,10-20 km,871e1928effffff,2,wkd_day,PU
VIE,Bolt,20-30 km,871e15b45ffffff,2,wkd_day,DO
DXB,Bolt,5-10 km,8743acca6ffffff,2,wkd_late_evening,PU
DXB,Bolt,30-40 km,8743a132cffffff,4,wked_night,PU
PLZ,BoltEco,5-10 km,87bc7384bffffff,1,wkd_day,PU
PLZ,BoltEco,10-20 km,87bc73b11ffffff,1,wrek_evening,PU
BER,Bolt,40-50 km,871f1d488ffffff,1,wkd_late_evening,PU
BOD,Bolt,10-20 km,87186b6d3ffffff,2,wkd_day,DO
OTP,Bolt,30-40 km,871eeeb54ffffff,1,wkd_morning,DO
CGN,Bolt,5-10 km,871fa1999ffffff,1,wkd_day,PU
WRO,Bolt,10-20 km,871e2040affffff,1,wkd_day,PU
ATH,Bolt Taxi,10-20 km,871eda753ffffff,1,wkd_day,DO
LYS,Bolt,10-20 km,871f90273ffffff,1,wrek_evening,PU
CDG,Bolt,20-30 km,871fb422effffff,1,wkd_late_evening,PU
NBO,Bolt Basic,10-20 km,877a6e55effffff,1,wkd_night,PU
BRS,Bolt,20-30 km,871958230ffffff,2,wked_night,DO
ZRH,Bolt,0-5 km,871f8ed84ffffff,2,wkd_late_evening,DO
LGW,Bolt,20-30 km,87194ad15ffffff,1,wkd_evening,PU
CPH,Bolt,10-20 km,871f05806ffffff,3,wked_morning,DO
FRA,Bolt,10-20 km,871faea9effffff,4,wked_night,DO
LIL,Bolt,10-20 km,87194d669ffffff,1,wrek_late_evening,PU
VIE,Bolt,20-30 km,871e15b73ffffff,5,wrek_late_evening,DO
ATH,Bolt Taxi,10-20 km,871eda280ffffff,7,wrek_evening,DO
FAO,Bolt,10-20 km,8739115b1ffffff,4,wked_morning,DO
AMS,Bolt,20-30 km,871969c9bffffff,20,wkd_night,DO
BCN,Cabify,10-20 km,873944603ffffff,33,wkd_late_evening,PU
BCN,Cabify,0-5 km,87394461dffffff,1,wrek_late_evening,PU
BER,Bolt,20-30 km,871f1d4d2ffffff,2,wked_night,DO
BOD,Bolt,10-20 km,87186b6cbffffff,11,wkd_day,DO
OTP,Bolt,10-20 km,871eec4e8ffffff,3,wkd_night,PU
CGN,Bolt,0-5 km,871fa1881ffffff,2,wkd_morning,DO
LIS,Bolt,10-20 km,873933629ffffff,3,wkd_day,PU
LYS,Bolt,20-30 km,871f90256ffffff,3,wkd_late_evening,DO
LYS,Bolt,30-40 km,871f90274ffffff,3,wkd_night,DO
MUC,Bolt,30-40 km,871f8d44dffffff,7,wkd_night,DO
NCE,Bolt,10-20 km,873969a0cffffff,16,wkd_night,DO
OSL,Bolt,50-60 km,870999386ffffff,5,wkd_night,PU
ORY,Bolt,10-20 km,871fb4670ffffff,41,wkd_evening,PU
CDG,Bolt,20-30 km,871fb4644ffffff,2,wrek_evening,PU
TLS,Bolt,20-30 km,87396018bffffff,7,wkd_day,DO
TLS,Bolt,0-5 km,8739601a4ffffff,8,wked_day,PU
GDN,Bolt,5-10 km,871f7249affffff,3,wkd_night,DO
GDN,Bolt,5-10 km,871f7249dffffff,2,wkd_night,DO
VIE,Bolt,20-30 km,871e06790ffffff,4,wkd_late_evening,PU
WRO,Bolt,10-20 km,871e2040bffffff,2,wkd_day,PU
DXB,Bolt,10-20 km,8743acd98ffffff,10,wkd_night,PU
DXB,Bolt,10-20 km,8743acca6ffffff,1,wkd_late_evening,PU
DUR,BoltEco,10-20 km,87bc1b6e8ffffff,25,wkd_morning,DO
DBV,Bolt,20-30 km,871e8db40ffffff,5,wked_morning,DO
MUC,Bolt,5-10 km,871f8d44affffff,1,wkd_day,DO
POZ,Bolt,5-10 km,871e24aa5ffffff,2,wrek_late_evening,DO
PRG,Bolt,30-40 km,871e3541affffff,2,wkd_day,DO
RTM,Bolt,20-30 km,87196b851ffffff,3,wkd_evening,DO
FAO,Bolt,5-10 km,873911581ffffff,1,wked_night,DO
BCN,Cabify,10-20 km,873944601ffffff,1,wked_night,DO
BEY,Bolt,5-10 km,872da24c3ffffff,1,wked_morning,DO
JED,Bolt,20-30 km,8753a9554ffffff,1,wkd_morning,DO
CGN,Bolt,10-20 km,871fa1126ffffff,1,wkd_night,DO
AGP,Cabify,5-10 km,8739195b1ffffff,3,wked_morning,PU
CDG,Bolt,30-40 km,871fb475affffff,1,wkd_night,PU
ARN,Bolt,40-50 km,870886673ffffff,1,wkd_morning,PU
TLS,Bolt,10-20 km,87396089effffff,1,wrek_late_evening,DO
ZRH,Bolt,5-10 km,871f8edb1ffffff,3,wkd_morning,DO
BCN,Cabify,10-20 km,873944608ffffff,4,wked_day,PU
CGN,Bolt,10-20 km,871fa1998ffffff,4,wked_morning,DO
FRA,Bolt,10-20 km,871faeaa8ffffff,12,wked_morning,DO
NCE,Bolt,0-5 km,873969a1effffff,3,wrek_evening,DO
VIE,Bolt,20-30 km,871e15b73ffffff,23,wked_day,DO
AMS,Bolt,20-30 km,871969c9effffff,5,wkd_day,PU
BCN,Cabify,20-30 km,87394460cffffff,4,wkd_late_evening,DO
BER,Bolt,20-30 km,871f18b26ffffff,3,wkd_morning,PU
BOD,Bolt,10-20 km,87186b6ddffffff,6,wkd_evening,DO
OTP,Bolt,10-20 km,871eeeb4cffffff,2,wkd_night,PU
CGN,Bolt,0-5 km,871fa188cffffff,5,wkd_morning,DO
CPH,Bolt,5-10 km,871f058f4ffffff,4,wkd_day,DO
FRA,Bolt,20-30 km,871fae8daffffff,4,wked_night,DO
GOT,Bolt,20-30 km,871f25069ffffff,4,wkd_evening,DO
GOT,Bolt,20-30 km,871f25a9affffff,1,wkd_evening,DO
LIS,Bolt,5-10 km,873933629ffffff,4,wked_night,PU
MAD,Cabify,20-30 km,87390cb1bffffff,15,wkd_night,PU
NCE,Bolt,10-20 km,873969b8affffff,4,wkd_evening,PU
NCE,Bolt,10-20 km,873969a09ffffff,2,wrek_late_evening,PU
NCE,Bolt,20-30 km,87396914dffffff,1,wkd_night,DO
ORY,Bolt,20-30 km,871fb4675ffffff,2,wkd_day,PU
SVQ,Cabify,5-10 km,87391c750ffffff,5,wkd_morning,DO
TLS,Bolt,10-20 km,87396018effffff,4,wkd_night,DO
GDN,Bolt,5-10 km,871f724b0ffffff,4,wkd_morning,DO
VIE,Bolt,0-5 km,871e02999ffffff,1,wkd_morning,PU
NBO,Bolt Basic,30-40 km,877a6e558ffffff,3,wkd_day,DO
BER,Bolt,30-40 km,871f1d48dffffff,1,wkd_morning,PU
CPH,Bolt,0-5 km,871f0581dffffff,2,wkd_evening,DO
AGP,Cabify,5-10 km,8739195b1ffffff,5,wrek_evening,DO
NCE,Bolt,20-30 km,873969a42ffffff,1,wkd_morning,PU
OSL,Bolt,50-60 km,87099905bffffff,3,wkd_day,DO
JED,Bolt,30-40 km,8753a955cffffff,3,wkd_morning,DO
JED,Bolt,20-30 km,8753a9ce6ffffff,2,wkd_day,PU
CPH,Bolt,10-20 km,871f05834ffffff,1,wked_night,PU
CPH,Bolt,0-5 km,871f0591bffffff,1,wked_morning,PU
MUC,Bolt,5-10 km,871f8d44affffff,1,wrek_evening,DO
DXB,Bolt,40-50 km,8743a1368ffffff,1,wkd_day,PU
RUH,Bolt,0-5 km,875373656ffffff,1,wked_morning,DO
GOT,Bolt,20-30 km,871f25a98ffffff,1,wrek_evening,PU
DXB,Bolt,5-10 km,8743a1300ffffff,1,wkd_morning,PU
BHX,Bolt,10-20 km,87195c3b1ffffff,4,wkd_late_evening,PU
FRA,Bolt,10-20 km,871fae326ffffff,4,wked_morning,DO
HEL,Bolt,20-30 km,871126d30ffffff,5,wked_day,DO
LIL,Bolt,10-20 km,87194d29effffff,6,wked_morning,PU
DXB,Bolt,5-10 km,8743acd9affffff,1,wked_night,DO
JED,Bolt,10-20 km,8753a9575ffffff,5,wkd_late_evening,DO
AMS,Bolt,5-10 km,8719695aeffffff,1,wkd_morning,PU
AMS,Bolt,10-20 km,871969534ffffff,3,wkd_day,DO
AMS,Bolt,5-10 km,871969c9bffffff,1,wkd_evening,PU
BER,Bolt,30-40 km,871f1d48dffffff,2,wkd_day,PU
BER,Bolt,20-30 km,871f1d48bffffff,4,wkd_evening,DO
BER,Bolt,20-30 km,871f1d488ffffff,1,wked_night,DO
OTP,Bolt,20-30 km,871eeeb4bffffff,8,wkd_night,DO
OTP,Bolt,30-40 km,871eec6a2ffffff,1,wkd_night,DO
CPH,Bolt,10-20 km,871f05831ffffff,21,wkd_day,DO
CPH,Bolt,10-20 km,871f0598cffffff,4,wkd_day,DO
FRA,Bolt,20-30 km,871faeae1ffffff,3,wked_night,DO
FRA,Bolt,10-20 km,871faeaaaffffff,4,wked_morning,DO
HEL,Bolt,10-20 km,871126d33ffffff,13,wked_day,PU
LIS,Bolt,20-30 km,87393362bffffff,1,wkd_morning,PU
NCE,Bolt,0-5 km,873969a23ffffff,1,wkd_day,PU
OSL,Bolt,30-40 km,870999284ffffff,4,wkd_day,DO
ARN,Bolt,40-50 km,870886618ffffff,3,wkd_morning,DO
VIE,Bolt,10-20 km,871e15b44ffffff,30,wkd_evening,PU
VIE,Bolt,20-30 km,871e15b45ffffff,2,wkd_day,PU
VNO,Bolt,10-20 km,871f40adaffffff,4,wkd_day,PU
DUR,BoltEco,30-40 km,87bc1b660ffffff,2,wrek_late_evening,PU
NBO,Bolt Basic,10-20 km,877a6e55affffff,1,wkd_late_evening,DO
JED,Bolt,20-30 km,8753a9ce0ffffff,1,wked_morning,PU
DOH,TaxiF Eco+,20-30 km,87536bc2effffff,2,wkd_morning,DO
OSL,Bolt,10-20 km,870999248ffffff,2,wkd_day,PU
PRG,Bolt,5-10 km,871e3541affffff,2,wkd_day,DO
VIE,Bolt,20-30 km,871e15b44ffffff,3,wkd_day,DO
VNO,Bolt,20-30 km,871f40320ffffff,1,wkd_night,DO
AMS,Bolt,10-20 km,871969535ffffff,1,wkd_late_evening,DO
MUC,Bolt,0-5 km,871f8d44affffff,1,wkd_night,DO
SVQ,Cabify,0-5 km,87391c750ffffff,2,wkd_morning,DO
VIE,Bolt,10-20 km,871e15b71ffffff,4,wkd_morning,DO
ATH,Bolt Taxi,20-30 km,871eda2b6ffffff,1,wked_night,PU
KRK,Bolt,20-30 km,871e2e6a1ffffff,1,wkd_night,PU
NTE,Bolt,0-5 km,871845b31ffffff,1,wkd_morning,DO
NCE,Bolt,0-5 km,873969a03ffffff,1,wked_day,DO
ZRH,Bolt,10-20 km,871f8eda6ffffff,2,wkd_evening,DO
LHR,Bolt,0-5 km,87195d360ffffff,3,wkd_late_evening,PU
EDI,Bolt,5-10 km,871972760ffffff,1,wkd_morning,DO
LIS,Bolt,5-10 km,873933629ffffff,22,wked_morning,DO
LYS,Bolt,10-20 km,871f9025affffff,4,wked_morning,PU
MPL,Bolt,10-20 km,87396c596ffffff,4,wked_day,PU
VNO,Bolt,5-10 km,871f40308ffffff,10,wked_morning,DO
FAO,Bolt,5-10 km,873911583ffffff,11,wkd_day,PU
AMS,Bolt,10-20 km,871969c9bffffff,39,wkd_morning,DO
AMS,Bolt,10-20 km,871969535ffffff,35,wkd_day,DO
BCN,Cabify,20-30 km,873944676ffffff,2,wkd_night,DO
BER,Bolt,20-30 km,871f1d488ffffff,5,wkd_morning,DO
BER,Bolt,20-30 km,871f1d48bffffff,5,wked_morning,PU
CPH,Bolt,5-10 km,871f05806ffffff,4,wkd_morning,PU
GOT,Bolt,20-30 km,871f25a93ffffff,7,wkd_day,DO
LIS,Bolt,10-20 km,87393362affffff,5,wkd_night,DO
LIS,Bolt,5-10 km,87393362bffffff,9,wkd_day,DO
LYS,Bolt,20-30 km,871f90254ffffff,20,wkd_late_evening,PU
MRS,Bolt,20-30 km,87396815effffff,3,wked_morning,DO
NTE,Bolt,20-30 km,87184586affffff,7,wked_day,DO
NTE,Bolt,10-20 km,87184584effffff,1,wkd_night,PU
OSL,Bolt,40-50 km,870999382ffffff,8,wkd_night,DO
OSL,Bolt,5-10 km,8708a45a6ffffff,3,wkd_day,DO
PRG,Bolt,10-20 km,871e3541effffff,26,wkd_night,DO
ARN,Bolt,40-50 km,8708866e4ffffff,4,wked_morning,PU
TLS,Bolt,5-10 km,8739601a8ffffff,7,wkd_morning,PU
TLS,Bolt,10-20 km,873960193ffffff,3,wkd_morning,PU
GDN,Bolt,10-20 km,871f09b20ffffff,4,wkd_late_evening,DO
WAW,Bolt,5-10 km,871f53c93ffffff,96,wkd_day,DO
DXB,Bolt,40-50 km,8743a131bffffff,1,wkd_night,PU
ATH,Bolt Taxi,40-50 km,871eda743ffffff,20,wkd_day,PU
NBO,Bolt Basic,20-30 km,877a6e40effffff,1,wkd_late_evening,PU
AMS,Bolt,30-40 km,871969523ffffff,1,wkd_late_evening,PU
CGN,Bolt,20-30 km,871fa1115ffffff,2,wkd_late_evening,DO
DOH,TaxiF Eco+,10-20 km,87536bc0effffff,3,wked_day,DO
KRK,Bolt,30-40 km,871e2e6a6ffffff,1,wkd_evening,PU
LIS,Bolt,0-5 km,873933676ffffff,2,wkd_night,DO
MLA,Bolt,5-10 km,873f304edffffff,9,wkd_evening,DO
NTE,Bolt,20-30 km,871845862ffffff,1,wkd_day,PU
POZ,Bolt,5-10 km,871e24a16ffffff,1,wkd_day,DO
RTM,Bolt,10-20 km,87196ba22ffffff,1,wkd_morning,DO
SXB,Bolt,20-30 km,871f85623ffffff,1,wkd_day,PU
ATH,Bolt Taxi,40-50 km,871eda75effffff,6,wkd_day,PU
LIS,Bolt,10-20 km,873933625ffffff,1,wkd_night,PU
OSL,Bolt,50-60 km,870999312ffffff,1,wkd_morning,PU
AMS,Bolt,10-20 km,87196952effffff,1,wked_morning,DO
JED,Bolt,20-30 km,8753a9551ffffff,1,wkd_morning,DO
LGW,Bolt,20-30 km,87194ad8cffffff,2,wrek_late_evening,PU
ZRH,Bolt,40-50 km,871f816a9ffffff,3,wkd_morning,PU
MAN,Bolt,10-20 km,871951b70ffffff,4,wked_day,DO
MAN,Bolt,0-5 km,871951b5cffffff,1,wkd_morning,DO
AMS,Bolt,10-20 km,871969526ffffff,4,wrek_late_evening,PU
AGP,Bolt,20-30 km,873919585ffffff,30,wked_morning,PU
ARN,Bolt,20-30 km,870886758ffffff,4,wrek_evening,DO
VIE,Bolt,20-30 km,871e15b54ffffff,7,wkd_late_evening,DO
BCN,Cabify,20-30 km,87394460dffffff,1,wked_morning,DO
BEY,Bolt,10-20 km,872da24ebffffff,2,wkd_morning,DO
BER,Bolt,10-20 km,871f1d499ffffff,1,wkd_night,DO
BER,Bolt,20-30 km,871f1d488ffffff,11,wkd_night,DO
GOT,Bolt,20-30 km,871f25332ffffff,2,wkd_night,PU
GOT,Bolt,20-30 km,871f25332ffffff,2,wked_day,PU
HEL,Bolt,20-30 km,871126d13ffffff,1,wkd_night,DO
HEL,Bolt,20-30 km,87089969cffffff,4,wked_morning,PU
LIS,Bolt,5-10 km,87393360dffffff,7,wkd_morning,DO
LIS,Bolt,5-10 km,873933628ffffff,4,wkd_morning,DO
MAD,Cabify,20-30 km,87390cb8bffffff,18,wkd_night,PU
AGP,Cabify,10-20 km,8739195b1ffffff,66,wkd_night,PU
NCE,Bolt,10-20 km,873969a08ffffff,9,wkd_day,DO
CDG,Bolt,30-40 km,871fb0962ffffff,5,wkd_evening,DO
PRG,Bolt,10-20 km,871e3541bffffff,4,wkd_morning,DO
TLS,Bolt,10-20 km,873960ce9ffffff,3,wked_night,PU
GDN,Bolt,10-20 km,871f724a3ffffff,4,wkd_morning,DO
DXB,Bolt,5-10 km,8743acd9affffff,2,wkd_day,PU
JNB,BoltEco,0-5 km,87bcc2248ffffff,9,wkd_morning,DO
DUR,BoltEco,0-5 km,87bc1b669ffffff,1,wkd_day,DO
DUR,BoltEco,30-40 km,87bc1b660ffffff,3,wkd_late_evening,DO
ATH,Bolt Taxi,40-50 km,871eda753ffffff,4,wkd_day,DO
ATH,Bolt Taxi,50-60 km,871eda75affffff,5,wked_day,PU
CPH,Bolt,20-30 km,871f0591effffff,3,wkd_late_evening,DO
MUC,Bolt,30-40 km,871f8d734ffffff,4,wkd_day,PU
NTE,Bolt,10-20 km,871845b31ffffff,4,wkd_morning,DO
KTW,Bolt,40-50 km,871e232dcffffff,6,wkd_late_evening,DO
JED,Bolt,5-10 km,8753a9cdbffffff,2,wkd_morning,DO
BCN,Cabify,0-5 km,87394460effffff,1,wked_morning,PU
BOD,Bolt,10-20 km,87186b6caffffff,2,wkd_night,PU
CPH,Bolt,40-50 km,871f05824ffffff,1,wkd_morning,PU
GOT,Bolt,30-40 km,871f25062ffffff,2,wkd_morning,DO
DXB,Bolt,5-10 km,8743accaeffffff,3,wkd_morning,PU
MMX,Bolt,20-30 km,871f05baeffffff,1,wkd_day,DO
JED,Bolt,10-20 km,8753a9446ffffff,1,wkd_night,DO
ZRH,Bolt,5-10 km,871f8ed80ffffff,3,wked_morning,DO
MAN,Bolt,10-20 km,871951b18ffffff,3,wkd_night,DO
MAN,Bolt,20-30 km,8719424c6ffffff,2,wkd_day,DO
BER,Bolt,20-30 km,871f1d488ffffff,12,wked_day,DO
FRA,Bolt,10-20 km,871faeaf1ffffff,4,wked_day,DO
MUC,Bolt,5-10 km,871f8d0c5ffffff,2,wrek_late_evening,PU
NCE,Bolt,10-20 km,873969a09ffffff,2,wrek_evening,PU
OSL,Bolt,50-60 km,870999760ffffff,2,wked_morning,PU
PRG,Bolt,10-20 km,871e35413ffffff,7,wkd_late_evening,PU
ARN,Bolt,50-60 km,8708866adffffff,4,wrek_evening,PU
VIE,Bolt,10-20 km,871e15b42ffffff,4,wrek_late_evening,DO
BCN,Cabify,5-10 km,873944611ffffff,2,wkd_late_evening,DO
BEY,Bolt,5-10 km,872da24e1ffffff,5,wked_day,PU
DUS,Bolt,10-20 km,871fa5294ffffff,4,wkd_day,DO
DUS,Bolt,10-20 km,871fa52abffffff,4,wkd_day,DO
FRA,Bolt,0-5 km,871faeab3ffffff,2,wkd_day,DO
GOT,Bolt,40-50 km,871f253b5ffffff,2,wkd_evening,DO
HEL,Bolt,20-30 km,870899691ffffff,3,wked_morning,PU
LIS,Bolt,5-10 km,87393360dffffff,17,wkd_day,DO
LIS,Bolt,20-30 km,873933634ffffff,1,wkd_night,PU
LIS,Bolt,5-10 km,87393360dffffff,2,wrek_evening,DO
MRS,Bolt,50-60 km,873968055ffffff,4,wkd_day,PU
MRS,Bolt,20-30 km,873968bb0ffffff,2,wkd_night,PU
MUC,Bolt,30-40 km,871f8d7a4ffffff,10,wkd_day,PU
NCE,Bolt,30-40 km,873969a42ffffff,3,wkd_day,PU
OSL,Bolt,30-40 km,8709992a0ffffff,3,wkd_morning,DO
CDG,Bolt,20-30 km,871fb475affffff,4,wkd_night,PU
CDG,Bolt,30-40 km,871fb4674ffffff,10,wkd_night,DO
PRG,Bolt,30-40 km,871e3541bffffff,2,wkd_evening,PU
ARN,Bolt,40-50 km,870886618ffffff,15,wkd_day,PU
VIE,Bolt,0-5 km,871e15b73ffffff,2,wkd_day,DO
VIE,Bolt,20-30 km,871e15b44ffffff,5,wkd_day,PU
VIE,Bolt,20-30 km,871e15b44ffffff,1,wrek_evening,PU
DXB,Bolt,40-50 km,8743a132cffffff,4,wkd_evening,PU
DXB,Bolt,10-20 km,8743acc9dffffff,2,wked_morning,PU
DUR,BoltEco,40-50 km,87bc1b66cffffff,1,wrek_late_evening,PU
ATH,Bolt Taxi,10-20 km,873f74925ffffff,15,wkd_morning,DO
RUH,Bolt,30-40 km,875355d22ffffff,4,wked_morning,PU
AMS,Bolt,20-30 km,871969c9cffffff,2,wkd_night,DO
BCN,Cabify,20-30 km,87394461cffffff,1,wkd_day,PU
DBV,Bolt,10-20 km,871e8db4bffffff,2,wkd_late_evening,PU
DUS,Bolt,5-10 km,871fa52b3ffffff,2,wkd_morning,PU
LIL,Bolt,30-40 km,87194995affffff,5,wkd_night,DO
PRG,Bolt,0-5 km,871e35418ffffff,1,wrek_late_evening,DO
SXB,Bolt,10-20 km,871f8560effffff,2,wkd_day,PU
ATH,Bolt Taxi,40-50 km,871eda75dffffff,1,wkd_morning,DO
RUH,Bolt,30-40 km,875373656ffffff,2,wked_morning,DO
CPH,Bolt,40-50 km,871f05824ffffff,1,wkd_day,PU
VIE,Bolt,20-30 km,871e15b58ffffff,1,wkd_evening,DO
VNO,Bolt,0-5 km,871f40226ffffff,1,wkd_late_evening,DO
ZRH,Bolt,0-5 km,871f8eda3ffffff,3,wked_day,DO
ZRH,Bolt,10-20 km,871f83aebffffff,3,wkd_evening,DO
ZRH,Bolt,10-20 km,871f83365ffffff,2,wkd_day,DO
AMS,Bolt,20-30 km,871969c9bffffff,34,wked_morning,DO
BBU,Bolt,5-10 km,871eeeb6bffffff,4,wked_morning,DO
DOH,TaxiF Eco+,5-10 km,87536bc19ffffff,11,wkd_morning,DO
MAD,Cabify,20-30 km,87390ca36ffffff,1,wkd_late_evening,DO
AGP,Bolt,20-30 km,8739195aaffffff,25,wkd_late_evening,DO
MUC,Bolt,40-50 km,871f8d7a6ffffff,3,wrek_late_evening,PU
DXB,Bolt,5-10 km,8743accaeffffff,11,wked_night,DO
BCN,Cabify,10-20 km,87394461dffffff,7,wked_night,PU
CGN,Bolt,10-20 km,871fa18a4ffffff,3,wked_night,DO
CPH,Bolt,5-10 km,871f05806ffffff,8,wkd_late_evening,PU
DUS,Bolt,5-10 km,871fa52b0ffffff,4,wkd_evening,DO
HEL,Bolt,30-40 km,871126d33ffffff,9,wkd_day,DO
KRK,Bolt,20-30 km,871e2e6b1ffffff,37,wkd_day,PU
KRK,Bolt,10-20 km,871e05a60ffffff,4,wkd_night,PU
LYS,Bolt,10-20 km,871f915b4ffffff,4,wkd_day,PU
LYS,Bolt,5-10 km,871f90254ffffff,3,wkd_day,DO
AGP,Cabify,10-20 km,8739182dbffffff,38,wkd_night,DO
AGP,Cabify,10-20 km,8739195b1ffffff,33,wkd_evening,PU
MPL,Bolt,10-20 km,87396c593ffffff,5,wkd_morning,DO
MUC,Bolt,30-40 km,871f8d7a4ffffff,23,wkd_morning,DO
NTE,Bolt,10-20 km,87184585affffff,3,wkd_night,PU
NTE,Bolt,10-20 km,87184584cffffff,5,wked_day,DO
NCE,Bolt,30-40 km,873969a45ffffff,8,wked_morning,DO
ORY,Bolt,40-50 km,871fb0962ffffff,12,wkd_night,PU
PRG,Bolt,10-20 km,871e35419ffffff,1,wkd_night,PU
SVQ,Cabify,10-20 km,87391c624ffffff,3,wrek_evening,PU
TLS,Bolt,5-10 km,8739601aeffffff,28,wkd_day,PU
TLS,Bolt,5-10 km,8739601aeffffff,18,wkd_late_evening,PU
TLS,Bolt,5-10 km,8739601b1ffffff,7,wkd_morning,PU
VIE,Bolt,30-40 km,871e02c31ffffff,4,wkd_evening,DO
VIE,Bolt,20-30 km,871e15b6bffffff,1,wked_morning,DO
BEY,Bolt,0-5 km,872da24e1ffffff,1,wkd_night,DO
BEY,Bolt,10-20 km,872da24cdffffff,1,wked_night,DO
FRA,Bolt,10-20 km,871fae15cffffff,1,wkd_night,DO
MUC,Bolt,30-40 km,871f8d44effffff,2,wkd_late_evening,PU
CDG,Bolt,30-40 km,871fb4674ffffff,1,wkd_evening,DO
CDG,Bolt,40-50 km,871fb0944ffffff,2,wkd_late_evening,PU
SXB,Bolt,5-10 km,871f85610ffffff,3,wkd_day,DO
VLC,Cabify,0-5 km,873954013ffffff,1,wkd_night,DO
WRO,Bolt,10-20 km,871e2040dffffff,5,wkd_evening,PU
RUH,Bolt,50-60 km,875354aebffffff,2,wkd_night,DO
AMS,Bolt,40-50 km,871968308ffffff,1,wkd_day,PU
GOT,Bolt,20-30 km,871f25a9effffff,3,wkd_morning,PU
NTE,Bolt,5-10 km,87184585dffffff,2,wked_night,DO
RTM,Bolt,5-10 km,87196bb50ffffff,1,wkd_day,DO
SVQ,Cabify,0-5 km,87391c70bffffff,1,wkd_morning,DO
TLS,Bolt,5-10 km,87396018cffffff,1,wrek_late_evening,DO
GDN,Bolt,0-5 km,871f7258cffffff,1,wkd_late_evening,DO
VIE,Bolt,0-5 km,871e15b46ffffff,1,wkd_night,DO
DXB,Bolt,40-50 km,8743a132dffffff,1,wkd_morning,DO
AMS,Bolt,30-40 km,871969535ffffff,1,wkd_evening,PU
DUS,Bolt,20-30 km,871fa52b2ffffff,1,wkd_late_evening,DO
LYS,Bolt,5-10 km,871f90254ffffff,1,wrek_evening,DO
ZRH,Bolt,0-5 km,871f8eda3ffffff,1,wked_morning,DO
LGW,Bolt,0-5 km,87194acc8ffffff,2,wkd_day,PU
BER,Bolt,20-30 km,871f1d48bffffff,12,wked_day,DO
BER,Bolt,30-40 km,871f1d4abffffff,1,wrek_late_evening,PU
CDG,Bolt,30-40 km,871fb4670ffffff,1,wked_morning,DO
ARN,Bolt,30-40 km,87088662bffffff,5,wked_day,PU
ATH,Bolt Taxi,20-30 km,871eda651ffffff,5,wkd_night,DO
AMS,Bolt,20-30 km,871968264ffffff,1,wkd_night,DO
AMS,Bolt,20-30 km,871969c9bffffff,30,wkd_evening,DO
AMS,Bolt,10-20 km,871968241ffffff,3,wkd_night,DO
AMS,Bolt,5-10 km,871969514ffffff,2,wked_night,PU
AMS,Bolt,10-20 km,8719695a6ffffff,2,wked_morning,PU
BCN,Cabify,10-20 km,873944603ffffff,11,wkd_night,DO
BER,Bolt,30-40 km,871f1d49cffffff,5,wrek_late_evening,PU
BOD,Bolt,10-20 km,87186b6cbffffff,4,wkd_evening,PU
OTP,Bolt,10-20 km,871eeeb4dffffff,10,wked_day,DO
CPH,Bolt,10-20 km,871f05822ffffff,4,wkd_night,PU
CPH,Bolt,10-20 km,871f05822ffffff,4,wked_day,PU
DUS,Bolt,5-10 km,871fa52b3ffffff,62,wkd_day,DO
DUS,Bolt,5-10 km,871fa52b3ffffff,9,wkd_late_evening,PU
HEL,Bolt,10-20 km,871126d06ffffff,5,wked_night,PU
LIS,Bolt,5-10 km,873933628ffffff,26,wkd_day,PU
LYS,Bolt,30-40 km,871f90209ffffff,3,wrek_evening,PU
ORY,Bolt,60-70 km,871fb0962ffffff,2,wkd_night,PU
CDG,Bolt,10-20 km,871fb4295ffffff,2,wked_day,DO
PRG,Bolt,5-10 km,871e35416ffffff,3,wkd_day,DO
SVQ,Cabify,10-20 km,87391c708ffffff,7,wkd_late_evening,DO
ARN,Bolt,30-40 km,870882904ffffff,4,wkd_day,DO
GDN,Bolt,10-20 km,871f09b24ffffff,7,wkd_evening,PU
WRO,Bolt,0-5 km,871e20409ffffff,1,wkd_day,DO
DXB,Bolt,40-50 km,8743a1301ffffff,5,wkd_day,PU
JED,Bolt,20-30 km,8753a9509ffffff,3,wked_day,DO
CLJ,Bolt,5-10 km,871e0b381ffffff,1,wkd_evening,PU
GOT,Bolt,50-60 km,871f25b81ffffff,1,wkd_late_evening,DO
HEL,Bolt,20-30 km,870899698ffffff,4,wkd_evening,PU
HEL,Bolt,20-30 km,871126d1dffffff,4,wkd_morning,DO
NTE,Bolt,20-30 km,87184586effffff,1,wkd_day,DO
POZ,Bolt,10-20 km,871e24aa3ffffff,1,wkd_morning,DO
SXB,Bolt,20-30 km,871f85601ffffff,3,wkd_evening,PU
PLZ,BoltEco,0-5 km,87bc73858ffffff,1,wkd_day,PU
RUH,Bolt,20-30 km,875355d23ffffff,2,wkd_night,DO
LIL,Bolt,10-20 km,87194d29effffff,1,wked_day,DO
NTE,Bolt,5-10 km,87184584effffff,2,wkd_evening,DO
VNO,Bolt,10-20 km,871f40ad3ffffff,4,wkd_day,DO
DXB,Bolt,40-50 km,8743a1300ffffff,3,wrek_late_evening,PU
CAI,Didi FLEX,20-30 km,873e628e6ffffff,1,wkd_late_evening,PU
MUC,Bolt,20-30 km,871f8d54bffffff,1,wkd_night,DO
NCE,Bolt,30-40 km,873969a2bffffff,1,wked_day,PU
CDG,Bolt,10-20 km,871fb42aeffffff,1,wked_morning,DO
FRA,Bolt,10-20 km,871faeaabffffff,4,wked_morning,PU
GOT,Bolt,20-30 km,871f25a9dffffff,3,wked_day,DO
LIL,Bolt,10-20 km,87194d669ffffff,7,wkd_late_evening,PU
MRS,Bolt,20-30 km,873968150ffffff,2,wked_night,PU
MUC,Bolt,0-5 km,871f8d44affffff,1,wked_morning,PU
MUC,Bolt,30-40 km,871f8d46effffff,5,wrek_evening,DO
CDG,Bolt,30-40 km,871fb4674ffffff,7,wked_night,DO
CDG,Bolt,30-40 km,871fb4644ffffff,9,wrek_evening,PU
FAO,Bolt,30-40 km,873910245ffffff,5,wkd_night,DO
AMS,Bolt,5-10 km,8719695adffffff,2,wkd_evening,PU
AMS,Bolt,10-20 km,871969503ffffff,4,wkd_morning,DO
AMS,Bolt,0-5 km,871969531ffffff,1,wkd_morning,DO
AMS,Bolt,20-30 km,87196952effffff,2,wrek_late_evening,PU
BCN,Cabify,10-20 km,87394460dffffff,14,wkd_late_evening,PU
BEY,Bolt,30-40 km,872da2780ffffff,3,wkd_night,DO
BER,Bolt,20-30 km,871f1d488ffffff,3,wkd_morning,PU
BER,Bolt,20-30 km,871f1d4d0ffffff,4,wkd_day,DO
BER,Bolt,20-30 km,871f1d48affffff,6,wkd_evening,PU
BBU,Bolt,10-20 km,871eec45bffffff,8,wkd_morning,PU
OTP,Bolt,10-20 km,871eeeb68ffffff,2,wkd_night,DO
CPH,Bolt,10-20 km,871f0598dffffff,6,wkd_night,DO
KRK,Bolt,10-20 km,871e2e6b0ffffff,3,wked_night,PU
LIS,Bolt,0-5 km,87393375bffffff,30,wkd_evening,DO
MAD,Cabify,10-20 km,87390cb1bffffff,29,wkd_day,PU
AGP,Cabify,0-5 km,8739195b1ffffff,1,wked_day,DO
MRS,Bolt,0-5 km,8739688d0ffffff,3,wkd_night,DO
MUC,Bolt,20-30 km,871f8d09bffffff,4,wkd_day,DO
NTE,Bolt,20-30 km,87184586affffff,3,wkd_evening,DO
CDG,Bolt,30-40 km,871fb4674ffffff,39,wkd_evening,PU
PRG,Bolt,10-20 km,871e35419ffffff,1,wkd_morning,DO
VLC,Cabify,10-20 km,87395401effffff,8,wkd_morning,DO
VLC,Cabify,10-20 km,873954006ffffff,2,wkd_night,DO
DXB,Bolt,30-40 km,8743a1305ffffff,2,wkd_day,PU
DXB,Bolt,10-20 km,8743a1328ffffff,1,wkd_day,PU
DXB,Bolt,30-40 km,8743a130dffffff,3,wkd_night,DO
DUR,BoltEco,20-30 km,87bc1b6e8ffffff,6,wkd_day,PU
DUR,BoltEco,30-40 km,87bc1b660ffffff,5,wkd_morning,DO
DUR,BoltEco,10-20 km,87bc1b6e8ffffff,8,wrek_evening,PU
ATH,Bolt Taxi,50-60 km,871eda752ffffff,3,wkd_morning,DO
CLJ,Bolt,5-10 km,871e0b383ffffff,2,wkd_night,DO
CPH,Bolt,0-5 km,871f05811ffffff,3,wkd_day,PU
DUS,Bolt,5-10 km,871fa52b2ffffff,4,wkd_day,PU
MLA,Bolt,5-10 km,873f30450ffffff,5,wkd_day,PU
SXB,Bolt,30-40 km,871f85465ffffff,2,wkd_day,DO
ABV,Bolt,20-30 km,8758f4683ffffff,1,wkd_late_evening,PU
AMS,Bolt,10-20 km,871969522ffffff,3,wked_night,PU
CPH,Bolt,10-20 km,871f05822ffffff,2,wked_morning,PU
VIE,Bolt,20-30 km,871e15a01ffffff,1,wked_morning,PU
JED,Bolt,30-40 km,8753a955bffffff,2,wkd_night,DO
BEY,Bolt,20-30 km,872db1b21ffffff,1,wkd_night,DO
GOT,Bolt,10-20 km,871f25a9cffffff,1,wkd_late_evening,DO
HEL,Bolt,10-20 km,871126d34ffffff,1,wkd_late_evening,PU
AGP,Bolt,5-10 km,8739195b1ffffff,18,wkd_morning,DO
TSR,Bolt,10-20 km,871e19281ffffff,1,wrek_evening,PU
MAN,Bolt,5-10 km,871951b44ffffff,2,wked_night,DO
LYS,Bolt,20-30 km,871f90273ffffff,3,wrek_evening,PU
AGP,Bolt,10-20 km,8739195b1ffffff,35,wked_day,PU
MPL,Bolt,10-20 km,87396c590ffffff,3,wked_day,PU
JNB,BoltEco,40-50 km,87bcc3ceaffffff,4,wrek_evening,PU
AMS,Bolt,10-20 km,871969526ffffff,5,wkd_evening,DO
BOD,Bolt,10-20 km,87186b6caffffff,8,wkd_day,DO
CGN,Bolt,10-20 km,871fa198affffff,2,wkd_day,DO
DOH,TaxiF Eco+,10-20 km,87536bc1bffffff,3,wked_day,DO
HEL,Bolt,10-20 km,871126d04ffffff,2,wkd_morning,PU
MRS,Bolt,20-30 km,873968153ffffff,7,wkd_evening,DO
NTE,Bolt,10-20 km,871845843ffffff,6,wkd_evening,PU
NCE,Bolt,10-20 km,873969a84ffffff,2,wrek_late_evening,PU
CDG,Bolt,20-30 km,871fb4666ffffff,30,wkd_day,PU
PRG,Bolt,10-20 km,871e3541affffff,16,wkd_night,DO
PRG,Bolt,20-30 km,871e3541affffff,2,wkd_evening,DO
TLS,Bolt,20-30 km,87396056bffffff,3,wkd_late_evening,DO
VIE,Bolt,5-10 km,871e15b59ffffff,5,wkd_night,DO
VNO,Bolt,5-10 km,871f40308ffffff,6,wkd_late_evening,PU
DXB,Bolt,5-10 km,8743a1369ffffff,1,wrek_late_evening,PU
ATH,Bolt Taxi,30-40 km,871eda743ffffff,16,wkd_day,PU
NBO,Bolt Basic,5-10 km,877a6e501ffffff,7,wkd_day,DO
JED,Bolt,10-20 km,8753a952dffffff,8,wked_morning,DO
AMS,Bolt,20-30 km,87196952effffff,1,wkd_evening,PU
OTP,Bolt,10-20 km,871eeeb6dffffff,3,wrek_late_evening,PU
CGN,Bolt,20-30 km,871fa1994ffffff,1,wkd_night,DO
KRK,Bolt,5-10 km,871e2e686ffffff,1,wkd_late_evening,DO
MLA,Bolt,5-10 km,873f304edffffff,1,wkd_late_evening,DO
PRG,Bolt,10-20 km,871e3541dffffff,2,wkd_night,DO
RTM,Bolt,5-10 km,87196ba20ffffff,2,wkd_morning,DO
ATH,Bolt Taxi,5-10 km,871eda29cffffff,5,wkd_night,DO
RUH,Bolt,30-40 km,8753736d1ffffff,2,wked_night,DO
HEL,Bolt,20-30 km,87089969dffffff,1,wked_day,DO
TLS,Bolt,0-5 km,8739601aeffffff,1,wrek_late_evening,PU
VNO,Bolt,10-20 km,871f4030affffff,1,wrek_evening,PU
LYS,Bolt,20-30 km,871f90272ffffff,1,wkd_day,PU
NTE,Bolt,0-5 km,871845845ffffff,1,wkd_morning,DO
VIE,Bolt,70-80 km,871e02999ffffff,1,wkd_morning,PU
SOU,Bolt,30-40 km,871959ba9ffffff,3,wkd_evening,PU
ZRH,Bolt,10-20 km,871f8ed95ffffff,41,wkd_morning,DO
ZRH,Bolt,20-30 km,871f8ed18ffffff,3,wkd_night,PU
ZRH,Bolt,5-10 km,871f8ed81ffffff,3,wkd_evening,PU
BCN,Cabify,10-20 km,87394461dffffff,7,wrek_evening,DO
SVQ,Cabify,10-20 km,87391c70affffff,19,wrek_evening,DO
BCN,Cabify,40-50 km,87394476bffffff,1,wkd_late_evening,PU
BER,Bolt,5-10 km,871f18b0bffffff,2,wked_night,DO
BOD,Bolt,40-50 km,87186b613ffffff,2,wkd_day,DO
CGN,Bolt,40-50 km,871fa1925ffffff,3,wkd_day,PU
DUS,Bolt,5-10 km,871fa52b2ffffff,7,wkd_late_evening,DO
FRA,Bolt,50-60 km,871fac4c0ffffff,4,wked_day,PU
FRA,Bolt,0-5 km,871faea80ffffff,1,wrek_late_evening,PU
LIL,Bolt,5-10 km,87194d298ffffff,2,wkd_night,DO
LYS,Bolt,20-30 km,871f90250ffffff,3,wkd_night,DO
MRS,Bolt,10-20 km,873968170ffffff,3,wked_day,DO
NCE,Bolt,10-20 km,873969a08ffffff,12,wkd_late_evening,DO
CDG,Bolt,30-40 km,871fb4671ffffff,5,wkd_night,PU
VLC,Cabify,5-10 km,873954012ffffff,1,wkd_morning,DO
VLC,Cabify,5-10 km,8739540acffffff,3,wkd_late_evening,DO
VLC,Cabify,5-10 km,8739540adffffff,2,wked_night,PU
VLC,Cabify,10-20 km,87395401affffff,2,wrek_evening,DO
DXB,Bolt,10-20 km,8743a1369ffffff,18,wkd_night,PU
JED,Bolt,20-30 km,8753a950cffffff,8,wked_morning,PU
BER,Bolt,30-40 km,871f1d48cffffff,1,wkd_late_evening,PU
DBV,Bolt,10-20 km,871e8db43ffffff,11,wkd_evening,DO
DBV,Bolt,20-30 km,871e8db46ffffff,7,wked_morning,PU
ORY,Bolt,20-30 km,871fb4644ffffff,1,wkd_evening,PU
ARN,Bolt,20-30 km,870886295ffffff,3,wkd_morning,PU
SXB,Bolt,10-20 km,871f8569cffffff,1,wkd_evening,PU
CGN,Bolt,20-30 km,871fa1113ffffff,1,wkd_evening,DO
DOH,TaxiF Eco+,10-20 km,87536bce6ffffff,1,wkd_late_evening,DO
GOT,Bolt,5-10 km,871f25a8bffffff,2,wked_morning,PU
MMX,Bolt,30-40 km,871f05b01ffffff,1,wkd_morning,DO
NTE,Bolt,5-10 km,87184585dffffff,1,wked_day,PU
OSL,Bolt,5-10 km,87099925bffffff,2,wkd_day,DO
PRG,Bolt,5-10 km,871e35411ffffff,1,wkd_day,PU
PRG,Bolt,10-20 km,871e3541effffff,2,wked_morning,PU
VLC,Cabify,10-20 km,8739540f4ffffff,1,wkd_late_evening,PU
ZRH,Bolt,5-10 km,871f8ed80ffffff,3,wked_morning,PU
ZRH,Bolt,30-40 km,871f83371ffffff,2,wrek_late_evening,PU
ZRH,Bolt,20-30 km,871f83368ffffff,5,wkd_late_evening,DO
STN,Bolt,50-60 km,87194ad13ffffff,1,wkd_evening,PU
BCN,Cabify,10-20 km,87394460effffff,16,wrek_evening,PU
BEY,Bolt,10-20 km,872da24ccffffff,2,wkd_late_evening,DO
OTP,Bolt,20-30 km,871eeeb40ffffff,7,wkd_night,PU
LIS,Bolt,10-20 km,873933629ffffff,2,wked_day,PU
MUC,Bolt,40-50 km,871f8d44affffff,3,wrek_evening,DO
PRG,Bolt,10-20 km,871e3541effffff,34,wked_day,DO
VIE,Bolt,10-20 km,871e15b71ffffff,22,wked_morning,DO
FAO,Bolt,30-40 km,87391020affffff,11,wkd_morning,DO
AMS,Bolt,10-20 km,87196951cffffff,4,wkd_late_evening,PU
AMS,Bolt,30-40 km,871969526ffffff,1,wked_morning,DO
AMS,Bolt,10-20 km,8719695a6ffffff,1,wked_day,PU
BCN,Cabify,10-20 km,873944632ffffff,1,wkd_night,DO
BCN,Cabify,0-5 km,873944636ffffff,1,wkd_late_evening,PU
BER,Bolt,10-20 km,871f18b72ffffff,1,wkd_evening,DO
DOH,TaxiF Eco+,10-20 km,87536bc1affffff,6,wkd_late_evening,DO
DUS,Bolt,5-10 km,871fa52b5ffffff,3,wkd_day,DO
GOT,Bolt,20-30 km,871f25069ffffff,2,wkd_morning,DO
LIS,Bolt,5-10 km,873933629ffffff,39,wkd_morning,PU
AGP,Bolt,20-30 km,873919585ffffff,54,wkd_morning,PU
NCE,Bolt,0-5 km,873969a0dffffff,1,wkd_day,DO
OSL,Bolt,40-50 km,87099938effffff,4,wkd_evening,DO
ARN,Bolt,40-50 km,87088661dffffff,12,wkd_evening,PU
ARN,Bolt,40-50 km,87088661cffffff,7,wkd_day,PU
VLC,Cabify,5-10 km,8739540acffffff,12,wkd_night,DO
DXB,Bolt,30-40 km,8743a1301ffffff,2,wrek_late_evening,PU
ATH,Bolt Taxi,30-40 km,871eda29cffffff,1,wrek_late_evening,DO
BCN,Cabify,10-20 km,873944619ffffff,1,wked_morning,PU
CLJ,Bolt,10-20 km,871e0b382ffffff,1,wkd_night,DO
DBV,Bolt,5-10 km,871e8db43ffffff,1,wked_night,DO
DUS,Bolt,5-10 km,871fa52b5ffffff,5,wkd_morning,DO
NCE,Bolt,10-20 km,873969a08ffffff,1,wkd_evening,PU
VNO,Bolt,5-10 km,871f40309ffffff,3,wkd_late_evening,PU
HEL,Bolt,0-5 km,871126d74ffffff,2,wked_day,PU
LIL,Bolt,5-10 km,87194d29affffff,1,wkd_late_evening,PU
LIS,Bolt,30-40 km,8739337a1ffffff,1,wkd_late_evening,PU
LYS,Bolt,20-30 km,871f9025affffff,2,wkd_morning,DO
OSL,Bolt,40-50 km,87099938effffff,2,wkd_day,DO
RTM,Bolt,5-10 km,87196ba20ffffff,2,wkd_night,PU
NBO,Bolt Basic,40-50 km,877a6e4b2ffffff,3,wkd_night,DO
OSL,Bolt,5-10 km,870999285ffffff,1,wkd_day,DO
GDN,Bolt,5-10 km,871f72481ffffff,1,wkd_night,DO
DXB,Bolt,30-40 km,8743acd9affffff,1,wked_morning,PU
EDI,Bolt,10-20 km,871972390ffffff,4,wkd_evening,PU
EDI,Bolt,10-20 km,8719720c9ffffff,1,wkd_night,DO
FAO,Bolt,40-50 km,873910204ffffff,4,wked_day,DO
NCE,Bolt,0-5 km,873969a1effffff,4,wked_day,DO
GDN,Bolt,10-20 km,871f7248effffff,3,wked_night,DO
AMS,Bolt,20-30 km,871969526ffffff,30,wkd_morning,DO
AMS,Bolt,5-10 km,871969504ffffff,1,wkd_evening,PU
BER,Bolt,20-30 km,871f1d488ffffff,2,wkd_late_evening,PU
CPH,Bolt,10-20 km,871f0599cffffff,4,wkd_day,DO
DOH,TaxiF Eco+,30-40 km,87536aa4bffffff,5,wkd_late_evening,DO
DOH,TaxiF Eco+,10-20 km,87536bc00ffffff,3,wked_night,DO
FRA,Bolt,10-20 km,871faeaadffffff,7,wkd_day,PU
HEL,Bolt,10-20 km,871126d33ffffff,9,wkd_day,PU
LIS,Bolt,10-20 km,87393362effffff,1,wrek_late_evening,PU
LYS,Bolt,30-40 km,871f90209ffffff,6,wkd_evening,DO
AGP,Cabify,5-10 km,873919584ffffff,1,wkd_evening,PU
AGP,Bolt,10-20 km,8739195b1ffffff,20,wkd_late_evening,DO
NTE,Bolt,10-20 km,87184584effffff,22,wkd_morning,PU
OSL,Bolt,50-60 km,870999392ffffff,4,wkd_late_evening,DO
ORY,Bolt,20-30 km,871fb4666ffffff,9,wrek_late_evening,PU
RTM,Bolt,5-10 km,87196bb56ffffff,3,wrek_late_evening,DO
SVQ,Cabify,5-10 km,87391c70dffffff,3,wkd_evening,DO
SVQ,Cabify,10-20 km,87391c70bffffff,1,wkd_day,DO
ARN,Bolt,50-60 km,8708866abffffff,3,wkd_night,PU
VIE,Bolt,20-30 km,871e15b54ffffff,8,wkd_night,DO
DXB,Bolt,30-40 km,8743a1328ffffff,8,wkd_night,PU
RUH,Bolt,20-30 km,87537369cffffff,2,wked_night,DO
JED,Bolt,10-20 km,8753a9cd2ffffff,2,wkd_day,PU
JED,Bolt,20-30 km,8753a9556ffffff,1,wked_day,PU
ABV,Bolt,40-50 km,8758f0d14ffffff,1,wked_night,DO
DUS,Bolt,20-30 km,871fa5354ffffff,2,wkd_morning,PU
AGP,Cabify,5-10 km,8739195b1ffffff,11,wked_day,PU
MPL,Bolt,10-20 km,87396c589ffffff,1,wkd_late_evening,DO
RTM,Bolt,10-20 km,87196bb53ffffff,3,wkd_morning,DO
KTW,Bolt,50-60 km,871e232dcffffff,4,wrek_evening,DO
VLC,Cabify,5-10 km,8739540a8ffffff,2,wkd_late_evening,PU
BCN,Cabify,5-10 km,873944600ffffff,1,wkd_day,DO
AGP,Cabify,5-10 km,8739195b1ffffff,8,wkd_night,PU
GDN,Bolt,5-10 km,871f09b24ffffff,2,wked_morning,PU
ATH,Bolt Taxi,10-20 km,871eda752ffffff,2,wkd_morning,DO
ATH,Bolt Taxi,10-20 km,871eda769ffffff,1,wkd_day,DO
FAO,Bolt,20-30 km,87391024dffffff,1,wked_day,DO
DBV,Bolt,20-30 km,871e8db46ffffff,1,wrek_late_evening,DO
MRS,Bolt,0-5 km,873968bb5ffffff,1,wrek_late_evening,DO
DXB,Bolt,20-30 km,8743acd9affffff,1,wkd_day,PU
DXB,Bolt,10-20 km,8743accaeffffff,1,wkd_day,PU
JNB,BoltEco,10-20 km,87bcc3c98ffffff,1,wkd_day,PU
ZRH,Bolt,20-30 km,871f8ed9affffff,3,wked_morning,PU
ZRH,Bolt,10-20 km,871f8edb3ffffff,12,wkd_morning,DO
ZRH,Bolt,0-5 km,871f8eda3ffffff,1,wkd_late_evening,PU
BOD,Bolt,10-20 km,87186b6c3ffffff,6,wked_morning,DO
DUS,Bolt,10-20 km,871fa52b2ffffff,2,wked_day,DO
FRA,Bolt,20-30 km,871faea1affffff,3,wrek_evening,DO
ARN,Bolt,40-50 km,87088661dffffff,9,wked_day,DO
AMS,Bolt,20-30 km,871969cd6ffffff,3,wkd_morning,DO
AMS,Bolt,5-10 km,871969514ffffff,6,wkd_late_evening,PU
AMS,Bolt,5-10 km,8719695aeffffff,4,wkd_evening,DO
BEY,Bolt,5-10 km,872da24c5ffffff,2,wked_night,DO
BER,Bolt,0-5 km,871f18a25ffffff,3,wkd_late_evening,PU
BOD,Bolt,20-30 km,87186b6c8ffffff,4,wked_day,PU
OTP,Bolt,30-40 km,871eec6b0ffffff,2,wkd_night,DO
OTP,Bolt,10-20 km,871eec794ffffff,1,wked_day,DO
DOH,TaxiF Eco+,10-20 km,87536bce6ffffff,8,wkd_evening,DO
DUS,Bolt,20-30 km,871fa531cffffff,2,wkd_late_evening,PU
FRA,Bolt,20-30 km,871fae313ffffff,4,wkd_day,PU
HEL,Bolt,10-20 km,871126d31ffffff,3,wkd_evening,PU
LIL,Bolt,5-10 km,87194d29bffffff,6,wkd_morning,PU
MMX,Bolt,40-50 km,871f0515dffffff,2,wkd_day,DO
MRS,Bolt,30-40 km,873968066ffffff,2,wkd_day,PU
MPL,Bolt,10-20 km,87396e96dffffff,4,wkd_night,DO
MPL,Bolt,20-30 km,87396c590ffffff,4,wkd_day,DO
OSL,Bolt,40-50 km,87099938affffff,1,wkd_morning,PU
ARN,Bolt,10-20 km,8708862b3ffffff,4,wkd_evening,PU
VIE,Bolt,10-20 km,871e15b46ffffff,23,wkd_late_evening,PU
WAW,Bolt,10-20 km,871f53c93ffffff,22,wkd_day,DO
DXB,Bolt,10-20 km,8743acd99ffffff,2,wrek_late_evening,PU
DXB,Bolt,10-20 km,8743a1348ffffff,3,wked_night,DO
DUR,BoltEco,20-30 km,87bcf5905ffffff,1,wkd_night,DO
ATH,Bolt Taxi,20-30 km,871eda75dffffff,1,wked_day,PU
JED,Bolt,10-20 km,8753a9cd2ffffff,2,wkd_morning,PU
ABV,Bolt,20-30 km,8758f6a42ffffff,1,wkd_evening,PU
BER,Bolt,20-30 km,871f1d48bffffff,2,wkd_night,PU
KRK,Bolt,10-20 km,871e2e6a2ffffff,2,wkd_night,PU
ORY,Bolt,10-20 km,871fb4673ffffff,4,wkd_night,PU
CDG,Bolt,20-30 km,871fb475affffff,3,wkd_evening,PU
VLC,Cabify,0-5 km,8739540adffffff,2,wkd_morning,DO
VLC,Cabify,10-20 km,8739540a9ffffff,2,wkd_night,DO
VLC,Cabify,20-30 km,8739540a9ffffff,2,wkd_night,PU
DXB,Bolt,30-40 km,8743a132dffffff,1,wkd_day,DO
BCN,Cabify,0-5 km,873944601ffffff,1,wkd_evening,PU
BEY,Bolt,10-20 km,872da24d4ffffff,2,wked_night,PU
CPH,Bolt,10-20 km,871f05804ffffff,1,wkd_evening,PU
HEL,Bolt,10-20 km,871126d05ffffff,1,wkd_late_evening,PU
KRK,Bolt,5-10 km,871e2e6b0ffffff,1,wkd_day,PU
GDN,Bolt,20-30 km,871f72416ffffff,1,wked_night,PU
RUH,Bolt,5-10 km,875354aebffffff,1,wkd_night,DO
VLC,Cabify,20-30 km,8739540a9ffffff,1,wked_day,PU
JED,Bolt,20-30 km,8753a9576ffffff,1,wkd_day,DO
ZRH,Bolt,30-40 km,871f8336cffffff,2,wkd_evening,PU
BHX,Bolt,5-10 km,87195c02bffffff,1,wkd_night,DO
NCE,Bolt,5-10 km,873969a03ffffff,1,wrek_evening,DO
VIE,Bolt,60-70 km,871e15841ffffff,5,wked_morning,PU
AMS,Bolt,0-5 km,871969526ffffff,1,wkd_morning,DO
AMS,Bolt,10-20 km,87196825effffff,3,wkd_morning,PU
AMS,Bolt,10-20 km,871969530ffffff,3,wkd_morning,PU
BER,Bolt,20-30 km,871f18b20ffffff,3,wkd_morning,DO
CGN,Bolt,10-20 km,871fa1998ffffff,2,wkd_late_evening,DO
DUS,Bolt,5-10 km,871fa52b3ffffff,35,wkd_evening,DO
FRA,Bolt,30-40 km,871fae8dbffffff,2,wkd_day,DO
HEL,Bolt,20-30 km,871126d15ffffff,3,wkd_morning,DO
HEL,Bolt,10-20 km,871126d0cffffff,4,wkd_day,PU
KRK,Bolt,20-30 km,871e2e6aeffffff,4,wkd_morning,DO
MRS,Bolt,20-30 km,873968bb5ffffff,5,wkd_evening,PU
MUC,Bolt,40-50 km,871f8d713ffffff,18,wkd_evening,DO
OSL,Bolt,30-40 km,870999280ffffff,2,wkd_evening,PU
ORY,Bolt,10-20 km,871fb4674ffffff,3,wked_morning,DO
PRG,Bolt,20-30 km,871e3540affffff,5,wkd_day,DO
PRG,Bolt,0-5 km,871e354adffffff,1,wkd_morning,DO
ARN,Bolt,40-50 km,870886618ffffff,14,wkd_day,DO
TLS,Bolt,10-20 km,8739601aeffffff,3,wkd_morning,PU
GDN,Bolt,10-20 km,871f7248dffffff,4,wkd_day,PU
VLC,Cabify,10-20 km,87395401affffff,2,wkd_day,DO
DXB,Bolt,10-20 km,8743a1368ffffff,20,wkd_day,PU
DXB,Bolt,5-10 km,8743acca0ffffff,4,wked_night,PU
JNB,BoltEco,5-10 km,87bcc224affffff,1,wked_night,DO
RUH,Bolt,40-50 km,875354a5dffffff,2,wkd_night,DO
JED,Bolt,10-20 km,8753a9529ffffff,2,wkd_day,PU
FAO,Bolt,10-20 km,873911416ffffff,1,wkd_morning,PU
MUC,Bolt,40-50 km,871f8d45bffffff,6,wked_morning,PU
VLC,Cabify,10-20 km,8739540a9ffffff,5,wkd_late_evening,DO
VNO,Bolt,20-30 km,871f40a8bffffff,3,wkd_day,DO
AMS,Bolt,10-20 km,871969506ffffff,2,wkd_late_evening,PU
CGN,Bolt,10-20 km,871fa198bffffff,1,wkd_evening,DO
AGP,Bolt,20-30 km,873919584ffffff,1,wked_night,PU
OSL,Bolt,5-10 km,87099924dffffff,2,wkd_morning,PU
FRA,Bolt,20-30 km,871fae32dffffff,1,wkd_late_evening,PU
AGP,Bolt,5-10 km,8739182dbffffff,1,wkd_morning,DO
OSL,Bolt,40-50 km,870999284ffffff,1,wkd_late_evening,DO
ARN,Bolt,40-50 km,87088662bffffff,1,wkd_day,PU
RUH,Bolt,40-50 km,875354a6cffffff,1,wkd_late_evening,DO
LHR,Bolt,20-30 km,87195da4bffffff,1,wrek_evening,PU
BRS,Bolt,10-20 km,871958770ffffff,2,wkd_day,DO
SOU,Bolt,5-10 km,871959024ffffff,3,wkd_night,DO
EDI,Bolt,5-10 km,871972766ffffff,2,wkd_morning,DO
CPH,Bolt,10-20 km,871f05833ffffff,5,wked_day,DO
KRK,Bolt,10-20 km,871e2e6b3ffffff,12,wked_morning,DO
CDG,Bolt,20-30 km,871fb4666ffffff,1,wked_morning,DO
VIE,Bolt,10-20 km,871e15b44ffffff,7,wked_morning,PU
VNO,Bolt,10-20 km,871f40370ffffff,1,wkd_late_evening,DO
DXB,Bolt,5-10 km,8743a1368ffffff,1,wked_night,PU
ABV,Bolt,10-20 km,8758f0d06ffffff,1,wkd_night,PU
AMS,Bolt,20-30 km,871969520ffffff,2,wked_morning,DO
BER,Bolt,20-30 km,871f18b24ffffff,4,wkd_evening,PU
BER,Bolt,20-30 km,871f1d4d6ffffff,2,wked_day,DO
OTP,Bolt,20-30 km,871eec6b4ffffff,5,wkd_night,PU
CPH,Bolt,10-20 km,871f05815ffffff,8,wkd_day,PU
CPH,Bolt,10-20 km,871f05836ffffff,2,wkd_night,PU
GOT,Bolt,20-30 km,871f25a93ffffff,10,wkd_day,PU
GOT,Bolt,20-30 km,871f25a93ffffff,6,wked_night,DO
HEL,Bolt,20-30 km,871126d74ffffff,1,wked_day,PU
LIS,Bolt,5-10 km,87393362dffffff,4,wrek_evening,DO
MAD,Cabify,20-30 km,87390cb5affffff,1,wrek_evening,PU
NCE,Bolt,30-40 km,87396914cffffff,3,wkd_late_evening,PU
ARN,Bolt,40-50 km,870886611ffffff,4,wkd_night,DO
GDN,Bolt,10-20 km,871f7248affffff,3,wkd_day,PU
VIE,Bolt,30-40 km,871e15a03ffffff,3,wkd_late_evening,PU
VIE,Bolt,10-20 km,871e15b4effffff,1,wkd_morning,PU
WRO,Bolt,10-20 km,871e2040bffffff,2,wkd_day,DO
WRO,Bolt,10-20 km,871e20408ffffff,31,wkd_morning,DO
DXB,Bolt,30-40 km,8743a1043ffffff,1,wkd_morning,DO
DXB,Bolt,30-40 km,8743a132affffff,14,wked_night,PU
ATH,Bolt Taxi,5-10 km,871eda29cffffff,6,wkd_morning,DO
ATH,Bolt Taxi,40-50 km,871eda743ffffff,5,wrek_late_evening,DO
CAI,Didi FLEX,10-20 km,873e628e6ffffff,3,wkd_night,DO
DUS,Bolt,30-40 km,871fa574effffff,1,wkd_evening,PU
GOT,Bolt,30-40 km,871f25ab3ffffff,6,wkd_evening,DO
DUR,BoltEco,40-50 km,87bc1b298ffffff,2,wkd_late_evening,PU
ABV,Bolt,20-30 km,8758f468effffff,2,wkd_night,DO
AMS,Bolt,10-20 km,871969c9affffff,3,wked_day,PU
BEY,Bolt,60-70 km,872da2771ffffff,2,wkd_night,DO
OTP,Bolt,5-10 km,871eec7b0ffffff,1,wrek_evening,DO
LIS,Bolt,0-5 km,873933666ffffff,2,wkd_evening,DO
MUC,Bolt,20-30 km,871f8d091ffffff,2,wkd_night,DO
CLJ,Bolt,40-50 km,871ee5925ffffff,1,wked_day,DO
GDN,Bolt,20-30 km,871f7258cffffff,1,wkd_night,DO
MAN,Bolt,10-20 km,871951b75ffffff,2,wked_day,DO
FAO,Bolt,5-10 km,87391158effffff,16,wked_morning,DO
BCN,Cabify,20-30 km,87394460effffff,2,wked_day,PU
BER,Bolt,20-30 km,871f1d48affffff,6,wrek_late_evening,PU
DUS,Bolt,50-60 km,871fa18a4ffffff,2,wked_day,PU
NTE,Bolt,0-5 km,871845bb5ffffff,4,wked_day,DO
ORY,Bolt,10-20 km,871fb4670ffffff,15,wrek_late_evening,PU
SVQ,Cabify,20-30 km,87391c70affffff,2,wked_day,DO
VNO,Bolt,5-10 km,871f40308ffffff,5,wrek_late_evening,DO
WAW,Bolt,5-10 km,871f52261ffffff,47,wked_night,DO
AMS,Bolt,10-20 km,871969c9bffffff,10,wkd_evening,DO
DUS,Bolt,5-10 km,871fa5769ffffff,8,wkd_morning,DO
GOT,Bolt,30-40 km,871f25064ffffff,2,wkd_morning,PU
GOT,Bolt,20-30 km,871f2506cffffff,4,wked_morning,DO
KRK,Bolt,20-30 km,871e2e686ffffff,3,wked_night,DO
LYS,Bolt,20-30 km,871f90209ffffff,2,wked_day,PU
MUC,Bolt,10-20 km,871f8d7a4ffffff,2,wkd_day,DO
MUC,Bolt,30-40 km,871f8d713ffffff,1,wkd_evening,DO
NCE,Bolt,5-10 km,873969a1cffffff,1,wkd_day,DO
PRG,Bolt,5-10 km,871e35410ffffff,2,wkd_morning,DO
TLS,Bolt,10-20 km,8739601aaffffff,13,wkd_morning,PU
TLS,Bolt,10-20 km,873960180ffffff,4,wkd_late_evening,PU
TLS,Bolt,5-10 km,873960c5bffffff,4,wrek_evening,PU
GDN,Bolt,10-20 km,871f09b24ffffff,15,wkd_morning,DO
VLC,Cabify,10-20 km,87395401affffff,8,wkd_morning,DO
VLC,Cabify,5-10 km,8739540adffffff,2,wked_day,PU
VIE,Bolt,20-30 km,871e15b66ffffff,2,wked_night,DO
DXB,Bolt,5-10 km,8743accb1ffffff,6,wkd_night,PU
DXB,Bolt,10-20 km,8743a136affffff,2,wkd_day,DO
JNB,BoltEco,10-20 km,87bcc35a9ffffff,1,wkd_day,PU
ATH,Bolt Taxi,20-30 km,873f74925ffffff,3,wrek_evening,PU
ATH,Bolt Taxi,40-50 km,871eda743ffffff,7,wked_night,DO
NBO,Bolt Basic,20-30 km,877a6e428ffffff,3,wkd_night,PU
JED,Bolt,20-30 km,8753a9521ffffff,2,wkd_evening,DO
KRK,Bolt,10-20 km,871e2e686ffffff,2,wkd_day,PU
LYS,Bolt,20-30 km,871f9025affffff,1,wked_day,DO
MAD,Cabify,10-20 km,87390cb1cffffff,7,wkd_morning,DO
ORY,Bolt,20-30 km,871fb4660ffffff,2,wkd_evening,PU
DUS,Bolt,0-5 km,871fa5294ffffff,1,wked_morning,PU
HEL,Bolt,20-30 km,871126d14ffffff,2,wkd_late_evening,DO
OSL,Bolt,10-20 km,8708a45b5ffffff,2,wkd_day,PU
DOH,TaxiF Eco+,20-30 km,87536bc0effffff,1,wked_day,DO
AGP,Bolt,20-30 km,8739195b1ffffff,1,wkd_evening,DO
GDN,Bolt,20-30 km,871f7248affffff,1,wkd_day,DO
RUH,Bolt,30-40 km,8753736d4ffffff,1,wkd_night,DO
MAN,Bolt,10-20 km,871951b70ffffff,4,wked_night,DO
MAN,Bolt,0-5 km,871951b59ffffff,2,wrek_evening,PU
ZRH,Bolt,10-20 km,871f8ed90ffffff,3,wked_night,PU
MAN,Bolt,10-20 km,871951b44ffffff,1,wrek_late_evening,PU
HEL,Bolt,10-20 km,871126d31ffffff,7,wkd_night,PU
MRS,Bolt,20-30 km,87396802dffffff,4,wrek_evening,DO
VIE,Bolt,10-20 km,871e15b43ffffff,5,wked_day,DO
ABV,Bolt,40-50 km,8758f46d6ffffff,3,wkd_night,DO
AMS,Bolt,10-20 km,8719695a2ffffff,2,wked_morning,DO
BCN,Cabify,10-20 km,87394460affffff,15,wkd_late_evening,PU
BER,Bolt,20-30 km,871f18b35ffffff,4,wkd_late_evening,PU
BOD,Bolt,10-20 km,87186b6c3ffffff,1,wrek_evening,DO
CPH,Bolt,30-40 km,871f2364bffffff,4,wkd_evening,DO
CPH,Bolt,10-20 km,871f05814ffffff,4,wkd_evening,DO
FRA,Bolt,10-20 km,871fae16affffff,4,wkd_day,DO
KRK,Bolt,10-20 km,871e2e6b1ffffff,16,wkd_morning,PU
LYS,Bolt,20-30 km,871f902e5ffffff,1,wkd_late_evening,PU
LYS,Bolt,20-30 km,871f90209ffffff,4,wkd_evening,DO
AGP,Cabify,10-20 km,873919585ffffff,31,wkd_night,PU
NCE,Bolt,0-5 km,873969a11ffffff,21,wkd_morning,DO
NCE,Bolt,20-30 km,873969ab6ffffff,3,wkd_day,DO
NCE,Bolt,20-30 km,873969ab2ffffff,4,wrek_late_evening,PU
SVQ,Cabify,0-5 km,87391c70affffff,7,wkd_morning,PU
SVQ,Cabify,10-20 km,87391c624ffffff,7,wked_morning,DO
SVQ,Cabify,10-20 km,87391c70bffffff,1,wrek_late_evening,PU
TLS,Bolt,10-20 km,873960185ffffff,3,wkd_night,PU
VIE,Bolt,10-20 km,871e15b71ffffff,3,wkd_evening,PU
VNO,Bolt,10-20 km,871f40331ffffff,3,wked_day,DO
DXB,Bolt,20-30 km,8743a136effffff,1,wkd_evening,PU
DXB,Bolt,10-20 km,8743acc88ffffff,5,wkd_night,DO
ATH,Bolt Taxi,20-30 km,873f74985ffffff,4,wkd_day,DO
CAI,Didi FLEX,20-30 km,873e62b0cffffff,2,wkd_late_evening,PU
FAO,Bolt,20-30 km,87391025affffff,3,wkd_day,PU
BEY,Bolt,10-20 km,872da24e1ffffff,1,wkd_day,DO
DUS,Bolt,10-20 km,871fa52b1ffffff,2,wkd_day,PU
MPL,Bolt,5-10 km,87396e968ffffff,1,wkd_night,DO
SXB,Bolt,0-5 km,871f85600ffffff,1,wkd_morning,DO
SXB,Bolt,10-20 km,871f85600ffffff,2,wkd_evening,PU
VLC,Cabify,30-40 km,87395400dffffff,2,wkd_night,DO
CGN,Bolt,10-20 km,871fa1126ffffff,1,wkd_morning,PU
LIS,Bolt,0-5 km,87393375bffffff,1,wrek_late_evening,DO
ORY,Bolt,10-20 km,871fb4674ffffff,5,wkd_late_evening,PU
CDG,Bolt,30-40 km,871fb4674ffffff,1,wkd_late_evening,DO
SVQ,Cabify,20-30 km,87391c660ffffff,1,wkd_evening,DO
OSL,Bolt,50-60 km,8709993b1ffffff,1,wkd_night,DO
ZRH,Bolt,10-20 km,871f8ed94ffffff,5,wked_night,PU
BRS,Bolt,20-30 km,871958214ffffff,1,wked_day,DO
SOU,Bolt,5-10 km,871959025ffffff,3,wkd_morning,PU
ZRH,Bolt,10-20 km,871f8ed91ffffff,4,wked_morning,DO
LHR,Bolt,20-30 km,87194ad10ffffff,2,wked_night,PU
EDI,Bolt,5-10 km,871972761ffffff,2,wkd_night,DO
MRS,Bolt,30-40 km,87396802cffffff,3,wked_day,DO
CDG,Bolt,20-30 km,871fb4660ffffff,2,wked_day,DO
ARN,Bolt,30-40 km,870886676ffffff,4,wrek_late_evening,PU
BCN,Cabify,30-40 km,873944676ffffff,2,wrek_late_evening,DO
BOD,Bolt,10-20 km,87184dd62ffffff,3,wkd_late_evening,PU
DOH,TaxiF Eco+,10-20 km,87536bcf5ffffff,3,wkd_night,DO
GOT,Bolt,30-40 km,871f25a80ffffff,3,wkd_night,PU
HEL,Bolt,20-30 km,871126d1cffffff,2,wkd_late_evening,PU
KRK,Bolt,10-20 km,871e2e686ffffff,5,wked_night,PU
LIS,Bolt,5-10 km,873933759ffffff,3,wkd_night,PU
LIS,Bolt,0-5 km,873933629ffffff,3,wked_night,PU
LYS,Bolt,20-30 km,871f90255ffffff,3,wkd_evening,DO
MAD,Cabify,5-10 km,87390ca35ffffff,1,wkd_night,PU
AGP,Cabify,0-5 km,8739182dbffffff,1,wkd_day,DO
MPL,Bolt,50-60 km,87396c092ffffff,1,wkd_late_evening,PU
MUC,Bolt,40-50 km,871f8d713ffffff,4,wrek_late_evening,PU
NTE,Bolt,5-10 km,871845858ffffff,5,wkd_morning,DO
NCE,Bolt,5-10 km,873969a0cffffff,1,wkd_evening,DO
NCE,Bolt,5-10 km,873969a0effffff,23,wkd_morning,DO
NCE,Bolt,0-5 km,873969a11ffffff,2,wkd_late_evening,DO
NCE,Bolt,5-10 km,873969a0cffffff,6,wkd_late_evening,PU
ARN,Bolt,50-60 km,87088679bffffff,4,wkd_evening,DO
TLS,Bolt,10-20 km,87396018affffff,4,wkd_night,PU
TLS,Bolt,5-10 km,8739601a2ffffff,4,wkd_morning,PU
VLC,Cabify,10-20 km,87395401affffff,4,wked_day,DO
DXB,Bolt,10-20 km,8743acd9bffffff,2,wked_morning,PU
BER,Bolt,20-30 km,871f1d4d6ffffff,1,wkd_night,PU
NCE,Bolt,10-20 km,873969aa1ffffff,2,wkd_morning,DO
RTM,Bolt,10-20 km,87196b843ffffff,1,wkd_day,PU
ARN,Bolt,30-40 km,870886605ffffff,3,wked_day,PU
SXB,Bolt,20-30 km,871f85600ffffff,2,wkd_evening,DO
DUR,BoltEco,30-40 km,87bc1b663ffffff,2,wkd_day,PU
DUR,BoltEco,30-40 km,87bc1b663ffffff,1,wked_day,DO
ATH,Bolt Taxi,10-20 km,871eda280ffffff,2,wkd_morning,DO
JED,Bolt,10-20 km,8753a9cd8ffffff,3,wkd_morning,PU
FAO,Bolt,40-50 km,87391020effffff,2,wrek_evening,PU
AMS,Bolt,5-10 km,871969533ffffff,2,wrek_late_evening,DO
BCN,Cabify,10-20 km,8739446a5ffffff,2,wkd_late_evening,PU
OTP,Bolt,20-30 km,871eec7b0ffffff,1,wkd_late_evening,DO
CLJ,Bolt,10-20 km,871e0b393ffffff,1,wkd_night,PU
HEL,Bolt,20-30 km,871126d33ffffff,1,wrek_late_evening,DO
MMX,Bolt,30-40 km,871f05b2bffffff,1,wkd_late_evening,PU
NCE,Bolt,30-40 km,873969a94ffffff,1,wkd_late_evening,PU
TLS,Bolt,5-10 km,87396018bffffff,1,wkd_late_evening,DO
WRO,Bolt,20-30 km,871e20429ffffff,2,wkd_morning,DO
NCL,Bolt,10-20 km,87197334effffff,3,wkd_morning,DO
EDI,Bolt,10-20 km,871972392ffffff,3,wked_day,PU
FAO,Bolt,5-10 km,87391158effffff,7,wrek_evening,DO
OTP,Bolt,10-20 km,871eeeb6bffffff,7,wrek_evening,PU
AGP,Bolt,10-20 km,8739195b1ffffff,19,wked_morning,DO
TLS,Bolt,10-20 km,87396018effffff,7,wked_day,PU
RUH,Bolt,30-40 km,875355d26ffffff,4,wkd_morning,DO
BCN,Cabify,10-20 km,873944600ffffff,4,wked_day,PU
BER,Bolt,20-30 km,871f1d49dffffff,29,wkd_late_evening,PU
OTP,Bolt,20-30 km,871eeeb71ffffff,3,wkd_night,PU
CGN,Bolt,10-20 km,871fa199bffffff,4,wkd_morning,DO
FRA,Bolt,20-30 km,871faea32ffffff,4,wkd_day,DO
GOT,Bolt,10-20 km,871f25331ffffff,3,wkd_morning,DO
HEL,Bolt,10-20 km,871126d0cffffff,6,wked_day,DO
HEL,Bolt,0-5 km,871126d33ffffff,1,wrek_late_evening,DO
KRK,Bolt,10-20 km,871e2e6b1ffffff,6,wrek_late_evening,DO
LYS,Bolt,20-30 km,871f90254ffffff,9,wkd_morning,PU
MAD,Cabify,20-30 km,87390cb8bffffff,15,wkd_day,PU
MRS,Bolt,20-30 km,873968152ffffff,8,wkd_evening,DO
NCE,Bolt,10-20 km,873969a11ffffff,1,wkd_day,PU
NCE,Bolt,10-20 km,873969a32ffffff,5,wrek_evening,PU
NCE,Bolt,20-30 km,873969a41ffffff,2,wkd_night,PU
OSL,Bolt,50-60 km,870999384ffffff,3,wkd_night,DO
OSL,Bolt,40-50 km,870999380ffffff,3,wkd_late_evening,PU
ORY,Bolt,20-30 km,871fb4666ffffff,22,wkd_day,PU
PRG,Bolt,10-20 km,871e3541dffffff,6,wkd_night,PU
PRG,Bolt,10-20 km,871e354aeffffff,5,wkd_late_evening,DO
TLS,Bolt,10-20 km,873960118ffffff,4,wkd_day,PU
TLS,Bolt,5-10 km,8739601b4ffffff,4,wkd_night,DO
TLS,Bolt,10-20 km,8739601b4ffffff,3,wkd_late_evening,DO
VIE,Bolt,10-20 km,871e15b44ffffff,16,wkd_late_evening,PU
VIE,Bolt,30-40 km,871e02c31ffffff,6,wkd_morning,PU
VIE,Bolt,20-30 km,871e15b73ffffff,4,wkd_night,DO
VNO,Bolt,10-20 km,871f40308ffffff,1,wkd_late_evening,PU
VNO,Bolt,10-20 km,871f40371ffffff,2,wked_morning,DO
DXB,Bolt,10-20 km,8743a136bffffff,2,wkd_morning,PU
DXB,Bolt,40-50 km,8743a132affffff,7,wked_morning,PU
ATH,Bolt Taxi,20-30 km,871eda651ffffff,6,wkd_evening,DO
MLA,Bolt,10-20 km,873f30453ffffff,1,wrek_late_evening,DO
OSL,Bolt,40-50 km,87099905bffffff,1,wked_day,PU
VLC,Cabify,20-30 km,87395401bffffff,1,wkd_morning,DO
FAO,Bolt,40-50 km,873911580ffffff,1,wkd_morning,PU
BCN,Cabify,10-20 km,87394462affffff,1,wkd_morning,DO
BCN,Cabify,5-10 km,873944611ffffff,2,wrek_late_evening,PU
CPH,Bolt,10-20 km,871f05824ffffff,1,wkd_day,PU
LIL,Bolt,5-10 km,87194d29cffffff,1,wked_morning,DO
LIS,Bolt,10-20 km,873933629ffffff,2,wkd_late_evening,PU
DXB,Bolt,5-10 km,8743accb5ffffff,1,wkd_day,DO
BOD,Bolt,10-20 km,87186b6caffffff,1,wkd_day,PU
CGN,Bolt,20-30 km,871fa1980ffffff,1,wkd_evening,DO
DUS,Bolt,10-20 km,871fa5768ffffff,1,wkd_day,DO
HEL,Bolt,10-20 km,87089968bffffff,1,wked_night,DO
SVQ,Cabify,0-5 km,87391c708ffffff,1,wkd_late_evening,PU
ARN,Bolt,5-10 km,87088660effffff,1,wkd_late_evening,DO
NCL,Bolt,0-5 km,871973234ffffff,4,wkd_day,DO
NCL,Bolt,0-5 km,871973359ffffff,2,wkd_late_evening,DO
NCL,Bolt,10-20 km,87197335affffff,3,wked_day,PU
ZRH,Bolt,10-20 km,871f8ed94ffffff,3,wkd_late_evening,PU
ZRH,Bolt,50-60 km,871f816a9ffffff,3,wkd_late_evening,PU
EDI,Bolt,5-10 km,871972765ffffff,1,wrek_evening,PU
EDI,Bolt,5-10 km,871972761ffffff,2,wkd_morning,PU
ZRH,Bolt,10-20 km,871f83aeaffffff,1,wkd_late_evening,DO
AMS,Bolt,20-30 km,871969526ffffff,6,wked_day,DO
DOH,TaxiF Eco+,10-20 km,87536bc1bffffff,19,wkd_night,DO
AGP,Bolt,20-30 km,873919585ffffff,44,wkd_late_evening,PU
AMS,Bolt,20-30 km,871969526ffffff,1,wkd_night,DO
AMS,Bolt,0-5 km,8719695a3ffffff,1,wkd_evening,PU
BER,Bolt,20-30 km,871f1d4f2ffffff,6,wkd_night,DO
BER,Bolt,5-10 km,871f18b0affffff,4,wked_morning,DO
BER,Bolt,5-10 km,871f18b0bffffff,2,wked_morning,DO
BOD,Bolt,10-20 km,87184dd64ffffff,6,wkd_morning,DO
FRA,Bolt,10-20 km,871fae064ffffff,4,wkd_morning,DO
LYS,Bolt,30-40 km,871f90256ffffff,2,wkd_evening,PU
MRS,Bolt,60-70 km,87396c296ffffff,3,wkd_morning,PU
MUC,Bolt,30-40 km,871f8d44dffffff,5,wkd_evening,DO
ORY,Bolt,20-30 km,871fb4674ffffff,2,wkd_night,DO
RTM,Bolt,5-10 km,87196bb0bffffff,4,wkd_day,PU
SVQ,Cabify,10-20 km,87391c70affffff,8,wrek_late_evening,PU
ARN,Bolt,20-30 km,870886758ffffff,4,wkd_night,DO
ARN,Bolt,0-5 km,87088661dffffff,1,wkd_night,DO
TLS,Bolt,10-20 km,8739601aaffffff,16,wkd_day,DO
VNO,Bolt,10-20 km,871f4032bffffff,3,wkd_day,DO
DXB,Bolt,5-10 km,8743acd98ffffff,2,wkd_late_evening,PU
ATH,Bolt Taxi,40-50 km,871eda752ffffff,1,wkd_day,PU
ATH,Bolt Taxi,10-20 km,873f74925ffffff,5,wked_day,DO
RUH,Bolt,10-20 km,87537361effffff,3,wked_night,DO
CPH,Bolt,10-20 km,871f0581effffff,1,wkd_morning,DO
MLA,Bolt,5-10 km,873f30450ffffff,1,wrek_late_evening,PU
VIE,Bolt,10-20 km,871e15b62ffffff,2,wkd_night,PU
LYS,Bolt,20-30 km,871f9020bffffff,2,wkd_day,DO
CDG,Bolt,50-60 km,871fb0962ffffff,1,wkd_late_evening,PU
VNO,Bolt,10-20 km,871f4030cffffff,3,wrek_evening,DO
NBO,Bolt Basic,20-30 km,877a6e42dffffff,1,wrek_evening,PU
AMS,Bolt,10-20 km,87196951effffff,1,wked_morning,PU
DOH,TaxiF Eco+,5-10 km,87536bc05ffffff,1,wkd_late_evening,DO
GOT,Bolt,30-40 km,871f2506cffffff,1,wked_morning,DO
AGP,Cabify,5-10 km,8739195b1ffffff,3,wked_night,DO
ATH,Bolt Taxi,0-5 km,871eda75effffff,1,wkd_morning,DO
ZRH,Bolt,5-10 km,871f8ed95ffffff,4,wked_night,DO
AMS,Bolt,20-30 km,871969c9bffffff,16,wrek_evening,DO
BCN,Cabify,20-30 km,87394460affffff,3,wrek_evening,DO
FRA,Bolt,10-20 km,871faeaa8ffffff,4,wrek_late_evening,PU
LIS,Bolt,0-5 km,87393375bffffff,8,wrek_evening,DO
NBO,Bolt Basic,50-60 km,877a45864ffffff,2,wkd_night,DO
FAO,Bolt,60-70 km,873910232ffffff,5,wkd_evening,PU
BER,Bolt,20-30 km,871f1d499ffffff,3,wkd_late_evening,DO
OTP,Bolt,20-30 km,871eeeb44ffffff,3,wkd_late_evening,DO
CGN,Bolt,10-20 km,871fa1810ffffff,1,wkd_morning,DO
CGN,Bolt,10-20 km,871fa18b4ffffff,3,wkd_late_evening,PU
CPH,Bolt,30-40 km,871f05903ffffff,4,wkd_morning,DO
FRA,Bolt,10-20 km,871faea1affffff,3,wkd_day,DO
LIS,Bolt,5-10 km,873933666ffffff,6,wked_day,DO
LYS,Bolt,5-10 km,871f9025bffffff,4,wkd_late_evening,PU
LYS,Bolt,20-30 km,871f90254ffffff,12,wked_morning,PU
MRS,Bolt,30-40 km,873968bb5ffffff,2,wrek_late_evening,DO
MUC,Bolt,20-30 km,871f8d09bffffff,4,wkd_evening,DO
ORY,Bolt,10-20 km,871fb4662ffffff,6,wkd_day,PU
GDN,Bolt,20-30 km,871f7258cffffff,3,wkd_late_evening,DO
VLC,Cabify,10-20 km,8739540adffffff,8,wkd_morning,PU
VNO,Bolt,5-10 km,871f40308ffffff,14,wkd_day,PU
WRO,Bolt,10-20 km,871e2040dffffff,8,wkd_day,DO
DXB,Bolt,10-20 km,8743ac120ffffff,1,wkd_day,PU
DXB,Bolt,20-30 km,8743a1372ffffff,5,wked_night,PU
DXB,Bolt,10-20 km,8743acd98ffffff,4,wked_day,PU
JNB,BoltEco,50-60 km,87bcdc844ffffff,2,wkd_evening,DO
ATH,Bolt Taxi,30-40 km,871eda74cffffff,1,wkd_night,PU
JED,Bolt,30-40 km,8753a9cacffffff,4,wkd_evening,PU
JED,Bolt,20-30 km,8753a9556ffffff,3,wked_morning,DO
CAI,Didi FLEX,40-50 km,873e62143ffffff,1,wked_day,DO
BOD,Bolt,10-20 km,87186b6c3ffffff,3,wkd_morning,DO
CLJ,Bolt,40-50 km,871e0b2cbffffff,1,wkd_night,PU
CGN,Bolt,30-40 km,871fa1c66ffffff,1,wkd_morning,DO
HEL,Bolt,30-40 km,871126d32ffffff,2,wkd_evening,DO
MLA,Bolt,10-20 km,873f30450ffffff,1,wked_day,PU
NCE,Bolt,10-20 km,873969a12ffffff,4,wkd_morning,DO
VLC,Cabify,5-10 km,873954199ffffff,2,wkd_morning,PU
DUR,BoltEco,40-50 km,87bcf5936ffffff,3,wkd_late_evening,DO
AMS,Bolt,10-20 km,871969525ffffff,1,wkd_morning,PU
BOD,Bolt,0-5 km,87186b6dcffffff,1,wkd_morning,DO
CGN,Bolt,30-40 km,871fa118dffffff,1,wkd_late_evening,DO
CGN,Bolt,10-20 km,871fa18a6ffffff,1,wkd_late_evening,DO
HEL,Bolt,20-30 km,871126d24ffffff,2,wkd_night,DO
NCE,Bolt,60-70 km,871f9a6d6ffffff,1,wkd_night,PU
ATH,Bolt Taxi,40-50 km,871eda75affffff,1,wked_day,PU
JED,Bolt,5-10 km,8753a9cdbffffff,1,wked_morning,DO
JED,Bolt,10-20 km,8753a9576ffffff,2,wkd_morning,DO
DUS,Bolt,10-20 km,871fa53a2ffffff,1,wkd_day,PU
KRK,Bolt,20-30 km,871e2e6b3ffffff,1,wrek_evening,DO
JED,Bolt,30-40 km,8753a9556ffffff,1,wkd_day,DO
BRS,Bolt,0-5 km,871958380ffffff,2,wked_morning,DO
EDI,Bolt,5-10 km,871972761ffffff,4,wrek_late_evening,DO
BHX,Bolt,10-20 km,87195caa8ffffff,3,wkd_day,PU
MAN,Bolt,30-40 km,871951bb0ffffff,2,wkd_day,DO
FAO,Bolt,30-40 km,873910255ffffff,2,wked_morning,DO
BOD,Bolt,20-30 km,87186b6eeffffff,3,wrek_evening,DO
MRS,Bolt,30-40 km,87396802affffff,4,wrek_evening,PU
ORY,Bolt,10-20 km,871fb4670ffffff,52,wked_day,PU
RUH,Bolt,50-60 km,875355d51ffffff,3,wkd_late_evening,DO
FAO,Bolt,10-20 km,87391025affffff,1,wkd_night,DO
FAO,Bolt,5-10 km,873911583ffffff,3,wkd_late_evening,DO
AMS,Bolt,10-20 km,871969523ffffff,3,wkd_night,PU
AMS,Bolt,20-30 km,871969c9bffffff,18,wkd_evening,PU
AMS,Bolt,10-20 km,871969526ffffff,2,wkd_late_evening,PU
BER,Bolt,20-30 km,871f1d4d0ffffff,5,wkd_day,PU
BER,Bolt,20-30 km,871f18b24ffffff,3,wrek_late_evening,DO
BOD,Bolt,20-30 km,87186b6c8ffffff,13,wkd_night,DO
BOD,Bolt,5-10 km,87184dd21ffffff,5,wkd_evening,DO
CPH,Bolt,10-20 km,871f05833ffffff,5,wkd_morning,PU
DUS,Bolt,0-5 km,871fa52a6ffffff,3,wked_night,DO
HEL,Bolt,10-20 km,871126d14ffffff,4,wkd_late_evening,DO
HEL,Bolt,10-20 km,871126d05ffffff,8,wkd_day,PU
HEL,Bolt,20-30 km,871126d30ffffff,2,wked_morning,DO
LYS,Bolt,20-30 km,871f90273ffffff,4,wkd_night,DO
MAD,Cabify,10-20 km,87390cb1cffffff,11,wkd_evening,DO
MRS,Bolt,20-30 km,873968152ffffff,13,wkd_day,DO
NCE,Bolt,10-20 km,873969a01ffffff,4,wkd_night,DO
NCE,Bolt,0-5 km,873969a1cffffff,8,wkd_late_evening,PU
ORY,Bolt,10-20 km,871fb4675ffffff,1,wkd_night,PU
CDG,Bolt,10-20 km,871fb4295ffffff,2,wked_morning,PU
PRG,Bolt,20-30 km,871e3541affffff,8,wkd_morning,PU
PRG,Bolt,20-30 km,871e35419ffffff,4,wkd_evening,DO
SVQ,Cabify,5-10 km,87391c70bffffff,4,wked_morning,DO
GDN,Bolt,10-20 km,871f724aeffffff,1,wkd_evening,DO
VIE,Bolt,10-20 km,871e15b71ffffff,5,wkd_morning,PU
DXB,Bolt,5-10 km,8743accb0ffffff,3,wkd_night,PU
NBO,Bolt Basic,20-30 km,877a6e428ffffff,2,wkd_morning,DO
RUH,Bolt,40-50 km,875355d04ffffff,3,wked_morning,PU
BCN,Cabify,40-50 km,873944772ffffff,2,wkd_evening,DO
OTP,Bolt,20-30 km,871eec6b2ffffff,2,wkd_night,PU
DBV,Bolt,30-40 km,871e8db75ffffff,1,wkd_morning,DO
DBV,Bolt,20-30 km,871e8db43ffffff,17,wkd_morning,DO
DBV,Bolt,20-30 km,871e8db42ffffff,5,wkd_day,PU
GOT,Bolt,20-30 km,871f25a9effffff,7,wkd_day,DO
LIS,Bolt,40-50 km,873915d6dffffff,2,wkd_late_evening,PU
MRS,Bolt,0-5 km,87396802cffffff,1,wked_morning,DO
MPL,Bolt,10-20 km,87396c593ffffff,2,wkd_late_evening,DO
WRO,Bolt,5-10 km,871e20408ffffff,1,wkd_evening,PU
DUS,Bolt,20-30 km,871fa5212ffffff,1,wkd_late_evening,PU
VNO,Bolt,5-10 km,871f40308ffffff,1,wked_morning,PU
VLC,Cabify,10-20 km,873954013ffffff,1,wked_morning,PU
DXB,Bolt,30-40 km,8743a1372ffffff,1,wrek_evening,PU
ZRH,Bolt,20-30 km,871f83ac3ffffff,2,wkd_night,DO
FRA,Bolt,10-20 km,871fae322ffffff,4,wked_night,DO
NTE,Bolt,50-60 km,8718451a0ffffff,2,wrek_late_evening,DO
OSL,Bolt,40-50 km,870999382ffffff,6,wked_morning,DO
PRG,Bolt,10-20 km,871e354adffffff,4,wked_day,DO
VNO,Bolt,5-10 km,871f4030cffffff,12,wked_day,PU
ATH,Bolt Taxi,40-50 km,871eda743ffffff,8,wrek_evening,DO
NBO,Bolt Basic,20-30 km,877a6e4a4ffffff,4,wked_night,DO
AMS,Bolt,20-30 km,871969524ffffff,2,wked_day,PU
BEY,Bolt,5-10 km,872da24f1ffffff,1,wked_day,PU
BER,Bolt,20-30 km,871f18b04ffffff,2,wkd_morning,DO
CPH,Bolt,10-20 km,871f058a4ffffff,4,wkd_evening,DO
CPH,Bolt,20-30 km,871f059acffffff,4,wkd_night,DO
CPH,Bolt,5-10 km,871f05810ffffff,7,wked_day,DO
DOH,TaxiF Eco+,0-5 km,87536bce4ffffff,1,wkd_day,DO
DUS,Bolt,60-70 km,871fa1999ffffff,2,wkd_day,PU
DUS,Bolt,20-30 km,871fa574cffffff,2,wkd_morning,DO
FRA,Bolt,10-20 km,871fae324ffffff,3,wkd_morning,PU
HEL,Bolt,20-30 km,87089969affffff,2,wkd_day,DO
KRK,Bolt,20-30 km,871e2e6b1ffffff,20,wkd_late_evening,DO
KRK,Bolt,20-30 km,871e2e6b1ffffff,21,wkd_morning,PU
LIS,Bolt,10-20 km,873933628ffffff,7,wkd_late_evening,PU
MAD,Cabify,10-20 km,87390cb1bffffff,41,wkd_day,DO
MRS,Bolt,20-30 km,873968153ffffff,6,wkd_day,PU
CDG,Bolt,30-40 km,871fb4675ffffff,4,wkd_day,PU
RTM,Bolt,5-10 km,87196bb56ffffff,8,wkd_late_evening,DO
ARN,Bolt,30-40 km,870886755ffffff,4,wkd_evening,DO
GDN,Bolt,10-20 km,871f09b24ffffff,16,wkd_evening,DO
VIE,Bolt,20-30 km,871e15b54ffffff,4,wkd_day,DO
DXB,Bolt,20-30 km,8743a1351ffffff,3,wkd_night,PU
DXB,Bolt,20-30 km,8743acd9dffffff,2,wked_night,PU
ATH,Bolt Taxi,10-20 km,873f74925ffffff,12,wkd_night,DO
ATH,Bolt Taxi,40-50 km,871eda743ffffff,6,wrek_evening,PU
RUH,Bolt,10-20 km,8753736a6ffffff,3,wkd_night,DO
JED,Bolt,10-20 km,8753a9cd3ffffff,6,wkd_night,DO
CAI,Didi FLEX,50-60 km,873e6288effffff,1,wked_day,PU
AMS,Bolt,10-20 km,8719695a2ffffff,3,wrek_late_evening,DO
BCN,Cabify,10-20 km,87394460cffffff,3,wkd_late_evening,PU
CLJ,Bolt,5-10 km,871e0b381ffffff,5,wkd_night,PU
GOT,Bolt,30-40 km,871f25045ffffff,4,wked_day,DO
MLA,Bolt,5-10 km,873f304edffffff,3,wked_day,DO
OSL,Bolt,30-40 km,870999284ffffff,2,wkd_late_evening,DO
POZ,Bolt,10-20 km,871e24aacffffff,1,wkd_day,DO
RTM,Bolt,10-20 km,87196bb52ffffff,1,wkd_night,PU
GDN,Bolt,5-10 km,871f09b35ffffff,1,wkd_night,DO
JNB,BoltEco,50-60 km,87bcdc844ffffff,1,wkd_day,PU
NBO,Bolt Basic,10-20 km,877a6e552ffffff,2,wkd_day,DO
OTP,Bolt,10-20 km,871eeeb71ffffff,1,wkd_night,PU
MRS,Bolt,50-60 km,87396806bffffff,1,wkd_day,DO
MUC,Bolt,0-5 km,871f8d44affffff,1,wkd_late_evening,PU
NTE,Bolt,0-5 km,871845843ffffff,1,wkd_late_evening,PU
OSL,Bolt,5-10 km,87099939effffff,1,wkd_day,DO
JED,Bolt,10-20 km,8753a9546ffffff,2,wkd_morning,DO
JED,Bolt,10-20 km,8753a9cd9ffffff,2,wkd_morning,DO
FAO,Bolt,40-50 km,87391020effffff,1,wked_day,DO
BER,Bolt,30-40 km,871f1d48dffffff,1,wkd_day,DO
BOD,Bolt,5-10 km,87186b6dcffffff,1,wkd_late_evening,PU
AGP,Cabify,0-5 km,873919585ffffff,1,wked_morning,PU
OSL,Bolt,10-20 km,87099906affffff,1,wked_morning,DO
CDG,Bolt,30-40 km,871fb4660ffffff,1,wkd_late_evening,PU
ATH,Bolt Taxi,40-50 km,871eda75cffffff,1,wkd_morning,DO
ZRH,Bolt,10-20 km,871f8ed95ffffff,8,wkd_late_evening,PU
ZRH,Bolt,30-40 km,871f8ec83ffffff,2,wkd_morning,PU
BCN,Cabify,10-20 km,87394461cffffff,4,wked_night,DO
CGN,Bolt,20-30 km,871fa1114ffffff,2,wkd_late_evening,DO
CDG,Bolt,30-40 km,871fb4644ffffff,18,wked_day,PU
DXB,Bolt,10-20 km,8743a1368ffffff,5,wked_day,DO
BCN,Cabify,20-30 km,87394460affffff,2,wrek_late_evening,DO
BER,Bolt,20-30 km,871f1d499ffffff,1,wkd_morning,PU
OTP,Bolt,10-20 km,871eeeb6affffff,10,wkd_evening,DO
CPH,Bolt,5-10 km,871f05806ffffff,5,wked_day,DO
DOH,TaxiF Eco+,10-20 km,87536bce6ffffff,8,wkd_night,DO
DOH,TaxiF Eco+,20-30 km,87536bc04ffffff,4,wkd_morning,DO
FRA,Bolt,10-20 km,871faeaa8ffffff,9,wkd_day,DO
HEL,Bolt,10-20 km,871126d33ffffff,4,wkd_late_evening,DO
LYS,Bolt,20-30 km,871f9025effffff,4,wkd_late_evening,PU
LYS,Bolt,20-30 km,871f902eeffffff,4,wked_morning,DO
MAD,Cabify,0-5 km,87390ca35ffffff,1,wkd_day,DO
MRS,Bolt,20-30 km,873968142ffffff,4,wkd_night,DO
NCE,Bolt,30-40 km,873969a45ffffff,7,wkd_morning,PU
PRG,Bolt,0-5 km,871e3541affffff,4,wkd_morning,PU
ARN,Bolt,40-50 km,870886601ffffff,2,wkd_evening,DO
TLS,Bolt,10-20 km,8739601aaffffff,3,wkd_night,DO
GDN,Bolt,20-30 km,871f7258dffffff,9,wkd_day,DO
VIE,Bolt,20-30 km,871e15b74ffffff,6,wkd_morning,DO
VIE,Bolt,20-30 km,871e15b62ffffff,5,wkd_day,PU
DXB,Bolt,30-40 km,8743a1301ffffff,4,wkd_morning,DO
ATH,Bolt Taxi,10-20 km,871eda65cffffff,5,wkd_late_evening,DO
RUH,Bolt,40-50 km,875355d1cffffff,4,wkd_night,DO
JED,Bolt,10-20 km,8753a952dffffff,3,wkd_night,DO
JED,Bolt,20-30 km,8753a9573ffffff,1,wkd_evening,DO
OTP,Bolt,0-5 km,871eeeb6affffff,1,wkd_night,DO
NTE,Bolt,5-10 km,871845858ffffff,3,wkd_late_evening,PU
SXB,Bolt,10-20 km,871f85603ffffff,1,wkd_day,DO
TLS,Bolt,10-20 km,873960118ffffff,3,wkd_night,PU
DXB,Bolt,20-30 km,8743a136affffff,10,wkd_morning,PU
ATH,Bolt Taxi,50-60 km,871eda743ffffff,1,wrek_evening,PU
NBO,Bolt Basic,5-10 km,877a6e42dffffff,3,wkd_morning,DO
RUH,Bolt,20-30 km,875373682ffffff,2,wkd_night,DO
ABV,Bolt,30-40 km,8758f4689ffffff,1,wkd_morning,DO
HEL,Bolt,20-30 km,871126d19ffffff,1,wkd_day,PU
PRG,Bolt,0-5 km,871e3541effffff,4,wkd_evening,PU
VIE,Bolt,20-30 km,871e15b73ffffff,2,wkd_late_evening,DO
DXB,Bolt,30-40 km,8743a1302ffffff,2,wkd_morning,DO
CDG,Bolt,40-50 km,871fb4674ffffff,1,wkd_late_evening,DO
VIE,Bolt,10-20 km,871e15b46ffffff,1,wrek_evening,PU
NBO,Bolt Basic,10-20 km,877a6e55affffff,1,wkd_evening,DO
LHR,Bolt,10-20 km,87195d244ffffff,2,wked_night,PU
BHX,Bolt,10-20 km,87195c058ffffff,2,wked_day,PU
MAN,Bolt,10-20 km,871951b64ffffff,4,wkd_late_evening,PU
EDI,Bolt,10-20 km,8719720cbffffff,2,wkd_morning,DO
HEL,Bolt,10-20 km,871126d26ffffff,3,wkd_night,PU
CDG,Bolt,30-40 km,871fb4674ffffff,31,wrek_evening,PU
JED,Bolt,10-20 km,8753a9ce5ffffff,3,wkd_night,DO
BCN,Cabify,10-20 km,873944608ffffff,16,wkd_day,PU
CPH,Bolt,0-5 km,871f05811ffffff,2,wkd_night,DO
KRK,Bolt,10-20 km,871e2e6b1ffffff,65,wkd_day,PU
MRS,Bolt,0-5 km,8739688d4ffffff,2,wkd_late_evening,DO
MUC,Bolt,40-50 km,871f8d785ffffff,5,wkd_late_evening,PU
NCE,Bolt,10-20 km,873969a0cffffff,13,wkd_day,DO
OSL,Bolt,0-5 km,87099924effffff,2,wkd_day,PU
TLS,Bolt,10-20 km,873960186ffffff,7,wkd_day,DO
VLC,Cabify,20-30 km,873954006ffffff,3,wkd_morning,PU
VIE,Bolt,20-30 km,871e15b46ffffff,12,wkd_evening,PU
VIE,Bolt,20-30 km,871e15b6cffffff,7,wkd_night,PU
VIE,Bolt,20-30 km,871e15b62ffffff,9,wkd_late_evening,PU
DXB,Bolt,10-20 km,8743a1372ffffff,1,wkd_day,PU
DXB,Bolt,30-40 km,8743a1300ffffff,5,wkd_day,PU
DXB,Bolt,30-40 km,8743a1368ffffff,2,wkd_day,DO
JNB,BoltEco,20-30 km,87bcc3cd3ffffff,4,wked_night,DO
NBO,Bolt Basic,20-30 km,877a6e55effffff,4,wked_morning,PU
RUH,Bolt,0-5 km,87537378dffffff,3,wkd_night,DO
JED,Bolt,10-20 km,8753a952effffff,10,wked_day,PU
OTP,Bolt,10-20 km,871eeeb6dffffff,3,wkd_late_evening,DO
NCE,Bolt,50-60 km,873969a08ffffff,1,wkd_morning,PU
POZ,Bolt,5-10 km,871e24a12ffffff,1,wkd_morning,DO
RTM,Bolt,20-30 km,8719696b2ffffff,2,wkd_morning,PU
KTW,Bolt,30-40 km,871e232dcffffff,11,wkd_late_evening,DO
TSR,Bolt,10-20 km,871e19281ffffff,1,wked_night,PU
VIE,Bolt,20-30 km,871e15b65ffffff,3,wkd_day,DO
VIE,Bolt,10-20 km,871e15b44ffffff,4,wrek_evening,DO
DXB,Bolt,20-30 km,8743acd9effffff,3,wked_morning,PU
BCN,Cabify,0-5 km,873944602ffffff,1,wkd_day,DO
NTE,Bolt,5-10 km,87184584effffff,1,wrek_evening,PU
TSR,Bolt,5-10 km,871e1928effffff,1,wked_day,PU
JED,Bolt,10-20 km,8753a9572ffffff,1,wkd_evening,PU
MAN,Bolt,10-20 km,871951b72ffffff,1,wkd_day,PU
NCL,Bolt,5-10 km,87197322cffffff,1,wkd_late_evening,PU
ZRH,Bolt,10-20 km,871f8eda6ffffff,1,wrek_late_evening,PU
CPH,Bolt,10-20 km,871f05833ffffff,11,wked_morning,DO
HEL,Bolt,20-30 km,870899685ffffff,3,wked_day,DO
NCE,Bolt,20-30 km,873969ab4ffffff,8,wked_day,PU
FAO,Bolt,10-20 km,873911414ffffff,3,wkd_morning,DO
BCN,Cabify,10-20 km,873944602ffffff,6,wkd_night,DO
BOD,Bolt,10-20 km,87186b6c3ffffff,4,wkd_late_evening,DO
BOD,Bolt,5-10 km,87184dd75ffffff,6,wkd_evening,PU
OTP,Bolt,20-30 km,871eec6b0ffffff,3,wkd_night,DO
CGN,Bolt,20-30 km,871fa1d4dffffff,4,wkd_night,PU
CPH,Bolt,5-10 km,871f05831ffffff,8,wkd_late_evening,PU
DUS,Bolt,20-30 km,871fa5350ffffff,4,wkd_day,PU
DUS,Bolt,10-20 km,871fa52b2ffffff,1,wrek_late_evening,PU
HEL,Bolt,10-20 km,871126d45ffffff,3,wkd_morning,DO
HEL,Bolt,5-10 km,871126d73ffffff,3,wkd_night,DO
KRK,Bolt,20-30 km,871e2e686ffffff,4,wkd_day,PU
LIS,Bolt,5-10 km,87393362cffffff,2,wkd_day,PU
AGP,Cabify,20-30 km,8739195aaffffff,42,wkd_morning,DO
AGP,Bolt,10-20 km,8739182dbffffff,43,wkd_evening,DO
MRS,Bolt,20-30 km,873968150ffffff,13,wkd_night,PU
MPL,Bolt,10-20 km,87396e968ffffff,3,wkd_night,DO
MUC,Bolt,40-50 km,871f8d713ffffff,37,wkd_day,DO
MUC,Bolt,30-40 km,871f8d716ffffff,9,wkd_day,DO
NCE,Bolt,30-40 km,873969a40ffffff,5,wkd_day,DO
NCE,Bolt,0-5 km,873969a1dffffff,4,wkd_evening,DO
NCE,Bolt,0-5 km,873969a1dffffff,3,wkd_late_evening,PU
OSL,Bolt,10-20 km,8708a45b4ffffff,4,wked_morning,DO
CDG,Bolt,30-40 km,871fb4753ffffff,8,wked_morning,DO
VLC,Cabify,20-30 km,8739540a9ffffff,5,wked_morning,PU
WAW,Bolt,5-10 km,871f52261ffffff,100,wkd_morning,DO
DXB,Bolt,10-20 km,8743a136effffff,4,wkd_day,PU
DXB,Bolt,10-20 km,8743acd99ffffff,2,wked_night,PU
JNB,BoltEco,10-20 km,87bcc2248ffffff,1,wked_day,DO
DUR,BoltEco,30-40 km,87bc1b66cffffff,8,wkd_night,DO
ATH,Bolt Taxi,20-30 km,871eda743ffffff,1,wkd_night,PU
ATH,Bolt Taxi,30-40 km,871eda74effffff,3,wrek_late_evening,DO
JED,Bolt,20-30 km,8753a9572ffffff,3,wkd_late_evening,DO
JED,Bolt,40-50 km,8753a9d0cffffff,5,wkd_night,DO
JED,Bolt,20-30 km,8753a9550ffffff,5,wkd_morning,DO
NTE,Bolt,10-20 km,871845b14ffffff,3,wkd_evening,PU
TSR,Bolt,10-20 km,871e19281ffffff,2,wkd_day,DO
VLC,Cabify,10-20 km,87395401affffff,4,wkd_late_evening,DO
VNO,Bolt,5-10 km,871f4030effffff,2,wkd_late_evening,PU
PLZ,BoltEco,0-5 km,87bc73849ffffff,1,wrek_evening,PU
ATH,Bolt Taxi,30-40 km,871eda75cffffff,11,wkd_late_evening,PU
ATH,Bolt Taxi,50-60 km,871eda75dffffff,2,wkd_day,PU
ATH,Bolt Taxi,50-60 km,871eda75dffffff,2,wkd_morning,PU
MRS,Bolt,5-10 km,873968152ffffff,1,wked_day,PU
JED,Bolt,20-30 km,8753a9556ffffff,1,wked_night,DO
EDI,Bolt,5-10 km,87197270dffffff,2,wkd_night,DO
BCN,Cabify,5-10 km,8739446acffffff,4,wrek_late_evening,DO
OTP,Bolt,10-20 km,871eeeb68ffffff,9,wkd_night,PU
VIE,Bolt,20-30 km,871e15b54ffffff,2,wrek_late_evening,PU
ABV,Bolt,40-50 km,8758f468affffff,3,wkd_night,DO
FAO,Bolt,5-10 km,873911583ffffff,2,wrek_late_evening,PU
AMS,Bolt,10-20 km,871969534ffffff,9,wkd_day,PU
AMS,Bolt,20-30 km,871969526ffffff,14,wkd_late_evening,PU
BEY,Bolt,0-5 km,872da2785ffffff,1,wked_day,DO
BOD,Bolt,5-10 km,87184dd70ffffff,3,wkd_morning,PU
GOT,Bolt,20-30 km,871f25a91ffffff,4,wkd_night,PU
GOT,Bolt,40-50 km,8708b68aaffffff,4,wkd_day,DO
GOT,Bolt,40-50 km,871f2514bffffff,1,wkd_evening,DO
HEL,Bolt,10-20 km,871126d01ffffff,5,wkd_morning,DO
HEL,Bolt,20-30 km,871126c54ffffff,3,wked_morning,PU
MUC,Bolt,30-40 km,871f8d716ffffff,4,wkd_morning,DO
MUC,Bolt,40-50 km,871f8d7b6ffffff,3,wkd_day,PU
NCE,Bolt,5-10 km,873969a10ffffff,4,wkd_evening,PU
NCE,Bolt,5-10 km,873969a32ffffff,1,wrek_evening,PU
CDG,Bolt,30-40 km,871fb4644ffffff,6,wrek_late_evening,PU
ORY,Bolt,30-40 km,871fb4670ffffff,1,wrek_evening,PU
SVQ,Cabify,5-10 km,87391c708ffffff,16,wked_day,PU
ARN,Bolt,30-40 km,87088662affffff,3,wkd_night,DO
TLS,Bolt,10-20 km,8739601acffffff,3,wkd_day,PU
TLS,Bolt,30-40 km,873960ccaffffff,1,wked_day,DO
VLC,Cabify,10-20 km,873954013ffffff,2,wkd_evening,PU
VIE,Bolt,20-30 km,871e15b75ffffff,1,wrek_late_evening,PU
VNO,Bolt,10-20 km,871f4032affffff,14,wkd_day,DO
WRO,Bolt,10-20 km,871e2040bffffff,7,wkd_night,DO
NBO,Bolt Basic,20-30 km,877a6e55affffff,2,wked_night,PU
GOT,Bolt,30-40 km,871f25a92ffffff,4,wkd_late_evening,DO
LIL,Bolt,0-5 km,8719498c6ffffff,1,wked_morning,PU
MLA,Bolt,10-20 km,873f30453ffffff,1,wkd_night,PU
DXB,Bolt,10-20 km,8743a136affffff,2,wkd_evening,PU
AMS,Bolt,0-5 km,871969c9bffffff,1,wkd_morning,PU
MUC,Bolt,10-20 km,871f8d69dffffff,1,wkd_late_evening,PU
SVQ,Cabify,10-20 km,87391c703ffffff,1,wkd_evening,DO
VNO,Bolt,10-20 km,871f4032cffffff,2,wrek_late_evening,DO
DXB,Bolt,10-20 km,8743acca9ffffff,1,wked_morning,PU
DXB,Bolt,50-60 km,8743a1043ffffff,1,wkd_morning,DO
JNB,BoltEco,5-10 km,87bcc2248ffffff,1,wkd_evening,DO
ATH,Bolt Taxi,0-5 km,871eda75dffffff,1,wkd_day,DO
BHX,Bolt,10-20 km,87195cac3ffffff,3,wkd_evening,PU
LCY,Bolt,20-30 km,87195da66ffffff,2,wked_morning,DO
ZRH,Bolt,5-10 km,871f8eda6ffffff,4,wkd_day,DO
BRS,Bolt,5-10 km,87195876cffffff,2,wrek_evening,PU
MAN,Bolt,10-20 km,871951b74ffffff,1,wkd_morning,PU
BCN,Cabify,20-30 km,87394460cffffff,6,wked_day,DO
BOD,Bolt,20-30 km,87186b68affffff,1,wkd_night,PU
AGP,Bolt,20-30 km,8739195aaffffff,16,wrek_late_evening,DO
NTE,Bolt,10-20 km,87184584cffffff,3,wked_morning,PU
NCE,Bolt,5-10 km,873969a01ffffff,7,wked_day,PU
ABV,Bolt,50-60 km,8758f46b3ffffff,1,wkd_night,DO
BCN,Cabify,10-20 km,87394460dffffff,7,wkd_day,PU
BER,Bolt,20-30 km,871f18b26ffffff,2,wked_day,DO
OTP,Bolt,20-30 km,871eeeb6bffffff,1,wkd_late_evening,PU
OTP,Bolt,5-10 km,871eec45bffffff,2,wrek_late_evening,PU
CGN,Bolt,30-40 km,871fa1994ffffff,3,wkd_morning,DO
CPH,Bolt,5-10 km,871f0581cffffff,1,wkd_night,DO
DUS,Bolt,20-30 km,871fa529dffffff,3,wkd_morning,DO
FRA,Bolt,40-50 km,871fae221ffffff,4,wkd_evening,DO
GOT,Bolt,20-30 km,871f2506dffffff,7,wkd_late_evening,PU
HEL,Bolt,0-5 km,871126d29ffffff,2,wkd_evening,PU
KRK,Bolt,0-5 km,871e2e6b1ffffff,2,wked_morning,DO
LIS,Bolt,40-50 km,8739330f4ffffff,6,wrek_evening,PU
LYS,Bolt,20-30 km,871f90252ffffff,4,wkd_day,PU
MPL,Bolt,5-10 km,87396c59cffffff,5,wkd_morning,PU
NCE,Bolt,5-10 km,873969a03ffffff,4,wkd_late_evening,DO
NCE,Bolt,20-30 km,873969ab2ffffff,4,wked_night,PU
NCE,Bolt,5-10 km,873969a08ffffff,10,wked_day,PU
PRG,Bolt,10-20 km,871e35418ffffff,149,wkd_day,PU
TLS,Bolt,10-20 km,873960181ffffff,3,wkd_morning,DO
VLC,Cabify,20-30 km,8739540f4ffffff,1,wrek_evening,PU
WRO,Bolt,5-10 km,871e20423ffffff,4,wkd_night,DO
DXB,Bolt,5-10 km,8743accb0ffffff,7,wkd_night,DO
DXB,Bolt,30-40 km,8743a132affffff,12,wked_morning,PU
DXB,Bolt,0-5 km,8743acca9ffffff,1,wked_morning,PU
JED,Bolt,20-30 km,8753a9556ffffff,3,wkd_morning,DO
CAI,Didi FLEX,40-50 km,873e6288cffffff,2,wkd_night,PU
BOD,Bolt,5-10 km,87184dd70ffffff,1,wkd_late_evening,DO
DBV,Bolt,20-30 km,871e8db46ffffff,3,wkd_morning,PU
HEL,Bolt,20-30 km,870899698ffffff,2,wkd_evening,DO
LIS,Bolt,0-5 km,873933675ffffff,3,wkd_night,PU
NTE,Bolt,5-10 km,871845842ffffff,1,wkd_late_evening,PU
RTM,Bolt,10-20 km,87196b848ffffff,3,wkd_day,PU
WRO,Bolt,5-10 km,871e2040bffffff,1,wked_day,DO
DXB,Bolt,40-50 km,8743a1301ffffff,4,wkd_late_evening,PU
DOH,TaxiF Eco+,10-20 km,87536bc05ffffff,1,wkd_late_evening,DO
SVQ,Cabify,20-30 km,87391c71effffff,2,wkd_day,PU
ATH,Bolt Taxi,0-5 km,871eda75dffffff,2,wkd_morning,DO
ATH,Bolt Taxi,0-5 km,871eda740ffffff,1,wrek_evening,DO
ORY,Bolt,30-40 km,871fb0962ffffff,1,wkd_day,DO
SXB,Bolt,10-20 km,871f85603ffffff,2,wked_day,DO
VIE,Bolt,30-40 km,871e15b71ffffff,2,wked_morning,DO
DXB,Bolt,50-60 km,8743a1369ffffff,1,wked_morning,PU
ZRH,Bolt,50-60 km,871f8ec54ffffff,4,wkd_night,PU
BER,Bolt,20-30 km,871f1d48affffff,6,wked_day,DO
DUS,Bolt,10-20 km,871fa52b3ffffff,3,wrek_evening,PU
LYS,Bolt,20-30 km,871f90254ffffff,4,wrek_late_evening,PU
MAD,Cabify,0-5 km,87390cb1bffffff,1,wrek_evening,DO
NCE,Bolt,5-10 km,873969a08ffffff,12,wked_night,DO
VNO,Bolt,0-5 km,871f4030cffffff,1,wkd_late_evening,PU
FAO,Bolt,10-20 km,873911416ffffff,4,wkd_morning,DO
FAO,Bolt,10-20 km,8739115b5ffffff,3,wked_morning,DO
AMS,Bolt,20-30 km,871969526ffffff,19,wkd_day,DO
AMS,Bolt,10-20 km,871969514ffffff,2,wkd_late_evening,PU
BEY,Bolt,5-10 km,872da24e0ffffff,3,wked_day,DO
BER,Bolt,20-30 km,871f1d48bffffff,11,wked_day,PU
FRA,Bolt,10-20 km,871fae14bffffff,4,wkd_evening,PU
MUC,Bolt,30-40 km,871f8d7a4ffffff,6,wkd_morning,PU
MUC,Bolt,30-40 km,871f8d464ffffff,4,wkd_day,DO
NCE,Bolt,20-30 km,873969b9dffffff,2,wkd_morning,PU
RTM,Bolt,5-10 km,87196bb52ffffff,4,wked_morning,DO
TLS,Bolt,0-5 km,8739601aaffffff,1,wkd_evening,DO
GDN,Bolt,20-30 km,871f725a4ffffff,2,wkd_day,DO
VLC,Cabify,10-20 km,873954189ffffff,1,wkd_day,PU
VNO,Bolt,10-20 km,871f4030cffffff,15,wkd_late_evening,PU
ATH,Bolt Taxi,30-40 km,871eda74effffff,4,wkd_day,PU
ATH,Bolt Taxi,50-60 km,871eda753ffffff,4,wkd_evening,PU
JED,Bolt,10-20 km,8753a9572ffffff,1,wrek_late_evening,DO
ABV,Bolt,40-50 km,8758f4688ffffff,1,wkd_day,PU
BCN,Cabify,0-5 km,87394461dffffff,1,wkd_day,PU
MLA,Bolt,10-20 km,873f3041dffffff,1,wkd_late_evening,DO
NCE,Bolt,0-5 km,873969a11ffffff,2,wkd_evening,PU
TSR,Bolt,0-5 km,871ee6924ffffff,1,wkd_late_evening,PU
RUH,Bolt,20-30 km,8753736abffffff,3,wkd_night,DO
BCN,Cabify,10-20 km,8739446a0ffffff,1,wkd_evening,DO
CGN,Bolt,20-30 km,871fa1d48ffffff,3,wkd_night,DO
MRS,Bolt,30-40 km,87396815bffffff,1,wkd_evening,DO
LYS,Bolt,50-60 km,871f90254ffffff,1,wrek_evening,DO
MRS,Bolt,5-10 km,87396800dffffff,1,wkd_night,PU
ORY,Bolt,10-20 km,871fb4662ffffff,1,wked_morning,DO
LHR,Bolt,5-10 km,87195dacaffffff,1,wkd_day,PU
BRS,Bolt,10-20 km,871958766ffffff,2,wkd_morning,PU
ZRH,Bolt,10-20 km,871f83aecffffff,4,wkd_night,DO
ZRH,Bolt,20-30 km,871f8ecb2ffffff,3,wrek_late_evening,PU
LHR,Bolt,20-30 km,87194ad16ffffff,1,wrek_evening,PU
BCN,Cabify,20-30 km,87394460affffff,1,wked_day,PU
BOD,Bolt,10-20 km,87186b6cbffffff,6,wked_day,DO
GOT,Bolt,30-40 km,871f2506affffff,2,wkd_night,PU
MUC,Bolt,30-40 km,871f8d45dffffff,3,wked_day,DO
MUC,Bolt,30-40 km,871f8d44affffff,31,wrek_late_evening,PU
TLS,Bolt,5-10 km,87396011bffffff,1,wked_day,DO
GDN,Bolt,10-20 km,871f09b35ffffff,5,wrek_evening,DO
AMS,Bolt,30-40 km,8719694a9ffffff,1,wkd_late_evening,PU
BCN,Cabify,5-10 km,873944613ffffff,4,wkd_evening,PU
BCN,Cabify,0-5 km,87394461dffffff,1,wkd_late_evening,DO
BCN,Cabify,10-20 km,87394460affffff,2,wked_day,PU
BEY,Bolt,5-10 km,872da24f2ffffff,3,wked_day,PU
BER,Bolt,20-30 km,871f1d48bffffff,9,wkd_evening,PU
BOD,Bolt,5-10 km,87186b6dbffffff,3,wkd_day,DO
DOH,TaxiF Eco+,20-30 km,87536bc2effffff,4,wkd_night,DO
KRK,Bolt,10-20 km,871e2e79bffffff,3,wkd_evening,DO
MRS,Bolt,20-30 km,873968153ffffff,4,wkd_day,DO
MRS,Bolt,20-30 km,873968153ffffff,3,wkd_morning,DO
OSL,Bolt,0-5 km,870999248ffffff,2,wkd_day,PU
CDG,Bolt,30-40 km,871fb475bffffff,1,wkd_night,PU
ORY,Bolt,40-50 km,871fb0962ffffff,18,wkd_late_evening,PU
SVQ,Cabify,5-10 km,87391c708ffffff,1,wked_night,DO
TLS,Bolt,10-20 km,873960110ffffff,3,wkd_day,PU
VLC,Cabify,5-10 km,873954013ffffff,3,wkd_late_evening,DO
VIE,Bolt,20-30 km,871e15b46ffffff,12,wkd_late_evening,PU
DXB,Bolt,20-30 km,8743a1368ffffff,9,wked_night,PU
DXB,Bolt,30-40 km,8743a1315ffffff,2,wked_night,DO
JNB,BoltEco,0-5 km,87bcc2248ffffff,49,wkd_day,DO
NCE,Bolt,10-20 km,87396914effffff,1,wkd_morning,DO
DUR,BoltEco,5-10 km,87bcf59b5ffffff,1,wkd_morning,PU
ATH,Bolt Taxi,50-60 km,871eda75dffffff,1,wkd_evening,PU
DUS,Bolt,40-50 km,871fa5268ffffff,1,wked_day,PU
VIE,Bolt,5-10 km,871e15b46ffffff,2,wkd_late_evening,PU
BOD,Bolt,20-30 km,87186b6caffffff,1,wkd_evening,PU
CLJ,Bolt,5-10 km,871e0b381ffffff,1,wked_day,DO
KRK,Bolt,0-5 km,871e2e6b1ffffff,1,wked_day,DO
MAN,Bolt,10-20 km,871951b75ffffff,6,wkd_late_evening,PU
EDI,Bolt,5-10 km,871972761ffffff,4,wkd_morning,DO
STN,Bolt,50-60 km,87195da49ffffff,1,wkd_day,PU
FAO,Bolt,0-5 km,873911582ffffff,3,wked_day,DO
BCN,Cabify,10-20 km,873944603ffffff,11,wked_night,PU
CGN,Bolt,10-20 km,871fa198affffff,4,wked_morning,DO
AGP,Cabify,10-20 km,873919584ffffff,33,wked_night,PU
MPL,Bolt,10-20 km,87396c590ffffff,2,wrek_evening,PU
CDG,Bolt,30-40 km,871fb475effffff,2,wked_morning,PU
JNB,BoltEco,0-5 km,87bcc2248ffffff,15,wrek_late_evening,DO
JED,Bolt,20-30 km,8753a9551ffffff,3,wkd_night,DO
ABV,Bolt,40-50 km,8758f4680ffffff,4,wkd_late_evening,DO
FAO,Bolt,40-50 km,87391021cffffff,9,wkd_morning,DO
AMS,Bolt,10-20 km,8719695a2ffffff,2,wkd_day,DO
AMS,Bolt,5-10 km,8719695aaffffff,3,wrek_late_evening,PU
DUS,Bolt,20-30 km,871fa5353ffffff,5,wkd_night,PU
FRA,Bolt,30-40 km,871fae366ffffff,4,wkd_day,DO
FRA,Bolt,10-20 km,871faeaf1ffffff,4,wkd_evening,PU
GOT,Bolt,0-5 km,871f25065ffffff,1,wkd_day,DO
GOT,Bolt,30-40 km,871f2506affffff,4,wked_day,DO
LYS,Bolt,30-40 km,871f9020bffffff,9,wkd_late_evening,DO
MRS,Bolt,20-30 km,873968bb5ffffff,3,wkd_morning,DO
MPL,Bolt,5-10 km,87396c495ffffff,3,wkd_late_evening,DO
MUC,Bolt,30-40 km,871f8d44affffff,18,wkd_day,PU
MUC,Bolt,20-30 km,871f8d736ffffff,6,wkd_morning,PU
OSL,Bolt,50-60 km,870999312ffffff,2,wkd_night,PU
SVQ,Cabify,20-30 km,87391c660ffffff,1,wkd_late_evening,DO
TLS,Bolt,5-10 km,873960185ffffff,20,wkd_morning,DO
TLS,Bolt,5-10 km,873960185ffffff,14,wkd_day,DO
VLC,Cabify,5-10 km,8739540adffffff,9,wkd_day,PU
VNO,Bolt,5-10 km,871f4030cffffff,3,wked_morning,DO
WRO,Bolt,20-30 km,871e20462ffffff,3,wkd_night,DO
ATH,Bolt Taxi,30-40 km,871eda74effffff,6,wkd_late_evening,PU
ATH,Bolt Taxi,0-5 km,871eda741ffffff,3,wkd_night,DO
NBO,Bolt Basic,20-30 km,877a6e428ffffff,2,wkd_day,PU
ABV,Bolt,40-50 km,8758f4688ffffff,3,wkd_morning,DO
AMS,Bolt,0-5 km,8719695acffffff,4,wkd_night,PU
DUS,Bolt,10-20 km,871fa5769ffffff,1,wked_morning,DO
HEL,Bolt,10-20 km,8708996d6ffffff,1,wkd_night,DO
SXB,Bolt,10-20 km,871f85603ffffff,2,wkd_evening,PU
HEL,Bolt,30-40 km,871126d32ffffff,1,wkd_day,DO
LOS,Bolt,30-40 km,87589c8a4ffffff,1,wkd_morning,DO
OSL,Bolt,50-60 km,870999760ffffff,1,wked_night,PU
MAN,Bolt,10-20 km,871951b71ffffff,5,wkd_morning,DO
ZRH,Bolt,10-20 km,871f83ac3ffffff,1,wkd_day,PU
MAN,Bolt,10-20 km,871951b29ffffff,1,wrek_evening,PU
NCL,Bolt,0-5 km,871973205ffffff,1,wkd_morning,DO
BEY,Bolt,5-10 km,872da24e1ffffff,3,wked_morning,DO
BEY,Bolt,5-10 km,872da24c1ffffff,2,wkd_night,DO
LIS,Bolt,5-10 km,87393362dffffff,13,wked_day,DO
MUC,Bolt,30-40 km,871f8d7acffffff,1,wked_morning,DO
NCE,Bolt,10-20 km,873969a0cffffff,1,wked_morning,PU
TLS,Bolt,5-10 km,8739601acffffff,1,wkd_night,PU
VIE,Bolt,20-30 km,871e15b70ffffff,4,wrek_evening,DO
AMS,Bolt,10-20 km,871969c9affffff,9,wked_morning,DO
BCN,Cabify,0-5 km,87394461dffffff,1,wkd_late_evening,PU
BCN,Cabify,20-30 km,87394460cffffff,4,wked_day,PU
BER,Bolt,0-5 km,871f1d4d6ffffff,1,wrek_evening,DO
OTP,Bolt,30-40 km,871eec79affffff,2,wkd_day,DO
OTP,Bolt,10-20 km,871eeeb6affffff,6,wkd_late_evening,DO
CPH,Bolt,10-20 km,871f05835ffffff,4,wkd_day,PU
CPH,Bolt,30-40 km,871f0591cffffff,3,wkd_night,PU
CPH,Bolt,5-10 km,871f05814ffffff,4,wkd_day,DO
KRK,Bolt,20-30 km,871e2e695ffffff,3,wkd_night,DO
KRK,Bolt,10-20 km,871e2e685ffffff,1,wkd_day,DO
MMX,Bolt,20-30 km,871f05b84ffffff,2,wked_morning,PU
MRS,Bolt,20-30 km,873968152ffffff,4,wrek_late_evening,PU
MPL,Bolt,10-20 km,87396c590ffffff,4,wkd_day,PU
MPL,Bolt,5-10 km,87396c59effffff,1,wkd_night,DO
NCE,Bolt,30-40 km,873969a73ffffff,1,wkd_day,PU
NCE,Bolt,5-10 km,873969a10ffffff,5,wkd_evening,DO
NCE,Bolt,5-10 km,873969a1cffffff,4,wked_day,PU
OSL,Bolt,0-5 km,870999248ffffff,4,wkd_late_evening,PU
OSL,Bolt,30-40 km,8709992a2ffffff,3,wkd_day,PU
CDG,Bolt,30-40 km,871fb0963ffffff,2,wked_day,PU
VNO,Bolt,0-5 km,871f4030affffff,4,wkd_night,PU
VNO,Bolt,10-20 km,871f4032affffff,4,wkd_late_evening,DO
DXB,Bolt,5-10 km,8743acca6ffffff,3,wkd_day,PU
DXB,Bolt,10-20 km,8743a1368ffffff,10,wkd_day,DO
DXB,Bolt,40-50 km,8743a1301ffffff,4,wkd_morning,PU
WIL,Bolt Basic,20-30 km,877a6e51affffff,8,wkd_morning,DO
NBO,Bolt Basic,20-30 km,877a6e42cffffff,5,wkd_day,DO
RUH,Bolt,20-30 km,8753736acffffff,4,wked_morning,PU
DBV,Bolt,0-5 km,871e8db43ffffff,1,wkd_night,PU
GOT,Bolt,30-40 km,871f25a92ffffff,3,wkd_morning,DO
CPH,Bolt,30-40 km,871f2364bffffff,1,wkd_late_evening,PU
LIS,Bolt,0-5 km,873933674ffffff,1,wkd_late_evening,DO
NCE,Bolt,10-20 km,873969ab2ffffff,1,wkd_late_evening,PU
LTN,Bolt,5-10 km,87195dba2ffffff,1,wkd_day,DO
BHX,Bolt,10-20 km,87195cad1ffffff,4,wkd_day,DO
ZRH,Bolt,10-20 km,871f8ed90ffffff,3,wkd_evening,DO
FRA,Bolt,10-20 km,871faeaa5ffffff,2,wrek_evening,PU
HEL,Bolt,30-40 km,8708996b3ffffff,3,wkd_night,PU
KRK,Bolt,5-10 km,871e2e6b1ffffff,1,wrek_evening,PU
LIS,Bolt,10-20 km,87393362effffff,2,wkd_late_evening,PU
LIS,Bolt,0-5 km,873933758ffffff,5,wkd_late_evening,PU
SVQ,Cabify,10-20 km,87391c70effffff,17,wked_day,DO
WAW,Bolt,5-10 km,871f53c93ffffff,39,wked_morning,DO
DUR,BoltEco,30-40 km,87bc1b66effffff,7,wked_day,DO
BER,Bolt,10-20 km,871f18b2effffff,3,wkd_night,DO
BER,Bolt,20-30 km,871f1d489ffffff,5,wkd_morning,DO
BER,Bolt,20-30 km,871f1d4d2ffffff,5,wkd_evening,PU
BER,Bolt,20-30 km,871f18b25ffffff,3,wked_night,DO
BOD,Bolt,20-30 km,87186b6c8ffffff,10,wkd_morning,PU
BOD,Bolt,10-20 km,87184d996ffffff,5,wked_night,PU
DUS,Bolt,10-20 km,871fa52b2ffffff,2,wkd_evening,PU
FRA,Bolt,20-30 km,871faea1affffff,4,wkd_morning,PU
FRA,Bolt,10-20 km,871faeaa9ffffff,7,wkd_night,DO
FRA,Bolt,20-30 km,871faeaa8ffffff,1,wked_day,PU
LIS,Bolt,0-5 km,87393375bffffff,47,wkd_night,DO
LIS,Bolt,0-5 km,873933666ffffff,21,wkd_day,DO
MPL,Bolt,50-60 km,87396eb4bffffff,4,wkd_day,PU
MPL,Bolt,5-10 km,87396c4b4ffffff,3,wked_day,DO
NTE,Bolt,20-30 km,871845c43ffffff,1,wked_day,PU
NCE,Bolt,10-20 km,873969a85ffffff,2,wked_morning,PU
NCE,Bolt,5-10 km,873969a03ffffff,6,wked_day,PU
CDG,Bolt,40-50 km,871fb0962ffffff,26,wkd_day,PU
SVQ,Cabify,5-10 km,87391c756ffffff,3,wkd_morning,DO
ARN,Bolt,30-40 km,870886601ffffff,4,wked_day,DO
TLS,Bolt,5-10 km,8739601b5ffffff,4,wkd_night,DO
TLS,Bolt,20-30 km,8739600a2ffffff,4,wkd_night,DO
DXB,Bolt,30-40 km,8743a1300ffffff,3,wkd_day,DO
DXB,Bolt,0-5 km,8743acca3ffffff,4,wked_night,DO
DXB,Bolt,10-20 km,8743a136bffffff,5,wked_morning,PU
DXB,Bolt,30-40 km,8743a1303ffffff,2,wked_night,DO
HLA,BoltEco,20-30 km,87bcc3400ffffff,3,wkd_late_evening,PU
ATH,Bolt Taxi,20-30 km,871eda651ffffff,4,wked_day,DO
NBO,Bolt Basic,10-20 km,877a6e551ffffff,3,wkd_day,DO
FAO,Bolt,10-20 km,87391024bffffff,2,wkd_evening,PU
AMS,Bolt,10-20 km,871969c99ffffff,1,wkd_late_evening,DO
AMS,Bolt,20-30 km,871969524ffffff,2,wrek_evening,PU
CPH,Bolt,20-30 km,871f05820ffffff,1,wkd_morning,DO
DBV,Bolt,10-20 km,871e8da61ffffff,1,wkd_night,DO
LYS,Bolt,30-40 km,871f90209ffffff,3,wkd_night,PU
MLA,Bolt,5-10 km,873f30450ffffff,1,wkd_night,PU
NCE,Bolt,20-30 km,873969a45ffffff,1,wkd_morning,PU
SXB,Bolt,10-20 km,871f85601ffffff,1,wkd_morning,DO
ATH,Bolt Taxi,0-5 km,873f74925ffffff,1,wrek_late_evening,PU
NBO,Bolt Basic,20-30 km,877a6e428ffffff,2,wkd_morning,PU
BOD,Bolt,5-10 km,87186b6c8ffffff,1,wked_day,DO
DUS,Bolt,30-40 km,871fa52b3ffffff,1,wkd_day,DO
LYS,Bolt,30-40 km,871f91434ffffff,2,wkd_day,PU
MPL,Bolt,20-30 km,87396e974ffffff,1,wkd_late_evening,DO
VIE,Bolt,30-40 km,871e15b54ffffff,2,wkd_day,PU
DXB,Bolt,40-50 km,8743a1223ffffff,2,wkd_morning,PU
AGP,Bolt,5-10 km,8739195b1ffffff,3,wked_night,DO
VNO,Bolt,20-30 km,871f40a8dffffff,1,wkd_late_evening,PU
VNO,Bolt,10-20 km,871f40354ffffff,1,wkd_morning,DO
JNB,BoltEco,5-10 km,87bcc3516ffffff,1,wked_day,DO
DUR,BoltEco,20-30 km,87bc1b6e9ffffff,2,wrek_evening,PU
EDI,Bolt,5-10 km,871972765ffffff,3,wkd_morning,DO
SOU,Bolt,0-5 km,87195910bffffff,3,wkd_evening,PU
BER,Bolt,20-30 km,871f1d49dffffff,4,wked_morning,DO
DUS,Bolt,30-40 km,871fa5748ffffff,1,wkd_night,PU
FRA,Bolt,0-5 km,871faea80ffffff,2,wkd_late_evening,PU
VIE,Bolt,20-30 km,871e15b71ffffff,19,wkd_late_evening,PU
WRO,Bolt,20-30 km,871e2040dffffff,5,wkd_night,PU
AMS,Bolt,10-20 km,871968269ffffff,2,wked_day,PU
BER,Bolt,10-20 km,871f18b1cffffff,7,wkd_day,PU
BOD,Bolt,0-5 km,87184dd76ffffff,1,wkd_late_evening,DO
CPH,Bolt,5-10 km,871f05800ffffff,3,wkd_late_evening,PU
DUS,Bolt,20-30 km,871fa5311ffffff,4,wkd_morning,DO
GOT,Bolt,5-10 km,871f2506cffffff,1,wkd_night,PU
GOT,Bolt,30-40 km,871f25045ffffff,3,wkd_morning,DO
GOT,Bolt,30-40 km,871f25aa1ffffff,4,wkd_morning,DO
HEL,Bolt,20-30 km,871126d15ffffff,7,wked_morning,DO
LIS,Bolt,30-40 km,8739337a0ffffff,1,wrek_late_evening,PU
MAD,Cabify,20-30 km,87390ca32ffffff,16,wkd_night,DO
CDG,Bolt,40-50 km,871fb0962ffffff,20,wkd_evening,PU
SVQ,Cabify,10-20 km,87391c70effffff,20,wkd_evening,DO
ARN,Bolt,40-50 km,87088661dffffff,44,wkd_day,PU
ARN,Bolt,30-40 km,87088660dffffff,4,wkd_day,PU
TLS,Bolt,5-10 km,8739601b1ffffff,4,wkd_night,DO
TLS,Bolt,10-20 km,873960111ffffff,3,wrek_evening,PU
GDN,Bolt,10-20 km,871f09b20ffffff,8,wrek_late_evening,DO
VLC,Cabify,5-10 km,873954013ffffff,2,wrek_evening,DO
VIE,Bolt,20-30 km,871e15b40ffffff,2,wkd_morning,DO
VNO,Bolt,10-20 km,871f4030cffffff,11,wkd_day,PU
DXB,Bolt,10-20 km,8743a1369ffffff,3,wkd_morning,DO
JNB,BoltEco,0-5 km,87bcc224affffff,3,wkd_night,DO
JED,Bolt,10-20 km,8753a9ce6ffffff,2,wkd_morning,DO
FAO,Bolt,30-40 km,87391020affffff,2,wkd_late_evening,PU
FAO,Bolt,5-10 km,873911414ffffff,1,wkd_night,DO
BCN,Cabify,10-20 km,873944600ffffff,2,wkd_morning,PU
BCN,Cabify,10-20 km,8739446a4ffffff,2,wkd_evening,DO
DBV,Bolt,20-30 km,871e8db40ffffff,5,wkd_day,PU
DBV,Bolt,10-20 km,871e8db4bffffff,1,wkd_late_evening,DO
MLA,Bolt,5-10 km,873f30450ffffff,1,wkd_evening,PU
PRG,Bolt,20-30 km,871e35588ffffff,1,wkd_morning,PU
SXB,Bolt,20-30 km,871f85605ffffff,6,wkd_day,DO
VIE,Bolt,10-20 km,871e15b73ffffff,1,wkd_day,PU
AMS,Bolt,10-20 km,871969535ffffff,2,wrek_late_evening,DO
DUS,Bolt,0-5 km,871fa1999ffffff,1,wkd_day,PU
MPL,Bolt,5-10 km,87396e96cffffff,1,wkd_morning,PU
NTE,Bolt,0-5 km,871845ba0ffffff,2,wked_day,PU
FAO,Bolt,10-20 km,87391024bffffff,1,wkd_morning,PU
BOD,Bolt,10-20 km,87186b6eaffffff,1,wkd_day,PU
LYS,Bolt,5-10 km,871f9025affffff,1,wkd_evening,DO
LYS,Bolt,0-5 km,871f90256ffffff,1,wked_day,DO
AGP,Bolt,5-10 km,8739195b1ffffff,6,wked_morning,PU
NCE,Bolt,30-40 km,873969ab2ffffff,1,wkd_night,PU
DXB,Bolt,5-10 km,8743acca1ffffff,1,wkd_day,PU
LTN,Bolt,40-50 km,87194e68cffffff,3,wkd_late_evening,PU
NCL,Bolt,10-20 km,871973366ffffff,1,wkd_morning,PU
LGW,Bolt,0-5 km,87194acc8ffffff,1,wkd_morning,PU
BCN,Cabify,20-30 km,87394460effffff,7,wked_morning,DO
HEL,Bolt,10-20 km,8708996d1ffffff,3,wkd_night,DO
KRK,Bolt,10-20 km,871e2e6b1ffffff,6,wked_morning,PU
MPL,Bolt,20-30 km,87396c596ffffff,1,wrek_evening,DO
NTE,Bolt,10-20 km,871845848ffffff,4,wrek_evening,DO
ORY,Bolt,10-20 km,871fb4644ffffff,7,wked_morning,PU
ATH,Bolt Taxi,40-50 km,871eda752ffffff,10,wked_day,DO
ATH,Bolt Taxi,30-40 km,871eda75dffffff,17,wked_day,DO
ABV,Bolt,40-50 km,8758f4699ffffff,2,wkd_evening,PU
AMS,Bolt,20-30 km,871969c9bffffff,54,wkd_morning,DO
AMS,Bolt,0-5 km,871969523ffffff,1,wkd_late_evening,PU
BER,Bolt,20-30 km,871f18b24ffffff,3,wkd_day,DO
BOD,Bolt,5-10 km,87186b6deffffff,7,wkd_morning,PU
CGN,Bolt,10-20 km,871fa199dffffff,2,wkd_night,DO
CGN,Bolt,40-50 km,871fa56d8ffffff,3,wkd_late_evening,DO
CPH,Bolt,30-40 km,871f05ba2ffffff,4,wked_day,PU
FRA,Bolt,20-30 km,871faeadeffffff,11,wkd_day,PU
HEL,Bolt,0-5 km,871126d74ffffff,3,wkd_morning,DO
KRK,Bolt,20-30 km,871e2e680ffffff,2,wkd_late_evening,PU
AGP,Cabify,20-30 km,8739195aaffffff,24,wkd_late_evening,DO
MPL,Bolt,5-10 km,87396c59effffff,1,wked_morning,DO
MUC,Bolt,30-40 km,871f8d441ffffff,9,wkd_day,DO
NTE,Bolt,10-20 km,871845844ffffff,5,wkd_morning,DO
OSL,Bolt,30-40 km,8709992a6ffffff,3,wkd_night,DO
GDN,Bolt,5-10 km,871f72499ffffff,2,wkd_late_evening,DO
VLC,Cabify,10-20 km,873954010ffffff,1,wkd_evening,DO
VNO,Bolt,10-20 km,871f40323ffffff,6,wkd_night,PU
VNO,Bolt,0-5 km,871f40224ffffff,5,wkd_day,DO
WRO,Bolt,10-20 km,871e20409ffffff,2,wkd_late_evening,PU
DXB,Bolt,20-30 km,8743a1270ffffff,4,wkd_night,PU
ATH,Bolt Taxi,0-5 km,871eda740ffffff,1,wkd_late_evening,DO
RUH,Bolt,30-40 km,87537369affffff,2,wkd_day,PU
AMS,Bolt,5-10 km,871969530ffffff,1,wkd_night,DO
AMS,Bolt,20-30 km,871969c9dffffff,4,wked_day,PU
BEY,Bolt,10-20 km,872da24e1ffffff,1,wkd_morning,PU
OTP,Bolt,0-5 km,871eec7b0ffffff,1,wrek_late_evening,DO
CPH,Bolt,5-10 km,871f05813ffffff,3,wkd_late_evening,DO
FRA,Bolt,10-20 km,871faea1effffff,3,wkd_day,DO
IAS,Bolt,0-5 km,871e556e2ffffff,1,wkd_morning,DO
AGP,Cabify,5-10 km,8739195b1ffffff,11,wked_day,DO
MRS,Bolt,10-20 km,87396815cffffff,1,wkd_day,PU
MPL,Bolt,10-20 km,87396c592ffffff,4,wkd_night,DO
ORY,Bolt,10-20 km,871fb4674ffffff,2,wkd_day,DO
ARN,Bolt,50-60 km,870886799ffffff,1,wkd_morning,PU
DXB,Bolt,5-10 km,8743a134cffffff,1,wkd_day,PU
JNB,BoltEco,20-30 km,87bcc3436ffffff,2,wkd_day,PU
ORY,Bolt,0-5 km,871fb4662ffffff,1,wkd_day,PU
VIE,Bolt,0-5 km,871e15b40ffffff,1,wkd_day,DO
HEL,Bolt,10-20 km,87112618effffff,1,wkd_morning,PU
NTE,Bolt,10-20 km,871845851ffffff,1,wkd_evening,DO
OSL,Bolt,20-30 km,8709993a2ffffff,1,wked_morning,DO
DUR,BoltEco,10-20 km,87bc1b66bffffff,1,wked_day,PU
NCL,Bolt,20-30 km,871946cb3ffffff,3,wkd_evening,DO
NCL,Bolt,20-30 km,87197334dffffff,2,wkd_night,DO
DUS,Bolt,5-10 km,871fa539affffff,16,wrek_evening,DO
LIS,Bolt,5-10 km,87393360dffffff,7,wked_morning,DO
NCE,Bolt,0-5 km,873969a11ffffff,3,wked_morning,DO
ATH,Bolt Taxi,30-40 km,871eda743ffffff,4,wked_day,PU
ABV,Bolt,40-50 km,8758f4695ffffff,1,wkd_day,DO
AMS,Bolt,10-20 km,871968269ffffff,9,wked_morning,DO
BEY,Bolt,20-30 km,872da27a2ffffff,3,wkd_night,DO
OTP,Bolt,5-10 km,871eec7b2ffffff,1,wrek_late_evening,DO
OTP,Bolt,5-10 km,871eec7b0ffffff,2,wrek_late_evening,PU
CGN,Bolt,20-30 km,871fa1c6cffffff,3,wkd_day,DO
CPH,Bolt,5-10 km,871f05835ffffff,2,wkd_morning,DO
HEL,Bolt,20-30 km,871126d33ffffff,14,wkd_night,DO
LIS,Bolt,0-5 km,873933666ffffff,20,wkd_late_evening,PU
LIS,Bolt,0-5 km,87393375affffff,5,wked_night,DO
MAD,Cabify,20-30 km,87390ca35ffffff,6,wkd_morning,DO
MAD,Cabify,10-20 km,87390ca35ffffff,22,wkd_day,PU
MRS,Bolt,20-30 km,873968150ffffff,13,wkd_morning,DO
OSL,Bolt,30-40 km,8709992b5ffffff,9,wkd_morning,DO
ORY,Bolt,60-70 km,871fb0962ffffff,2,wkd_late_evening,PU
GDN,Bolt,10-20 km,871f7248affffff,9,wkd_evening,DO
VLC,Cabify,10-20 km,873954013ffffff,3,wked_night,DO
VIE,Bolt,20-30 km,871e15b55ffffff,7,wkd_late_evening,DO
VIE,Bolt,10-20 km,871e15b40ffffff,2,wkd_night,DO
VNO,Bolt,0-5 km,871f4030affffff,25,wkd_day,DO
DXB,Bolt,20-30 km,8743a130dffffff,3,wkd_morning,PU
DXB,Bolt,40-50 km,8743a132affffff,5,wkd_late_evening,PU
DOH,TaxiF Eco+,5-10 km,87536bce0ffffff,3,wkd_morning,DO
DUS,Bolt,5-10 km,871fa52b1ffffff,3,wkd_night,DO
MLA,Bolt,10-20 km,873f30450ffffff,3,wked_day,DO
MUC,Bolt,30-40 km,871f8d7a5ffffff,2,wkd_day,DO
MUC,Bolt,10-20 km,871f8d0e6ffffff,2,wked_day,DO
SVQ,Cabify,5-10 km,87391c755ffffff,1,wrek_evening,PU
ARN,Bolt,30-40 km,870880d9dffffff,3,wked_day,DO
DXB,Bolt,0-5 km,8743acc84ffffff,2,wkd_night,PU
PLZ,BoltEco,10-20 km,87bc73b10ffffff,2,wkd_evening,PU
AMS,Bolt,10-20 km,871969532ffffff,3,wkd_morning,DO
OSL,Bolt,0-5 km,870999386ffffff,1,wkd_day,DO
ORY,Bolt,0-5 km,871fb0962ffffff,1,wkd_day,DO
PRG,Bolt,5-10 km,871e3541affffff,1,wkd_morning,DO
VNO,Bolt,10-20 km,871f40329ffffff,1,wked_night,DO
RTM,Bolt,5-10 km,87196bb52ffffff,1,wkd_night,PU
BRS,Bolt,10-20 km,871958392ffffff,4,wkd_day,PU
ZRH,Bolt,10-20 km,871f83ac9ffffff,3,wrek_late_evening,PU
ZRH,Bolt,5-10 km,871f8eda8ffffff,3,wkd_day,DO
EDI,Bolt,0-5 km,87197276effffff,1,wkd_morning,DO
BCN,Cabify,10-20 km,873944603ffffff,14,wked_morning,PU
LYS,Bolt,30-40 km,871f90208ffffff,7,wrek_late_evening,PU
AGP,Bolt,10-20 km,873919584ffffff,25,wrek_evening,PU
FAO,Bolt,30-40 km,873911476ffffff,5,wkd_night,DO
AMS,Bolt,10-20 km,87196951cffffff,1,wkd_night,PU
AMS,Bolt,20-30 km,871969522ffffff,1,wkd_day,DO
BEY,Bolt,5-10 km,872da24e0ffffff,2,wkd_night,PU
BER,Bolt,10-20 km,871f18b21ffffff,2,wkd_late_evening,PU
BOD,Bolt,10-20 km,87186b6caffffff,5,wkd_night,DO
CGN,Bolt,10-20 km,871fa1998ffffff,4,wked_day,DO
CPH,Bolt,5-10 km,871f05806ffffff,24,wkd_night,DO
DOH,TaxiF Eco+,5-10 km,87536bc03ffffff,4,wked_day,DO
DUS,Bolt,0-5 km,871fa5399ffffff,3,wkd_evening,DO
GOT,Bolt,30-40 km,871f25040ffffff,6,wkd_morning,DO
GOT,Bolt,20-30 km,871f25069ffffff,3,wked_morning,PU
HEL,Bolt,20-30 km,871126d30ffffff,5,wked_night,DO
LIL,Bolt,10-20 km,87194d2acffffff,3,wrek_late_evening,DO
LIS,Bolt,20-30 km,87393360affffff,2,wkd_morning,DO
MAD,Cabify,10-20 km,87390cb1bffffff,5,wked_night,DO
MUC,Bolt,40-50 km,871f8d45bffffff,2,wkd_day,PU
NTE,Bolt,5-10 km,87184584bffffff,8,wkd_night,DO
NCE,Bolt,10-20 km,873969aa3ffffff,3,wkd_day,DO
OSL,Bolt,40-50 km,87099939dffffff,3,wkd_morning,DO
SVQ,Cabify,5-10 km,87391c708ffffff,4,wkd_morning,PU
ARN,Bolt,10-20 km,8708862b0ffffff,3,wkd_night,PU
TLS,Bolt,10-20 km,873960194ffffff,4,wkd_morning,PU
TLS,Bolt,5-10 km,8739601b5ffffff,2,wrek_late_evening,PU
VLC,Cabify,10-20 km,87395401bffffff,5,wkd_night,DO
VIE,Bolt,10-20 km,871e15b63ffffff,3,wkd_day,DO
VIE,Bolt,10-20 km,871e15b46ffffff,10,wkd_night,PU
VNO,Bolt,10-20 km,871f40301ffffff,3,wkd_night,DO
ATH,Bolt Taxi,30-40 km,871eda743ffffff,13,wkd_night,PU
AMS,Bolt,10-20 km,871969530ffffff,3,wked_morning,DO
PRG,Bolt,5-10 km,871e3541bffffff,1,wkd_morning,DO
KTW,Bolt,50-60 km,871e232dcffffff,19,wkd_day,DO
TSR,Bolt,10-20 km,871e1928affffff,1,wkd_late_evening,DO
ABV,Bolt,10-20 km,8758f6a51ffffff,2,wkd_night,DO
BCN,Cabify,10-20 km,87394460cffffff,1,wkd_morning,DO
GOT,Bolt,10-20 km,871f25a95ffffff,1,wkd_day,PU
KRK,Bolt,10-20 km,871e2e6a6ffffff,2,wked_night,DO
ARN,Bolt,0-5 km,87088661dffffff,2,wkd_day,DO
TLS,Bolt,20-30 km,87396018effffff,1,wkd_morning,DO
NBO,Bolt Basic,10-20 km,877a6e42cffffff,1,wkd_day,PU
CGN,Bolt,10-20 km,871fa1998ffffff,1,wkd_night,DO
HEL,Bolt,10-20 km,871126d1effffff,1,wkd_morning,DO
MRS,Bolt,30-40 km,873968152ffffff,1,wked_day,PU
NCE,Bolt,0-5 km,873969a45ffffff,1,wkd_morning,PU
TLS,Bolt,30-40 km,8739601aeffffff,1,wkd_morning,DO
VLC,Cabify,20-30 km,8739540a9ffffff,1,wkd_late_evening,PU
BRS,Bolt,20-30 km,871958230ffffff,4,wked_day,PU
ZRH,Bolt,10-20 km,871f8edb3ffffff,1,wkd_day,PU
ZRH,Bolt,10-20 km,871f8edb3ffffff,3,wkd_day,DO
MAN,Bolt,10-20 km,871951b64ffffff,3,wkd_night,DO
EDI,Bolt,10-20 km,8719720cbffffff,3,wkd_evening,PU
ZRH,Bolt,40-50 km,871f83aacffffff,1,wkd_morning,DO
MAD,Cabify,20-30 km,87390cb1bffffff,10,wked_night,DO
NCE,Bolt,10-20 km,873969a85ffffff,3,wrek_evening,DO
SVQ,Cabify,10-20 km,87391c708ffffff,7,wrek_evening,PU
AMS,Bolt,10-20 km,871969535ffffff,20,wkd_morning,DO
CPH,Bolt,10-20 km,871f05833ffffff,26,wkd_late_evening,PU
CPH,Bolt,10-20 km,871f05820ffffff,7,wkd_day,DO
CPH,Bolt,30-40 km,871f05905ffffff,4,wkd_day,PU
DOH,TaxiF Eco+,10-20 km,87536bc1bffffff,5,wkd_day,DO
GOT,Bolt,20-30 km,871f25a93ffffff,7,wkd_morning,DO
HEL,Bolt,20-30 km,871126d1cffffff,9,wkd_day,DO
KRK,Bolt,0-5 km,871e05b6effffff,4,wkd_late_evening,PU
LYS,Bolt,20-30 km,871f90254ffffff,52,wkd_day,DO
LYS,Bolt,0-5 km,871f90275ffffff,1,wkd_day,PU
CDG,Bolt,30-40 km,871fb4670ffffff,5,wkd_evening,DO
CDG,Bolt,20-30 km,871fb4644ffffff,3,wkd_evening,PU
PRG,Bolt,20-30 km,871e3540affffff,5,wkd_day,PU
SVQ,Cabify,10-20 km,87391c624ffffff,7,wkd_day,PU
VIE,Bolt,10-20 km,871e15b43ffffff,4,wkd_morning,DO
VNO,Bolt,50-60 km,871f400acffffff,1,wked_night,DO
WRO,Bolt,10-20 km,871e20408ffffff,3,wked_night,DO
DXB,Bolt,10-20 km,8743accaaffffff,4,wkd_night,DO
ATH,Bolt Taxi,30-40 km,871eda740ffffff,7,wkd_late_evening,DO
NBO,Bolt Basic,5-10 km,877a6e503ffffff,5,wkd_day,PU
CPH,Bolt,30-40 km,871f05806ffffff,1,wkd_morning,PU
DBV,Bolt,20-30 km,871e8db43ffffff,21,wkd_day,DO
KRK,Bolt,10-20 km,871e2e6a1ffffff,1,wkd_morning,PU
NTE,Bolt,10-20 km,871845b22ffffff,3,wkd_evening,DO
VIE,Bolt,30-40 km,871e15b70ffffff,1,wkd_day,PU
ATH,Bolt Taxi,0-5 km,871eda280ffffff,1,wked_day,PU
ATH,Bolt Taxi,40-50 km,871eda75effffff,3,wrek_evening,PU
JED,Bolt,20-30 km,8753a9572ffffff,3,wrek_late_evening,DO
KRK,Bolt,5-10 km,871e2e793ffffff,2,wrek_late_evening,PU
MRS,Bolt,30-40 km,873968028ffffff,1,wkd_late_evening,PU
CDG,Bolt,50-60 km,871fb422effffff,1,wkd_morning,PU
VIE,Bolt,5-10 km,871e15b44ffffff,1,wkd_morning,DO
JED,Bolt,10-20 km,8753a9529ffffff,1,wrek_evening,DO
CAI,Didi FLEX,50-60 km,873e62888ffffff,1,wkd_evening,PU
SXB,Bolt,20-30 km,871f85604ffffff,2,wkd_night,PU
NCL,Bolt,5-10 km,87197322dffffff,2,wrek_evening,DO
ZRH,Bolt,10-20 km,871f8ed95ffffff,1,wkd_late_evening,DO
FRA,Bolt,10-20 km,871faeaabffffff,4,wked_day,DO
HEL,Bolt,20-30 km,8708996a3ffffff,3,wked_day,PU
MAD,Cabify,20-30 km,87390ca36ffffff,4,wkd_night,DO
MPL,Bolt,10-20 km,87396e96dffffff,6,wked_day,DO
VNO,Bolt,5-10 km,871f4030cffffff,23,wkd_late_evening,PU
NBO,Bolt Basic,10-20 km,877a6e556ffffff,2,wrek_late_evening,DO
FAO,Bolt,30-40 km,873911470ffffff,4,wkd_evening,DO
FAO,Bolt,0-5 km,8739115b1ffffff,1,wkd_morning,PU
AMS,Bolt,20-30 km,871969524ffffff,3,wkd_night,PU
AMS,Bolt,10-20 km,871969531ffffff,8,wkd_late_evening,DO
AMS,Bolt,10-20 km,871969522ffffff,2,wked_morning,PU
BEY,Bolt,5-10 km,872da24e5ffffff,2,wkd_night,PU
BOD,Bolt,5-10 km,87186b6d9ffffff,2,wkd_night,PU
DUS,Bolt,10-20 km,871fa52b3ffffff,3,wkd_morning,PU
DUS,Bolt,10-20 km,871fa5294ffffff,5,wked_morning,PU
FRA,Bolt,10-20 km,871faea88ffffff,3,wkd_late_evening,PU
FRA,Bolt,10-20 km,871faeaf5ffffff,3,wkd_day,DO
HEL,Bolt,20-30 km,870899695ffffff,4,wkd_evening,PU
HEL,Bolt,20-30 km,871126d33ffffff,9,wkd_late_evening,DO
HEL,Bolt,10-20 km,871126d23ffffff,2,wrek_late_evening,DO
KRK,Bolt,10-20 km,871e2e686ffffff,4,wkd_night,PU
LYS,Bolt,10-20 km,871f902e9ffffff,2,wkd_morning,DO
AGP,Bolt,10-20 km,873919584ffffff,110,wkd_day,PU
MRS,Bolt,5-10 km,8739688d1ffffff,3,wkd_day,DO
MPL,Bolt,10-20 km,87396c58affffff,5,wkd_morning,PU
PRG,Bolt,10-20 km,871e35411ffffff,1,wrek_late_evening,PU
SVQ,Cabify,10-20 km,87391c70effffff,12,wkd_evening,PU
VNO,Bolt,5-10 km,871f4030cffffff,12,wkd_evening,DO
VNO,Bolt,5-10 km,871f4030effffff,1,wrek_late_evening,PU
DXB,Bolt,10-20 km,8743a1369ffffff,13,wkd_morning,PU
DXB,Bolt,5-10 km,8743a1369ffffff,2,wked_night,PU
DXB,Bolt,10-20 km,8743acc91ffffff,2,wked_night,DO
RUH,Bolt,30-40 km,87537368affffff,2,wkd_late_evening,DO
FAO,Bolt,30-40 km,87391020affffff,1,wkd_evening,PU
BCN,Cabify,10-20 km,873944633ffffff,3,wkd_morning,DO
CGN,Bolt,10-20 km,871fa1999ffffff,3,wrek_late_evening,DO
DBV,Bolt,5-10 km,871ef6696ffffff,2,wkd_day,DO
DUS,Bolt,20-30 km,871fa1926ffffff,2,wkd_late_evening,DO
GOT,Bolt,20-30 km,871f25a9effffff,5,wkd_day,PU
HEL,Bolt,20-30 km,870899699ffffff,2,wked_night,DO
MRS,Bolt,20-30 km,873968bb6ffffff,3,wkd_day,DO
NCE,Bolt,30-40 km,873969a69ffffff,3,wked_morning,DO
SXB,Bolt,10-20 km,871f85631ffffff,2,wkd_morning,DO
VIE,Bolt,40-50 km,871e15b73ffffff,1,wkd_late_evening,PU
CGN,Bolt,10-20 km,871fa199bffffff,1,wkd_evening,PU
CPH,Bolt,5-10 km,871f0581effffff,2,wkd_night,PU
CPH,Bolt,10-20 km,871f05822ffffff,1,wrek_late_evening,PU
HEL,Bolt,20-30 km,870899685ffffff,2,wked_morning,DO
DXB,Bolt,0-5 km,8743accb1ffffff,1,wkd_night,PU
FAO,Bolt,20-30 km,873910253ffffff,1,wkd_day,PU
AMS,Bolt,20-30 km,871969503ffffff,1,wked_morning,DO
CLJ,Bolt,10-20 km,871e0b381ffffff,1,wked_day,DO
HEL,Bolt,10-20 km,871126d4effffff,1,wkd_evening,DO
LHR,Bolt,20-30 km,87195d211ffffff,2,wkd_day,DO
LHR,Bolt,30-40 km,87194ac01ffffff,1,wkd_day,PU
AMS,Bolt,10-20 km,871969535ffffff,14,wked_day,PU
HEL,Bolt,20-30 km,8708996a3ffffff,4,wrek_evening,PU
AGP,Bolt,20-30 km,8739195aaffffff,23,wked_morning,DO
MRS,Bolt,20-30 km,873968153ffffff,5,wked_morning,DO
OSL,Bolt,50-60 km,870999382ffffff,2,wked_day,PU
ORY,Bolt,20-30 km,871fb4666ffffff,13,wked_day,PU
FAO,Bolt,40-50 km,87391020effffff,4,wkd_morning,PU
FAO,Bolt,10-20 km,87391020affffff,2,wkd_morning,PU
BCN,Cabify,10-20 km,873944619ffffff,13,wkd_day,PU
BEY,Bolt,5-10 km,872da24eeffffff,3,wkd_late_evening,PU
CPH,Bolt,50-60 km,871f232f3ffffff,2,wkd_day,PU
HEL,Bolt,10-20 km,871126d54ffffff,5,wkd_day,DO
HEL,Bolt,5-10 km,871126d28ffffff,4,wkd_morning,DO
LIS,Bolt,5-10 km,87393375bffffff,11,wkd_evening,DO
LIS,Bolt,10-20 km,873933676ffffff,4,wrek_late_evening,PU
LIS,Bolt,40-50 km,873915d6dffffff,3,wked_day,DO
LYS,Bolt,30-40 km,871f9020bffffff,8,wkd_evening,PU
AGP,Bolt,10-20 km,873919585ffffff,1,wkd_evening,PU
MRS,Bolt,20-30 km,873968021ffffff,1,wkd_night,DO
MPL,Bolt,0-5 km,87396c4b0ffffff,3,wkd_morning,PU
NTE,Bolt,10-20 km,87184584cffffff,3,wkd_morning,PU
OSL,Bolt,5-10 km,87099925bffffff,4,wkd_morning,DO
CDG,Bolt,20-30 km,871fb4660ffffff,3,wkd_morning,PU
PRG,Bolt,10-20 km,871e3541dffffff,2,wkd_day,PU
SVQ,Cabify,5-10 km,87391c70bffffff,11,wkd_morning,DO
ARN,Bolt,20-30 km,870886298ffffff,7,wkd_night,DO
ARN,Bolt,40-50 km,8708866adffffff,3,wkd_day,PU
ARN,Bolt,50-60 km,87088661affffff,4,wked_day,DO
TLS,Bolt,5-10 km,8739601aeffffff,3,wked_day,PU
GDN,Bolt,10-20 km,871f72481ffffff,10,wkd_night,DO
WRO,Bolt,5-10 km,871e20408ffffff,3,wkd_day,PU
WRO,Bolt,10-20 km,871e2040affffff,4,wkd_night,DO
DXB,Bolt,10-20 km,8743a1368ffffff,5,wkd_evening,DO
DUR,BoltEco,10-20 km,87bc1b6ecffffff,2,wked_day,DO
ATH,Bolt Taxi,50-60 km,871eda75cffffff,5,wrek_evening,PU
JED,Bolt,20-30 km,8753a950bffffff,3,wked_morning,PU
OTP,Bolt,10-20 km,871eeeb6dffffff,2,wkd_late_evening,PU
CPH,Bolt,0-5 km,871f05831ffffff,1,wkd_night,PU
DUS,Bolt,5-10 km,871fa52b5ffffff,2,wked_night,DO
MUC,Bolt,20-30 km,871f8d7a4ffffff,1,wked_morning,DO
OSL,Bolt,50-60 km,870999385ffffff,3,wked_day,PU
RTM,Bolt,10-20 km,87196bb52ffffff,7,wkd_late_evening,PU
SVQ,Cabify,0-5 km,87391c70effffff,1,wked_day,PU
JED,Bolt,10-20 km,8753a9576ffffff,3,wked_night,DO
BER,Bolt,5-10 km,871f1d48cffffff,1,wkd_late_evening,PU
SVQ,Cabify,10-20 km,87391c623ffffff,2,wrek_late_evening,DO
FAO,Bolt,0-5 km,873911513ffffff,1,wked_morning,DO
BER,Bolt,30-40 km,871f1d488ffffff,1,wkd_late_evening,DO
EDI,Bolt,10-20 km,87197276effffff,3,wkd_morning,DO
SOU,Bolt,0-5 km,87195912affffff,3,wkd_morning,DO
BRS,Bolt,5-10 km,87195876cffffff,1,wked_morning,DO
ZRH,Bolt,10-20 km,871f8edb2ffffff,4,wkd_late_evening,DO
ZRH,Bolt,10-20 km,871f8ed91ffffff,3,wkd_evening,DO
LHR,Bolt,5-10 km,87194ad93ffffff,2,wkd_day,PU
BCN,Cabify,10-20 km,87394461cffffff,6,wkd_late_evening,PU
BOD,Bolt,10-20 km,87184dd62ffffff,2,wrek_late_evening,DO
CPH,Bolt,0-5 km,871f05802ffffff,4,wked_day,DO
AGP,Bolt,10-20 km,873919584ffffff,75,wkd_late_evening,PU
MUC,Bolt,40-50 km,871f8d7b4ffffff,3,wrek_evening,DO
CDG,Bolt,40-50 km,871fb4670ffffff,1,wked_night,PU
ORY,Bolt,20-30 km,871fb4674ffffff,33,wkd_late_evening,PU
JNB,BoltEco,30-40 km,87bcc350affffff,6,wrek_late_evening,PU
NBO,Bolt Basic,10-20 km,877a6e428ffffff,4,wrek_evening,PU
AMS,Bolt,10-20 km,871969535ffffff,7,wkd_night,PU
AMS,Bolt,10-20 km,871969514ffffff,5,wkd_night,PU
AMS,Bolt,20-30 km,871969c9bffffff,13,wkd_late_evening,PU
BEY,Bolt,20-30 km,872da2784ffffff,4,wkd_evening,DO
BEY,Bolt,5-10 km,872da24c1ffffff,3,wkd_morning,DO
BEY,Bolt,10-20 km,872da24eeffffff,3,wrek_evening,DO
BER,Bolt,20-30 km,871f1d48bffffff,25,wkd_day,DO
BER,Bolt,20-30 km,871f1d48affffff,1,wrek_evening,PU
OTP,Bolt,20-30 km,871eec6b2ffffff,7,wkd_evening,DO
OTP,Bolt,10-20 km,871eeeb66ffffff,3,wked_night,DO
KRK,Bolt,20-30 km,871e2e686ffffff,1,wkd_night,DO
LYS,Bolt,10-20 km,871f90242ffffff,5,wkd_day,DO
MUC,Bolt,40-50 km,871f8d784ffffff,4,wkd_morning,DO
MUC,Bolt,30-40 km,871f8d44effffff,3,wked_morning,DO
NCE,Bolt,0-5 km,873969a0effffff,1,wkd_day,DO
CDG,Bolt,30-40 km,871fb4670ffffff,38,wkd_late_evening,PU
CDG,Bolt,40-50 km,871fb4670ffffff,33,wkd_morning,PU
CDG,Bolt,10-20 km,871fb422effffff,17,wkd_morning,PU
TLS,Bolt,10-20 km,873960cebffffff,4,wkd_night,PU
VLC,Cabify,10-20 km,8739540f4ffffff,7,wkd_night,DO
VIE,Bolt,20-30 km,871e15b46ffffff,12,wked_day,PU
DXB,Bolt,40-50 km,8743a132cffffff,6,wkd_late_evening,PU
DXB,Bolt,10-20 km,8743a1368ffffff,5,wked_day,PU
DXB,Bolt,20-30 km,8743a1300ffffff,1,wrek_late_evening,PU
OTP,Bolt,5-10 km,871eec7b0ffffff,3,wkd_night,PU
OTP,Bolt,10-20 km,871eeeb6bffffff,5,wked_night,DO
CPH,Bolt,10-20 km,871f05835ffffff,3,wked_morning,DO
GOT,Bolt,30-40 km,871f25a92ffffff,4,wkd_evening,DO
LIS,Bolt,10-20 km,873933628ffffff,2,wkd_evening,PU
MLA,Bolt,5-10 km,873f304edffffff,6,wkd_day,DO
NTE,Bolt,10-20 km,87184585dffffff,3,wkd_night,PU
CDG,Bolt,10-20 km,871fb4295ffffff,2,wrek_evening,DO
VLC,Cabify,0-5 km,87395418bffffff,2,wkd_night,PU
PLZ,BoltEco,10-20 km,87bc73b86ffffff,1,wkd_late_evening,DO
NBO,Bolt Basic,5-10 km,877a6e42effffff,1,wked_day,PU
ABV,Bolt,50-60 km,8758f479bffffff,1,wkd_night,PU
AMS,Bolt,5-10 km,871969523ffffff,1,wkd_day,DO
LIL,Bolt,10-20 km,87194d284ffffff,1,wkd_morning,PU
GDN,Bolt,20-30 km,871f72589ffffff,2,wrek_evening,PU
NCE,Bolt,0-5 km,873969a02ffffff,1,wked_day,PU
NCE,Bolt,0-5 km,873969a03ffffff,1,wrek_evening,DO
EMA,Bolt,0-5 km,871943492ffffff,4,wkd_evening,PU
NCL,Bolt,10-20 km,871973342ffffff,2,wked_day,DO
ZRH,Bolt,10-20 km,871f8eda2ffffff,1,wked_night,PU
AMS,Bolt,10-20 km,871969504ffffff,6,wked_morning,PU
BER,Bolt,40-50 km,871f1d4a3ffffff,5,wrek_evening,DO
LYS,Bolt,20-30 km,871f90209ffffff,5,wked_day,DO
MUC,Bolt,40-50 km,871f8d7a1ffffff,3,wked_day,PU
NCE,Bolt,30-40 km,87396914dffffff,6,wrek_evening,DO
VNO,Bolt,0-5 km,871f40370ffffff,1,wrek_late_evening,DO
NBO,Bolt Basic,20-30 km,877a6e55effffff,12,wkd_night,PU
FAO,Bolt,10-20 km,8739115a2ffffff,3,wkd_morning,DO
BCN,Cabify,10-20 km,87394460effffff,35,wkd_night,PU
BER,Bolt,20-30 km,871f1d499ffffff,4,wkd_day,DO
BER,Bolt,20-30 km,871f1d48affffff,13,wkd_day,DO
OTP,Bolt,0-5 km,871eec7b3ffffff,1,wkd_night,DO
CGN,Bolt,10-20 km,871fa1999ffffff,4,wkd_morning,DO
DUS,Bolt,5-10 km,871fa52a2ffffff,3,wkd_evening,DO
FRA,Bolt,30-40 km,871faea12ffffff,1,wrek_evening,PU
LIL,Bolt,5-10 km,87194995affffff,1,wkd_night,DO
LIL,Bolt,10-20 km,87194d29affffff,4,wkd_night,PU
LIS,Bolt,5-10 km,873933666ffffff,1,wked_night,PU
AGP,Cabify,10-20 km,8739195b1ffffff,50,wkd_morning,DO
AGP,Cabify,10-20 km,8739195b1ffffff,61,wkd_day,DO
MUC,Bolt,20-30 km,871f8d732ffffff,4,wkd_night,PU
MUC,Bolt,30-40 km,871f8d7a4ffffff,8,wkd_evening,PU
MUC,Bolt,40-50 km,871f8d459ffffff,8,wkd_morning,PU
NCE,Bolt,20-30 km,873969a45ffffff,3,wrek_late_evening,PU
ORY,Bolt,20-30 km,871fb4674ffffff,26,wkd_morning,PU
PRG,Bolt,20-30 km,871e354f4ffffff,7,wkd_day,DO
PRG,Bolt,20-30 km,871e3541affffff,5,wked_day,PU
SVQ,Cabify,60-70 km,87391c70affffff,1,wkd_day,PU
SVQ,Cabify,20-30 km,87391c703ffffff,2,wkd_evening,DO
VIE,Bolt,20-30 km,871e15b70ffffff,6,wkd_night,DO
DXB,Bolt,10-20 km,8743accb5ffffff,4,wkd_morning,DO
DXB,Bolt,30-40 km,8743a132affffff,1,wkd_day,DO
DXB,Bolt,20-30 km,8743a136affffff,5,wkd_night,PU
DUR,BoltEco,40-50 km,87bc1b291ffffff,2,wkd_late_evening,DO
DUR,BoltEco,30-40 km,87bcf59a0ffffff,5,wked_night,PU
CPH,Bolt,5-10 km,871f23282ffffff,1,wkd_night,DO
GOT,Bolt,5-10 km,871f2506dffffff,1,wkd_evening,DO
MMX,Bolt,30-40 km,871f05baeffffff,3,wkd_morning,DO
CPH,Bolt,20-30 km,871f05824ffffff,1,wkd_morning,PU
HEL,Bolt,10-20 km,871126d31ffffff,1,wkd_day,PU
GDN,Bolt,0-5 km,871f09b20ffffff,1,wkd_late_evening,PU
CLJ,Bolt,10-20 km,871e0b383ffffff,1,wked_day,PU
CGN,Bolt,0-5 km,871fa1999ffffff,1,wkd_morning,PU
LYS,Bolt,0-5 km,871f9020cffffff,1,wkd_evening,PU
MUC,Bolt,10-20 km,871f8d08cffffff,1,wkd_morning,DO
OTP,Bolt,20-30 km,871eec695ffffff,2,wkd_night,PU
LYS,Bolt,20-30 km,871f90254ffffff,27,wked_day,DO
TLS,Bolt,5-10 km,8739601aeffffff,7,wked_morning,DO
AMS,Bolt,30-40 km,871969c9dffffff,2,wrek_late_evening,PU
BCN,Cabify,10-20 km,873944601ffffff,11,wkd_morning,PU
DOH,TaxiF Eco+,10-20 km,87536bc18ffffff,3,wkd_morning,DO
DUS,Bolt,5-10 km,871fa52b2ffffff,1,wked_morning,PU
KRK,Bolt,10-20 km,871e05b4bffffff,3,wkd_night,PU
LIS,Bolt,5-10 km,873933676ffffff,4,wked_night,PU
LYS,Bolt,30-40 km,871f9022bffffff,1,wkd_day,DO
MRS,Bolt,20-30 km,873968152ffffff,6,wked_day,PU
PRG,Bolt,10-20 km,871e354acffffff,2,wkd_evening,PU
ARN,Bolt,30-40 km,870880d99ffffff,3,wkd_morning,PU
TLS,Bolt,5-10 km,8739601a3ffffff,8,wkd_day,DO
VLC,Cabify,10-20 km,87395401affffff,7,wkd_night,DO
VLC,Cabify,5-10 km,8739540adffffff,3,wkd_night,DO
VIE,Bolt,0-5 km,871e15b46ffffff,2,wkd_morning,DO
DXB,Bolt,20-30 km,8743a136bffffff,2,wkd_late_evening,PU
ATH,Bolt Taxi,40-50 km,871eda75effffff,3,wkd_evening,DO
ATH,Bolt Taxi,5-10 km,871eda29cffffff,7,wked_day,DO
FAO,Bolt,20-30 km,873910251ffffff,3,wkd_morning,DO
BCN,Cabify,20-30 km,87394460effffff,1,wkd_evening,PU
CLJ,Bolt,10-20 km,871e0b39dffffff,2,wkd_morning,DO
DBV,Bolt,30-40 km,871ef2c21ffffff,1,wkd_day,PU
DUS,Bolt,5-10 km,871fa52b3ffffff,11,wkd_evening,PU
MMX,Bolt,40-50 km,871f0515dffffff,1,wkd_evening,DO
DXB,Bolt,20-30 km,8743acc13ffffff,1,wkd_morning,PU
DUR,BoltEco,40-50 km,87bc1b282ffffff,2,wkd_day,PU
PLZ,BoltEco,20-30 km,87bc7316dffffff,1,wked_night,DO
ABV,Bolt,50-60 km,8758f0c20ffffff,1,wkd_morning,DO
AMS,Bolt,5-10 km,871969c9bffffff,1,wrek_evening,PU
HEL,Bolt,5-10 km,871126d72ffffff,1,wkd_late_evening,DO
HEL,Bolt,0-5 km,8708996daffffff,1,wrek_evening,PU
DUR,BoltEco,0-5 km,87bc1b6e8ffffff,2,wkd_day,DO
AMS,Bolt,30-40 km,871969c99ffffff,1,wkd_day,PU
CLJ,Bolt,5-10 km,871e0b391ffffff,1,wked_morning,DO
AGP,Bolt,5-10 km,8739195b1ffffff,6,wked_morning,DO
ARN,Bolt,40-50 km,8708866abffffff,1,wkd_night,PU
DXB,Bolt,0-5 km,8743acca6ffffff,1,wkd_late_evening,PU
JNB,BoltEco,40-50 km,87bcdc844ffffff,1,wkd_day,PU
JED,Bolt,5-10 km,8753a9cc1ffffff,1,wkd_night,DO
EDI,Bolt,10-20 km,871972765ffffff,2,wkd_late_evening,DO
LYS,Bolt,30-40 km,871f9020cffffff,4,wkd_night,DO
AGP,Bolt,10-20 km,8739195b1ffffff,104,wkd_night,PU
AMS,Bolt,20-30 km,871969523ffffff,1,wked_night,PU
CGN,Bolt,30-40 km,871fa56c8ffffff,4,wrek_evening,DO
CPH,Bolt,5-10 km,871f05813ffffff,4,wkd_day,DO
CPH,Bolt,5-10 km,871f05813ffffff,5,wkd_morning,DO
DUS,Bolt,5-10 km,871fa52b5ffffff,3,wked_morning,DO
GOT,Bolt,20-30 km,871f2506dffffff,5,wkd_night,DO
KRK,Bolt,10-20 km,871e2e686ffffff,1,wrek_evening,PU
LIS,Bolt,30-40 km,8739337a1ffffff,13,wkd_day,PU
LIS,Bolt,10-20 km,87393362effffff,4,wkd_night,DO
LIS,Bolt,50-60 km,8739336caffffff,4,wkd_morning,DO
MAD,Cabify,10-20 km,87390cb53ffffff,2,wkd_night,PU
MUC,Bolt,40-50 km,871f8d459ffffff,9,wkd_day,PU
NCE,Bolt,20-30 km,873969a80ffffff,1,wkd_evening,PU
OSL,Bolt,60-70 km,870999775ffffff,4,wkd_morning,DO
CDG,Bolt,20-30 km,871fb4666ffffff,15,wkd_morning,PU
PRG,Bolt,10-20 km,871e35411ffffff,4,wkd_night,DO
PRG,Bolt,20-30 km,871e3541effffff,13,wkd_day,PU
SVQ,Cabify,20-30 km,87391c713ffffff,2,wkd_day,DO
TLS,Bolt,10-20 km,8739601aaffffff,8,wkd_morning,DO
TLS,Bolt,5-10 km,8739601a3ffffff,7,wkd_morning,DO
GDN,Bolt,10-20 km,871f7248cffffff,6,wkd_day,DO
GDN,Bolt,10-20 km,871f09b24ffffff,17,wkd_late_evening,PU
VLC,Cabify,10-20 km,8739540adffffff,12,wkd_late_evening,PU
VNO,Bolt,0-5 km,871f4030affffff,25,wkd_day,PU
DXB,Bolt,10-20 km,8743a136effffff,7,wked_night,PU
ATH,Bolt Taxi,20-30 km,871eda65cffffff,4,wkd_night,PU
NBO,Bolt Basic,20-30 km,877a6e55affffff,5,wkd_day,PU
CGN,Bolt,10-20 km,871fa18a6ffffff,2,wkd_day,DO
DBV,Bolt,20-30 km,871e8db43ffffff,9,wked_day,DO
HEL,Bolt,20-30 km,870899691ffffff,4,wkd_late_evening,PU
POZ,Bolt,5-10 km,871e24a12ffffff,1,wkd_night,DO
ARN,Bolt,20-30 km,8708862b2ffffff,1,wkd_morning,PU
GDN,Bolt,10-20 km,871f09b26ffffff,2,wkd_evening,PU
HEL,Bolt,20-30 km,871126d06ffffff,3,wkd_late_evening,PU
SVQ,Cabify,10-20 km,87391c746ffffff,1,wkd_night,DO
DXB,Bolt,10-20 km,8743acd99ffffff,2,wkd_morning,PU
OTP,Bolt,20-30 km,871eeeb6bffffff,1,wkd_night,DO
HEL,Bolt,0-5 km,871126d02ffffff,1,wkd_morning,DO
NTE,Bolt,0-5 km,871845858ffffff,1,wked_night,DO
WRO,Bolt,20-30 km,871e204e0ffffff,1,wkd_day,DO
NBO,Bolt Basic,50-60 km,877a6e558ffffff,1,wkd_night,DO
ZRH,Bolt,10-20 km,871f8ed94ffffff,7,wkd_day,DO
EDI,Bolt,10-20 km,871972765ffffff,2,wkd_night,DO
LIS,Bolt,0-5 km,873933629ffffff,11,wked_day,PU
MPL,Bolt,10-20 km,87396c591ffffff,4,wked_morning,PU
PRG,Bolt,20-30 km,871e354f4ffffff,1,wrek_evening,DO
JNB,BoltEco,30-40 km,87bcc350affffff,4,wrek_evening,PU
ABV,Bolt,30-40 km,8758f0d32ffffff,2,wkd_day,PU
AMS,Bolt,10-20 km,871969522ffffff,18,wkd_day,PU
AMS,Bolt,50-60 km,87196909cffffff,6,wkd_day,PU
BCN,Cabify,20-30 km,873944716ffffff,3,wkd_late_evening,DO
BCN,Cabify,0-5 km,873944611ffffff,1,wrek_late_evening,PU
BEY,Bolt,5-10 km,872da24e1ffffff,8,wkd_morning,DO
OTP,Bolt,20-30 km,871eeeb54ffffff,3,wkd_morning,DO
OTP,Bolt,5-10 km,871eec45bffffff,8,wkd_evening,DO
CPH,Bolt,10-20 km,871f05834ffffff,3,wkd_day,DO
CPH,Bolt,10-20 km,871f05835ffffff,4,wkd_evening,PU
FRA,Bolt,5-10 km,871faea85ffffff,4,wkd_morning,DO
GOT,Bolt,40-50 km,871f253b5ffffff,2,wkd_late_evening,DO
HEL,Bolt,10-20 km,871126d06ffffff,6,wkd_evening,DO
KRK,Bolt,20-30 km,871e2e6b3ffffff,1,wkd_morning,DO
LIS,Bolt,10-20 km,873933750ffffff,5,wkd_night,DO
MRS,Bolt,10-20 km,8739688c3ffffff,3,wkd_day,PU
MPL,Bolt,10-20 km,87396e96dffffff,17,wkd_day,DO
NTE,Bolt,10-20 km,871845843ffffff,3,wked_day,PU
NCE,Bolt,5-10 km,873969a0cffffff,5,wkd_late_evening,DO
NCE,Bolt,5-10 km,873969a0dffffff,2,wked_night,DO
GDN,Bolt,10-20 km,871f72481ffffff,4,wked_night,DO
VIE,Bolt,20-30 km,871e15b66ffffff,3,wkd_morning,DO
VNO,Bolt,5-10 km,871f4030cffffff,20,wkd_morning,DO
VNO,Bolt,5-10 km,871f403a8ffffff,1,wkd_day,PU
DXB,Bolt,10-20 km,8743a136effffff,4,wked_night,DO
ATH,Bolt Taxi,30-40 km,871eda74effffff,18,wkd_evening,PU
CLJ,Bolt,10-20 km,871e0b39dffffff,3,wkd_night,DO
DBV,Bolt,20-30 km,871e8db43ffffff,12,wkd_evening,DO
AGP,Cabify,5-10 km,8739195b1ffffff,6,wked_night,PU
SXB,Bolt,20-30 km,871f85601ffffff,1,wkd_day,DO
TSR,Bolt,10-20 km,871e1928effffff,3,wkd_night,PU
VLC,Cabify,10-20 km,8739540a2ffffff,2,wkd_night,DO
ATH,Bolt Taxi,0-5 km,871eda669ffffff,3,wkd_late_evening,DO
NBO,Bolt Basic,20-30 km,877a6e55affffff,3,wkd_late_evening,DO
RUH,Bolt,20-30 km,8753736a9ffffff,1,wkd_day,DO
AGP,Bolt,10-20 km,8739195aaffffff,1,wkd_morning,DO
MMX,Bolt,20-30 km,871f05ba2ffffff,1,wkd_day,PU
PRG,Bolt,30-40 km,871e35418ffffff,1,wrek_late_evening,PU
DXB,Bolt,5-10 km,8743a131bffffff,1,wkd_morning,PU
CAI,Didi FLEX,50-60 km,873e628b6ffffff,2,wkd_night,DO
BEY,Bolt,5-10 km,872da27aaffffff,1,wked_night,DO
ZRH,Bolt,10-20 km,871f8ed95ffffff,24,wked_morning,DO
ZRH,Bolt,20-30 km,871f83ae4ffffff,1,wkd_night,PU
FAO,Bolt,20-30 km,87391025effffff,6,wked_morning,DO
BEY,Bolt,40-50 km,872da27a9ffffff,4,wrek_evening,PU
AGP,Cabify,20-30 km,873919585ffffff,14,wrek_late_evening,PU
MUC,Bolt,30-40 km,871f8d44affffff,10,wked_day,DO
CDG,Bolt,30-40 km,871fb4674ffffff,49,wrek_late_evening,PU
ARN,Bolt,40-50 km,870886613ffffff,4,wked_night,PU
VIE,Bolt,20-30 km,871e15b71ffffff,4,wrek_evening,PU
WAW,Bolt,5-10 km,871f53c93ffffff,29,wrek_late_evening,DO
ABV,Bolt,30-40 km,8758f6a5dffffff,4,wkd_morning,DO
ABV,Bolt,20-30 km,8758f0d21ffffff,1,wked_morning,DO
FAO,Bolt,30-40 km,873910208ffffff,10,wkd_night,DO
BCN,Cabify,10-20 km,873944608ffffff,9,wkd_late_evening,PU
BEY,Bolt,30-40 km,872da2782ffffff,3,wkd_late_evening,DO
BER,Bolt,20-30 km,871f18b25ffffff,1,wkd_late_evening,DO
CGN,Bolt,20-30 km,871fa11a8ffffff,2,wkd_late_evening,DO
CPH,Bolt,5-10 km,871f05811ffffff,4,wkd_morning,DO
FRA,Bolt,40-50 km,871fae0e9ffffff,4,wked_morning,PU
HEL,Bolt,20-30 km,870899682ffffff,3,wkd_day,PU
HEL,Bolt,10-20 km,871126d26ffffff,4,wkd_day,DO
KRK,Bolt,0-5 km,871e05b41ffffff,3,wkd_late_evening,PU
LIS,Bolt,5-10 km,8739337a1ffffff,1,wked_day,PU
AGP,Cabify,20-30 km,8739195aaffffff,15,wrek_evening,DO
MUC,Bolt,30-40 km,871f8d44affffff,7,wkd_night,DO
NTE,Bolt,10-20 km,87184584effffff,7,wkd_evening,PU
NCE,Bolt,10-20 km,873969a0dffffff,5,wkd_morning,PU
NCE,Bolt,30-40 km,873969141ffffff,7,wkd_late_evening,DO
NCE,Bolt,10-20 km,873969a12ffffff,6,wkd_late_evening,DO
NCE,Bolt,20-30 km,873969b9cffffff,4,wrek_late_evening,DO
OSL,Bolt,40-50 km,870999386ffffff,3,wked_morning,DO
PRG,Bolt,10-20 km,871e3541affffff,35,wkd_late_evening,PU
ARN,Bolt,10-20 km,8708862b2ffffff,3,wkd_day,PU
TLS,Bolt,10-20 km,87396018cffffff,5,wkd_morning,PU
VIE,Bolt,5-10 km,871e15b46ffffff,1,wkd_morning,DO
VIE,Bolt,20-30 km,871e15b71ffffff,24,wkd_day,PU
WRO,Bolt,5-10 km,871e20401ffffff,3,wkd_night,PU
WRO,Bolt,10-20 km,871e2040dffffff,2,wkd_late_evening,DO
WRO,Bolt,20-30 km,871e20476ffffff,4,wked_night,PU
DXB,Bolt,10-20 km,8743a136effffff,12,wkd_morning,PU
DXB,Bolt,20-30 km,8743a136affffff,1,wkd_evening,PU
DXB,Bolt,5-10 km,8743a130effffff,1,wked_day,PU
DUR,BoltEco,20-30 km,87bcf5d0effffff,6,wkd_day,DO
DUR,BoltEco,20-30 km,87bcf5d0effffff,4,wrek_evening,DO
JED,Bolt,5-10 km,8753a9cdbffffff,3,wkd_evening,DO
AMS,Bolt,10-20 km,871969536ffffff,3,wrek_late_evening,PU
MAD,Cabify,5-10 km,87390cb1bffffff,1,wkd_evening,DO
NCE,Bolt,0-5 km,873969aa0ffffff,1,wkd_evening,PU
PRG,Bolt,5-10 km,871e35414ffffff,3,wked_morning,DO
SVQ,Cabify,5-10 km,87391c756ffffff,2,wked_morning,DO
SXB,Bolt,10-20 km,871f85603ffffff,4,wkd_night,DO
TSR,Bolt,10-20 km,871e1928cffffff,1,wkd_night,DO
VNO,Bolt,10-20 km,871f40321ffffff,2,wked_day,DO
WRO,Bolt,20-30 km,871e20476ffffff,1,wkd_late_evening,DO
AMS,Bolt,5-10 km,8719695a1ffffff,1,wkd_night,PU
LIS,Bolt,5-10 km,873933628ffffff,1,wkd_evening,DO
AMS,Bolt,40-50 km,871969536ffffff,1,wkd_late_evening,PU
AMS,Bolt,5-10 km,871969514ffffff,1,wked_morning,PU
CPH,Bolt,20-30 km,871f05836ffffff,1,wkd_morning,PU
HEL,Bolt,10-20 km,87089969dffffff,1,wked_day,DO
GDN,Bolt,40-50 km,871f724aeffffff,1,wkd_late_evening,PU
EDI,Bolt,10-20 km,871972392ffffff,3,wkd_late_evening,PU
BRS,Bolt,20-30 km,8719583b4ffffff,2,wked_day,PU
ZRH,Bolt,0-5 km,871f8eda2ffffff,6,wkd_late_evening,DO
ZRH,Bolt,10-20 km,871f8ed94ffffff,5,wkd_night,DO
BEY,Bolt,10-20 km,872da24d5ffffff,3,wked_night,PU
CPH,Bolt,10-20 km,871f0591bffffff,3,wked_morning,DO
HEL,Bolt,0-5 km,871126d33ffffff,1,wked_morning,DO
AMS,Bolt,10-20 km,871969522ffffff,6,wkd_late_evening,PU
BEY,Bolt,10-20 km,872da24ccffffff,3,wked_night,DO
BER,Bolt,20-30 km,871f1d49dffffff,4,wked_day,PU
BOD,Bolt,20-30 km,87186b6ebffffff,4,wkd_evening,DO
FRA,Bolt,20-30 km,871faea1affffff,4,wked_day,DO
HEL,Bolt,10-20 km,871126d30ffffff,1,wked_day,DO
KRK,Bolt,10-20 km,871e2e6a1ffffff,2,wkd_night,PU
KRK,Bolt,20-30 km,871e2e6a3ffffff,1,wkd_late_evening,DO
LIS,Bolt,5-10 km,873933629ffffff,16,wkd_night,DO
LIS,Bolt,0-5 km,87393375bffffff,11,wkd_day,PU
LIS,Bolt,60-70 km,873915d62ffffff,3,wked_morning,PU
LYS,Bolt,20-30 km,871f90273ffffff,2,wked_night,PU
MAD,Cabify,10-20 km,87390cb1bffffff,30,wkd_night,DO
MUC,Bolt,40-50 km,871f8d713ffffff,9,wkd_morning,DO
NTE,Bolt,10-20 km,871845846ffffff,6,wkd_morning,DO
NCE,Bolt,20-30 km,873969ab2ffffff,5,wkd_late_evening,DO
OSL,Bolt,40-50 km,87099939cffffff,4,wkd_night,DO
PRG,Bolt,10-20 km,871e3541affffff,5,wkd_evening,DO
PRG,Bolt,20-30 km,871e35418ffffff,1,wkd_morning,PU
ARN,Bolt,40-50 km,870886618ffffff,2,wrek_late_evening,DO
VLC,Cabify,20-30 km,8739540a9ffffff,1,wkd_morning,DO
VIE,Bolt,5-10 km,871e15b44ffffff,2,wrek_late_evening,DO
DUR,BoltEco,30-40 km,87bc1b66bffffff,2,wkd_day,DO
ATH,Bolt Taxi,30-40 km,871eda75cffffff,6,wkd_evening,DO
ATH,Bolt Taxi,10-20 km,873f74925ffffff,10,wkd_evening,DO
ATH,Bolt Taxi,10-20 km,871eda75dffffff,1,wrek_evening,DO
FAO,Bolt,30-40 km,87391020affffff,1,wkd_morning,PU
BCN,Cabify,5-10 km,87394460effffff,1,wked_day,PU
BER,Bolt,10-20 km,871f18b28ffffff,3,wkd_day,PU
ATH,Bolt Taxi,40-50 km,871eda75cffffff,1,wkd_night,DO
LIS,Bolt,5-10 km,873933629ffffff,1,wked_day,DO
JED,Bolt,20-30 km,8753a9c8dffffff,1,wrek_evening,DO
BOD,Bolt,20-30 km,87186b6c8ffffff,1,wked_morning,PU
DXB,Bolt,10-20 km,8743a136effffff,1,wrek_evening,PU
ZRH,Bolt,0-5 km,871f8ed84ffffff,9,wked_morning,PU
EDI,Bolt,10-20 km,871972765ffffff,11,wkd_morning,DO
EDI,Bolt,10-20 km,8719720cbffffff,3,wrek_evening,DO
ZRH,Bolt,10-20 km,871f8ed92ffffff,3,wkd_morning,DO
MAN,Bolt,10-20 km,8719424c9ffffff,2,wkd_morning,PU
ZRH,Bolt,0-5 km,871f8edb3ffffff,1,wkd_night,DO
AMS,Bolt,10-20 km,871969514ffffff,1,wked_day,PU
BCN,Cabify,20-30 km,873944601ffffff,1,wked_day,PU
KRK,Bolt,20-30 km,871e2e6b1ffffff,13,wked_morning,PU
SVQ,Cabify,10-20 km,87391c708ffffff,27,wked_day,DO
BCN,Cabify,10-20 km,87394461cffffff,8,wkd_night,DO
DUS,Bolt,20-30 km,871fa5758ffffff,3,wkd_day,DO
DUS,Bolt,10-20 km,871fa52b3ffffff,5,wked_day,DO
GOT,Bolt,20-30 km,871f25a9dffffff,2,wkd_day,DO
GOT,Bolt,30-40 km,871f2506affffff,4,wrek_late_evening,PU
LIS,Bolt,0-5 km,873933758ffffff,3,wkd_night,DO
LYS,Bolt,30-40 km,871f902e0ffffff,4,wkd_late_evening,DO
NTE,Bolt,20-30 km,87184582bffffff,3,wkd_day,DO
NCE,Bolt,5-10 km,873969a08ffffff,8,wkd_late_evening,DO
CDG,Bolt,50-60 km,871fb0962ffffff,6,wkd_day,PU
CDG,Bolt,30-40 km,871fb4662ffffff,6,wkd_late_evening,DO
GDN,Bolt,10-20 km,871f09b24ffffff,28,wkd_day,PU
VLC,Cabify,10-20 km,87395401effffff,1,wked_day,DO
VNO,Bolt,5-10 km,871f4030cffffff,43,wkd_day,PU
DXB,Bolt,5-10 km,8743accb4ffffff,3,wked_day,PU
DUR,BoltEco,30-40 km,87bc1b66affffff,5,wkd_late_evening,PU
BCN,Cabify,10-20 km,873944600ffffff,2,wrek_evening,PU
CLJ,Bolt,5-10 km,871e0b38effffff,5,wkd_day,DO
CGN,Bolt,10-20 km,871fa1126ffffff,4,wkd_night,PU
HEL,Bolt,40-50 km,87112618effffff,1,wkd_morning,PU
MUC,Bolt,40-50 km,871f8d7a6ffffff,4,wked_day,PU
SVQ,Cabify,5-10 km,87391c746ffffff,3,wkd_evening,PU
DXB,Bolt,20-30 km,8743a126affffff,3,wkd_night,PU
NBO,Bolt Basic,30-40 km,877a6e451ffffff,5,wkd_night,DO
BCN,Cabify,10-20 km,87394460cffffff,1,wkd_evening,DO
FRA,Bolt,20-30 km,871fae8dbffffff,1,wkd_morning,DO
HEL,Bolt,20-30 km,871126d4effffff,3,wkd_day,DO
HEL,Bolt,20-30 km,870899695ffffff,4,wkd_late_evening,PU
HEL,Bolt,10-20 km,87089968affffff,2,wkd_evening,DO
MAD,Cabify,0-5 km,87390ca35ffffff,1,wkd_late_evening,PU
MPL,Bolt,5-10 km,87396c596ffffff,1,wrek_evening,DO
DXB,Bolt,40-50 km,8743a132effffff,1,wkd_morning,PU
JED,Bolt,20-30 km,8753a9572ffffff,1,wked_day,DO
CLJ,Bolt,5-10 km,871e0b383ffffff,1,wkd_late_evening,PU
MUC,Bolt,10-20 km,871f8d713ffffff,1,wkd_morning,PU
NCL,Bolt,5-10 km,871973366ffffff,2,wkd_morning,PU
FRA,Bolt,10-20 km,871faeaa9ffffff,3,wrek_evening,DO
LYS,Bolt,20-30 km,871f90272ffffff,8,wrek_evening,DO
AGP,Bolt,10-20 km,873919584ffffff,46,wked_night,PU
NCE,Bolt,10-20 km,873969a0dffffff,4,wrek_late_evening,PU
JNB,BoltEco,5-10 km,87bcc224dffffff,3,wrek_late_evening,DO
AMS,Bolt,10-20 km,871969526ffffff,4,wkd_night,PU
AMS,Bolt,40-50 km,871969082ffffff,7,wkd_night,PU
AMS,Bolt,5-10 km,8719695a1ffffff,4,wked_morning,DO
AMS,Bolt,10-20 km,871969504ffffff,3,wked_day,DO
BOD,Bolt,10-20 km,87186b6ccffffff,6,wkd_day,DO
BOD,Bolt,0-5 km,87184dd76ffffff,1,wrek_late_evening,DO
OTP,Bolt,5-10 km,871eeeb6bffffff,1,wkd_night,PU
DUS,Bolt,5-10 km,871fa52b3ffffff,4,wked_morning,PU
HEL,Bolt,10-20 km,8708996d2ffffff,2,wkd_night,PU
LYS,Bolt,20-30 km,871f90273ffffff,8,wkd_day,DO
AGP,Cabify,20-30 km,873919585ffffff,16,wkd_night,PU
NTE,Bolt,5-10 km,87184584effffff,5,wkd_late_evening,PU
NCE,Bolt,30-40 km,873969a45ffffff,4,wkd_late_evening,DO
NCE,Bolt,5-10 km,873969a03ffffff,2,wkd_evening,DO
PRG,Bolt,30-40 km,871e354f4ffffff,3,wkd_day,PU
TLS,Bolt,0-5 km,8739601a0ffffff,1,wkd_day,PU
VIE,Bolt,20-30 km,871e15b73ffffff,28,wkd_day,PU
VIE,Bolt,20-30 km,871e15b66ffffff,3,wkd_night,DO
VNO,Bolt,10-20 km,871f4032cffffff,5,wkd_night,DO
DXB,Bolt,40-50 km,8743a12e0ffffff,3,wkd_night,PU
DXB,Bolt,30-40 km,8743a132affffff,1,wrek_evening,PU
ATH,Bolt Taxi,40-50 km,871eda743ffffff,4,wkd_night,DO
ATH,Bolt Taxi,20-30 km,871eda75dffffff,1,wrek_evening,PU
JED,Bolt,20-30 km,8753a9509ffffff,2,wkd_late_evening,DO
BCN,Cabify,10-20 km,8739446b0ffffff,2,wkd_evening,PU
DUS,Bolt,5-10 km,871fa52a4ffffff,4,wkd_evening,PU
FRA,Bolt,10-20 km,871faeaa9ffffff,3,wkd_late_evening,PU
GOT,Bolt,0-5 km,871f25370ffffff,3,wkd_day,PU
PLZ,BoltEco,5-10 km,87bc73851ffffff,1,wkd_morning,DO
NBO,Bolt Basic,10-20 km,877a6e42cffffff,1,wkd_late_evening,DO
NBO,Bolt Basic,10-20 km,877a6e42cffffff,3,wkd_day,DO
LIS,Bolt,30-40 km,8739336e6ffffff,1,wkd_night,DO
TLS,Bolt,5-10 km,8739601b0ffffff,1,wrek_evening,DO
CAI,Didi FLEX,10-20 km,873e628edffffff,2,wkd_night,DO
OTP,Bolt,10-20 km,871eeeb4dffffff,3,wrek_evening,DO
CLJ,Bolt,5-10 km,871e0b38cffffff,1,wkd_night,DO
CLJ,Bolt,5-10 km,871e0b38effffff,1,wrek_evening,PU
CGN,Bolt,20-30 km,871fa198effffff,1,wkd_late_evening,PU
MAN,Bolt,10-20 km,871951b70ffffff,2,wkd_day,PU
EDI,Bolt,50-60 km,8719728c4ffffff,1,wkd_morning,PU
BRS,Bolt,20-30 km,871958235ffffff,2,wkd_late_evening,PU
MAN,Bolt,10-20 km,871951b2bffffff,1,wkd_evening,DO
ZRH,Bolt,20-30 km,871f83365ffffff,3,wrek_evening,PU
ZRH,Bolt,20-30 km,871f8336effffff,2,wkd_morning,DO
OTP,Bolt,20-30 km,871eeeb71ffffff,3,wked_night,DO
NTE,Bolt,10-20 km,87184585dffffff,5,wked_day,PU
TLS,Bolt,10-20 km,8739601aaffffff,2,wkd_night,PU
TLS,Bolt,10-20 km,87396018cffffff,5,wkd_night,PU
ATH,Bolt Taxi,30-40 km,871eda74effffff,17,wked_morning,DO
ATH,Bolt Taxi,40-50 km,871eda75effffff,8,wked_morning,DO
AMS,Bolt,30-40 km,871969526ffffff,2,wkd_day,PU
BEY,Bolt,10-20 km,872da24ceffffff,3,wkd_evening,DO
BER,Bolt,20-30 km,871f1d48bffffff,8,wkd_late_evening,DO
BER,Bolt,20-30 km,871f1d489ffffff,4,wrek_late_evening,DO
BOD,Bolt,5-10 km,87184dd21ffffff,2,wkd_day,DO
OTP,Bolt,10-20 km,871eeeb45ffffff,4,wkd_night,DO
CGN,Bolt,10-20 km,871fa1999ffffff,3,wked_morning,DO
CGN,Bolt,5-10 km,871fa1114ffffff,1,wrek_late_evening,DO
DUS,Bolt,10-20 km,871fa52b3ffffff,4,wkd_night,DO
HEL,Bolt,20-30 km,871126d2cffffff,2,wrek_evening,DO
AGP,Cabify,20-30 km,873919585ffffff,18,wked_day,PU
MRS,Bolt,30-40 km,873968028ffffff,4,wked_morning,DO
ORY,Bolt,10-20 km,871fb4644ffffff,12,wkd_morning,DO
TLS,Bolt,20-30 km,8739600a4ffffff,1,wkd_day,DO
JNB,BoltEco,10-20 km,87bcc3cd3ffffff,1,wkd_day,DO
ATH,Bolt Taxi,30-40 km,871eda743ffffff,5,wrek_late_evening,PU
BCN,Cabify,30-40 km,87394460dffffff,1,wkd_day,PU
OTP,Bolt,5-10 km,871eec696ffffff,1,wkd_night,DO
LIS,Bolt,10-20 km,87393362bffffff,3,wkd_night,DO
NCE,Bolt,40-50 km,873969b95ffffff,1,wrek_late_evening,DO
PRG,Bolt,5-10 km,871e3541effffff,1,wkd_morning,DO
VIE,Bolt,10-20 km,871e15b70ffffff,1,wkd_day,DO
DXB,Bolt,20-30 km,8743a136bffffff,5,wkd_morning,PU
DXB,Bolt,30-40 km,8743a130effffff,2,wkd_night,DO
ATH,Bolt Taxi,50-60 km,871eda62cffffff,2,wkd_night,DO
OTP,Bolt,20-30 km,871eeeb71ffffff,2,wkd_day,DO
LIS,Bolt,20-30 km,873933706ffffff,1,wkd_late_evening,PU
ARN,Bolt,0-5 km,87088675affffff,1,wked_night,PU
SXB,Bolt,20-30 km,871f85605ffffff,2,wked_night,DO
DUR,BoltEco,0-5 km,87bcf5d01ffffff,1,wkd_day,PU
JED,Bolt,10-20 km,8753a9cdaffffff,1,wked_morning,PU
BRS,Bolt,0-5 km,8719580cdffffff,1,wked_morning,DO
CWL,Bolt,10-20 km,8719586b6ffffff,1,wkd_evening,DO
ZRH,Bolt,0-5 km,871f8eda6ffffff,1,wkd_morning,DO
BEY,Bolt,20-30 km,872db1b46ffffff,2,wked_morning,DO
BOD,Bolt,10-20 km,87184dd66ffffff,4,wked_day,PU
DOH,TaxiF Eco+,5-10 km,87536bce0ffffff,5,wkd_night,DO
LIS,Bolt,5-10 km,873933629ffffff,61,wkd_late_evening,PU
ARN,Bolt,40-50 km,87088661dffffff,4,wked_morning,PU
GDN,Bolt,10-20 km,871f72480ffffff,3,wrek_evening,DO
VIE,Bolt,20-30 km,871e15b71ffffff,19,wkd_late_evening,DO
FAO,Bolt,50-60 km,873910236ffffff,3,wkd_night,DO
BEY,Bolt,10-20 km,872da24ccffffff,2,wkd_day,DO
BER,Bolt,20-30 km,871f1d499ffffff,6,wkd_morning,DO
BER,Bolt,20-30 km,871f1d48affffff,7,wkd_morning,DO
BER,Bolt,5-10 km,871f18b0affffff,2,wrek_late_evening,PU
CPH,Bolt,10-20 km,871f05806ffffff,18,wkd_morning,DO
CPH,Bolt,10-20 km,871f05826ffffff,4,wkd_late_evening,DO
DOH,TaxiF Eco+,20-30 km,87536bc19ffffff,1,wkd_night,DO
KRK,Bolt,10-20 km,871e2e6b0ffffff,5,wked_day,PU
LIS,Bolt,5-10 km,873933676ffffff,11,wkd_morning,PU
LYS,Bolt,20-30 km,871f90250ffffff,8,wkd_day,DO
MAD,Cabify,10-20 km,87390cb1cffffff,18,wkd_night,DO
MRS,Bolt,20-30 km,873968895ffffff,5,wkd_morning,PU
MRS,Bolt,30-40 km,873968076ffffff,4,wkd_morning,DO
MUC,Bolt,40-50 km,871f8d7a4ffffff,6,wkd_evening,PU
PRG,Bolt,30-40 km,871e3541bffffff,2,wkd_day,PU
ARN,Bolt,30-40 km,87088662affffff,4,wkd_late_evening,PU
TLS,Bolt,0-5 km,8739601a4ffffff,5,wkd_evening,PU
VLC,Cabify,30-40 km,87395409effffff,1,wrek_evening,DO
VIE,Bolt,20-30 km,871e15b70ffffff,5,wkd_day,PU
VIE,Bolt,20-30 km,871e15b51ffffff,4,wkd_late_evening,PU
VNO,Bolt,0-5 km,871f4030affffff,5,wkd_morning,PU
DXB,Bolt,10-20 km,8743a136bffffff,4,wkd_late_evening,DO
DUR,BoltEco,30-40 km,87bc1b669ffffff,3,wkd_day,DO
CGN,Bolt,20-30 km,871fa1c66ffffff,1,wkd_morning,PU
DUS,Bolt,40-50 km,871fa5351ffffff,2,wkd_day,PU
GOT,Bolt,20-30 km,871f2506cffffff,1,wkd_night,DO
HEL,Bolt,5-10 km,871126d71ffffff,3,wrek_late_evening,DO
NCE,Bolt,20-30 km,873969a85ffffff,1,wkd_late_evening,PU
SXB,Bolt,10-20 km,871f85606ffffff,2,wkd_day,PU
TSR,Bolt,20-30 km,871ee6926ffffff,1,wkd_evening,DO
TLS,Bolt,10-20 km,8739601abffffff,3,wkd_late_evening,PU
TLS,Bolt,10-20 km,87396018cffffff,2,wrek_evening,PU
VIE,Bolt,10-20 km,871e15b46ffffff,3,wrek_late_evening,PU
WRO,Bolt,10-20 km,871e20409ffffff,5,wkd_evening,PU
DXB,Bolt,20-30 km,8743acd9affffff,2,wkd_night,PU
NBO,Bolt Basic,10-20 km,877a6e46affffff,1,wkd_night,DO
DOH,TaxiF Eco+,0-5 km,87536bc19ffffff,1,wked_day,DO
LIS,Bolt,10-20 km,87393362dffffff,1,wkd_evening,PU
NTE,Bolt,5-10 km,871845849ffffff,1,wrek_evening,PU
OSL,Bolt,10-20 km,8708a4510ffffff,2,wked_day,PU
WRO,Bolt,20-30 km,871e2040bffffff,1,wkd_evening,DO
RUH,Bolt,30-40 km,87537369bffffff,2,wked_morning,DO
AMS,Bolt,20-30 km,871969c9affffff,1,wkd_day,PU
HEL,Bolt,0-5 km,870899691ffffff,1,wkd_night,PU
NTE,Bolt,5-10 km,871845842ffffff,1,wkd_night,DO
PLZ,BoltEco,10-20 km,87bc73b16ffffff,1,wkd_day,PU
BRS,Bolt,10-20 km,87195876cffffff,1,wkd_day,DO
SOU,Bolt,0-5 km,87195910bffffff,7,wkd_morning,DO
MAN,Bolt,0-5 km,871951a20ffffff,3,wkd_late_evening,DO
ZRH,Bolt,5-10 km,871f8ed95ffffff,10,wked_morning,DO
EDI,Bolt,10-20 km,8719720cbffffff,2,wkd_night,DO
FAO,Bolt,5-10 km,8739102edffffff,1,wrek_evening,PU
BER,Bolt,30-40 km,871f1d49cffffff,6,wked_night,DO
BER,Bolt,20-30 km,871f1d489ffffff,10,wked_day,DO
BER,Bolt,20-30 km,871f1d48bffffff,4,wrek_evening,PU
CPH,Bolt,5-10 km,871f05813ffffff,3,wked_night,DO
GOT,Bolt,20-30 km,871f25a91ffffff,3,wrek_late_evening,DO
MUC,Bolt,30-40 km,871f8d320ffffff,4,wked_day,PU
TLS,Bolt,20-30 km,87396018affffff,3,wked_morning,DO
VIE,Bolt,10-20 km,871e15b46ffffff,27,wrek_evening,DO
VNO,Bolt,5-10 km,871f40308ffffff,12,wkd_night,DO
AMS,Bolt,10-20 km,8719695a3ffffff,3,wkd_late_evening,PU
AMS,Bolt,10-20 km,871969531ffffff,10,wkd_evening,PU
BEY,Bolt,5-10 km,872da24c5ffffff,2,wkd_night,PU
DUS,Bolt,10-20 km,871fa5294ffffff,3,wkd_night,DO
GOT,Bolt,20-30 km,871f25a9effffff,10,wkd_night,PU
MPL,Bolt,10-20 km,87396e96cffffff,4,wked_day,DO
MUC,Bolt,30-40 km,871f8d44affffff,15,wkd_evening,DO
NTE,Bolt,0-5 km,87184584effffff,1,wrek_late_evening,DO
NTE,Bolt,10-20 km,87184584effffff,1,wked_day,PU
TLS,Bolt,10-20 km,8739601abffffff,3,wkd_evening,DO
TLS,Bolt,10-20 km,87396018cffffff,3,wkd_late_evening,DO
VIE,Bolt,10-20 km,871e15b71ffffff,3,wkd_day,PU
WRO,Bolt,10-20 km,871e20419ffffff,6,wkd_evening,DO
DXB,Bolt,5-10 km,8743acd99ffffff,1,wkd_late_evening,PU
ATH,Bolt Taxi,0-5 km,871eda29affffff,11,wkd_night,DO
JED,Bolt,10-20 km,8753a9c0bffffff,2,wkd_night,DO
OTP,Bolt,10-20 km,871eeeb6effffff,3,wked_day,DO
CLJ,Bolt,5-10 km,871e0b381ffffff,2,wkd_morning,DO
CLJ,Bolt,5-10 km,871e0b38effffff,1,wkd_late_evening,DO
DBV,Bolt,20-30 km,871e8db40ffffff,1,wkd_morning,DO
DUS,Bolt,20-30 km,871fa52b0ffffff,1,wked_night,DO
KRK,Bolt,30-40 km,871e2e685ffffff,1,wkd_day,DO
LYS,Bolt,20-30 km,871f90254ffffff,1,wked_night,PU
PRG,Bolt,20-30 km,871e3540affffff,4,wkd_late_evening,PU
SXB,Bolt,10-20 km,871f85618ffffff,1,wked_morning,DO
DXB,Bolt,30-40 km,8743a1376ffffff,4,wkd_night,PU
DXB,Bolt,10-20 km,8743a1301ffffff,1,wked_morning,DO
JED,Bolt,10-20 km,8753a9544ffffff,1,wkd_night,DO
ABV,Bolt,20-30 km,8758f4693ffffff,2,wkd_night,DO
FAO,Bolt,0-5 km,873911581ffffff,1,wked_morning,DO
NBO,Bolt Basic,10-20 km,877a6e42cffffff,1,wkd_night,PU
JED,Bolt,10-20 km,8753a952dffffff,1,wkd_morning,DO
JED,Bolt,20-30 km,8753a955effffff,1,wked_night,PU
CGN,Bolt,10-20 km,871fa199bffffff,1,wkd_day,PU
LYS,Bolt,0-5 km,871f9020bffffff,1,wkd_day,DO
NCE,Bolt,10-20 km,873969a08ffffff,1,wkd_night,DO
BRS,Bolt,20-30 km,871958230ffffff,6,wked_morning,DO
ZRH,Bolt,10-20 km,871f83368ffffff,5,wkd_morning,DO
ZRH,Bolt,5-10 km,871f8ed80ffffff,6,wkd_morning,DO
ZRH,Bolt,20-30 km,871f8edb2ffffff,3,wkd_day,DO
BEY,Bolt,5-10 km,872da24eeffffff,11,wrek_late_evening,DO
CPH,Bolt,10-20 km,871f05981ffffff,1,wked_morning,DO
FRA,Bolt,10-20 km,871faeb8bffffff,4,wked_morning,PU
LIL,Bolt,20-30 km,87194d29affffff,2,wrek_late_evening,PU
NTE,Bolt,10-20 km,87184584dffffff,4,wked_day,PU
OSL,Bolt,50-60 km,8709993b1ffffff,4,wked_morning,PU
ORY,Bolt,10-20 km,871fb4674ffffff,10,wkd_night,DO
DXB,Bolt,20-30 km,8743a130dffffff,5,wked_day,DO
AMS,Bolt,20-30 km,871969c9dffffff,12,wkd_late_evening,PU
AMS,Bolt,10-20 km,871969c9bffffff,2,wked_morning,PU
BCN,Cabify,10-20 km,873944619ffffff,7,wkd_morning,PU
BER,Bolt,5-10 km,871f18b0affffff,4,wked_day,DO
BOD,Bolt,5-10 km,87184dd66ffffff,2,wkd_morning,DO
BOD,Bolt,10-20 km,87186b6ccffffff,2,wkd_morning,DO
OTP,Bolt,10-20 km,871eeeb6bffffff,17,wkd_day,PU
CPH,Bolt,0-5 km,871f05802ffffff,7,wkd_morning,DO
CPH,Bolt,10-20 km,871f05815ffffff,3,wkd_day,DO
CPH,Bolt,5-10 km,871f05833ffffff,1,wked_morning,PU
HEL,Bolt,30-40 km,8708996a6ffffff,1,wkd_morning,DO
LYS,Bolt,30-40 km,871f90273ffffff,3,wkd_day,DO
MRS,Bolt,10-20 km,8739688c3ffffff,3,wkd_night,PU
MPL,Bolt,10-20 km,87396c59effffff,3,wked_day,PU
NCE,Bolt,5-10 km,873969a0cffffff,9,wkd_day,DO
OSL,Bolt,40-50 km,870999380ffffff,9,wkd_morning,DO
SVQ,Cabify,10-20 km,87391c70affffff,6,wrek_late_evening,DO
ARN,Bolt,60-70 km,8708866d4ffffff,3,wkd_night,PU
GDN,Bolt,10-20 km,871f09b25ffffff,3,wkd_day,DO
HLA,BoltEco,30-40 km,87bcc30a6ffffff,4,wkd_night,DO
ATH,Bolt Taxi,50-60 km,871eda752ffffff,7,wkd_evening,PU
IAS,Bolt,5-10 km,871e556e2ffffff,6,wked_day,DO
MPL,Bolt,10-20 km,87396c59affffff,3,wkd_late_evening,DO
NCE,Bolt,20-30 km,873969aa6ffffff,4,wkd_day,PU
POZ,Bolt,5-10 km,871e24aa5ffffff,6,wked_day,DO
RTM,Bolt,20-30 km,87196b841ffffff,3,wkd_day,PU
DUR,BoltEco,30-40 km,87bc1b663ffffff,4,wkd_evening,PU
ATH,Bolt Taxi,30-40 km,871eda76bffffff,3,wkd_night,DO
NBO,Bolt Basic,0-5 km,877a6e55effffff,1,wked_morning,PU
CPH,Bolt,10-20 km,871f05824ffffff,4,wkd_morning,PU
DUS,Bolt,30-40 km,871fa52b0ffffff,1,wkd_evening,DO
HEL,Bolt,10-20 km,871126d0cffffff,2,wkd_evening,PU
KRK,Bolt,10-20 km,871e2e6b0ffffff,1,wrek_late_evening,DO
MPL,Bolt,40-50 km,87396e830ffffff,1,wkd_day,PU
NCE,Bolt,40-50 km,873969159ffffff,2,wked_day,DO
PRG,Bolt,0-5 km,871e3541bffffff,2,wkd_evening,PU
DUR,BoltEco,50-60 km,87bc1b6e8ffffff,1,wkd_day,DO
SPX,Didi FLEX,40-50 km,873e6280cffffff,1,wkd_night,DO
AMS,Bolt,40-50 km,871969c99ffffff,1,wkd_evening,PU
FRA,Bolt,30-40 km,871fae362ffffff,1,wkd_day,DO
AGP,Cabify,0-5 km,873919584ffffff,1,wkd_evening,PU
TSR,Bolt,0-5 km,871e192f6ffffff,1,wrek_evening,DO
MAN,Bolt,0-5 km,871951b4affffff,3,wkd_night,DO
ZRH,Bolt,40-50 km,871f83acdffffff,1,wkd_late_evening,PU
ZRH,Bolt,0-5 km,871f8edb2ffffff,1,wkd_morning,PU
BER,Bolt,20-30 km,871f1d49cffffff,4,wked_day,DO
BER,Bolt,20-30 km,871f1d489ffffff,4,wrek_evening,PU
DOH,TaxiF Eco+,10-20 km,87536bc03ffffff,18,wkd_night,DO
GOT,Bolt,20-30 km,871f2504dffffff,3,wrek_late_evening,PU
LIS,Bolt,10-20 km,87393362bffffff,6,wrek_late_evening,PU
NTE,Bolt,10-20 km,871845bb3ffffff,2,wkd_late_evening,PU
TLS,Bolt,10-20 km,8739601aaffffff,8,wked_morning,DO
ATH,Bolt Taxi,40-50 km,871eda752ffffff,1,wkd_late_evening,DO
ABV,Bolt,30-40 km,8758f469bffffff,1,wkd_morning,DO
AMS,Bolt,30-40 km,871969c9bffffff,4,wkd_day,PU
AMS,Bolt,20-30 km,8719695aeffffff,1,wkd_late_evening,PU
BEY,Bolt,5-10 km,872da24c0ffffff,4,wkd_night,DO
BEY,Bolt,20-30 km,872da24cbffffff,3,wkd_late_evening,DO
BOD,Bolt,10-20 km,87186b6c1ffffff,7,wkd_late_evening,DO
LYS,Bolt,10-20 km,871f90243ffffff,3,wkd_evening,DO
NTE,Bolt,5-10 km,871845859ffffff,3,wkd_late_evening,PU
NTE,Bolt,10-20 km,871845842ffffff,3,wkd_day,PU
OSL,Bolt,40-50 km,870999386ffffff,8,wkd_day,PU
CDG,Bolt,20-30 km,871fb4660ffffff,4,wkd_evening,PU
PRG,Bolt,20-30 km,871e354adffffff,7,wkd_day,PU
SVQ,Cabify,5-10 km,87391c70dffffff,3,wkd_late_evening,DO
TLS,Bolt,0-5 km,8739600a4ffffff,1,wkd_late_evening,PU
GDN,Bolt,10-20 km,871f09b25ffffff,2,wkd_late_evening,PU
VLC,Cabify,30-40 km,87395400dffffff,1,wked_day,PU
VIE,Bolt,10-20 km,871e15b55ffffff,3,wkd_morning,DO
DXB,Bolt,5-10 km,8743acca2ffffff,3,wkd_morning,DO
DXB,Bolt,10-20 km,8743a1369ffffff,3,wrek_late_evening,PU
DUR,BoltEco,10-20 km,87bc1b6e8ffffff,16,wked_morning,PU
ATH,Bolt Taxi,10-20 km,871eda280ffffff,8,wkd_day,DO
NBO,Bolt Basic,20-30 km,877a6e406ffffff,3,wkd_morning,DO
NBO,Bolt Basic,10-20 km,877a6e42dffffff,4,wked_night,DO
DOH,TaxiF Eco+,5-10 km,87536bce0ffffff,6,wked_morning,DO
DBV,Bolt,20-30 km,871e8db40ffffff,2,wked_day,PU
HEL,Bolt,30-40 km,871126d30ffffff,1,wkd_morning,PU
HEL,Bolt,30-40 km,871126d33ffffff,3,wkd_morning,DO
MLA,Bolt,10-20 km,873f304edffffff,1,wked_morning,DO
NCE,Bolt,30-40 km,873969a69ffffff,3,wkd_night,DO
PRG,Bolt,40-50 km,871e354ccffffff,3,wkd_late_evening,DO
SVQ,Cabify,10-20 km,87391c624ffffff,2,wkd_morning,PU
TSR,Bolt,0-5 km,871e192f6ffffff,1,wkd_evening,DO
NBO,Bolt Basic,30-40 km,877a6e463ffffff,3,wkd_night,PU
AMS,Bolt,20-30 km,871969c8bffffff,2,wkd_day,DO
AMS,Bolt,30-40 km,871969c9bffffff,1,wkd_evening,DO
NTE,Bolt,10-20 km,87184585dffffff,3,wkd_morning,PU
OSL,Bolt,40-50 km,870999395ffffff,2,wked_morning,DO
GDN,Bolt,20-30 km,871f09b13ffffff,1,wkd_evening,DO
DUR,BoltEco,10-20 km,87bc1b6e8ffffff,2,wkd_late_evening,DO
AMS,Bolt,10-20 km,871969591ffffff,1,wkd_night,PU
NCE,Bolt,10-20 km,873969a08ffffff,1,wked_night,DO
DXB,Bolt,10-20 km,8743a1344ffffff,1,wkd_morning,DO
EDI,Bolt,5-10 km,871972745ffffff,2,wkd_morning,DO
ZRH,Bolt,20-30 km,871f8eca0ffffff,2,wkd_morning,DO
BCN,Cabify,10-20 km,873944601ffffff,6,wked_day,DO
BCN,Cabify,5-10 km,87394460dffffff,1,wkd_night,PU
MUC,Bolt,30-40 km,871f8d44affffff,7,wrek_evening,PU
CDG,Bolt,30-40 km,871fb4674ffffff,37,wked_day,PU
GDN,Bolt,10-20 km,871f09b25ffffff,6,wked_day,DO
FAO,Bolt,5-10 km,8739102edffffff,1,wkd_evening,DO
AMS,Bolt,50-60 km,87196909cffffff,5,wkd_evening,PU
BCN,Cabify,20-30 km,87394460dffffff,5,wkd_night,PU
BER,Bolt,20-30 km,871f18b24ffffff,1,wkd_late_evening,PU
BER,Bolt,20-30 km,871f1d489ffffff,4,wkd_night,PU
CPH,Bolt,10-20 km,871f059a9ffffff,2,wkd_night,DO
DOH,TaxiF Eco+,30-40 km,87536bd9effffff,4,wkd_evening,DO
DUS,Bolt,20-30 km,871fa53a2ffffff,3,wkd_day,PU
FRA,Bolt,10-20 km,871faeb9dffffff,3,wkd_morning,DO
GOT,Bolt,40-50 km,8708b6885ffffff,2,wkd_morning,DO
LYS,Bolt,30-40 km,871f90254ffffff,6,wkd_morning,PU
NTE,Bolt,10-20 km,871845843ffffff,11,wkd_late_evening,PU
SVQ,Cabify,20-30 km,87391c71cffffff,1,wkd_day,DO
ARN,Bolt,40-50 km,8708863b0ffffff,4,wkd_night,DO
TLS,Bolt,0-5 km,8739601b0ffffff,1,wrek_evening,DO
GDN,Bolt,10-20 km,871f72480ffffff,4,wkd_late_evening,DO
GDN,Bolt,5-10 km,871f7249affffff,5,wkd_day,PU
VIE,Bolt,20-30 km,871e15b70ffffff,3,wkd_day,DO
DXB,Bolt,5-10 km,8743a1369ffffff,6,wkd_night,PU
DXB,Bolt,30-40 km,8743a1223ffffff,3,wkd_morning,PU
JNB,BoltEco,0-5 km,87bcc224effffff,3,wkd_evening,DO
JNB,BoltEco,30-40 km,87bcc358bffffff,2,wked_night,PU
DUR,BoltEco,10-20 km,87bcf5d28ffffff,2,wrek_late_evening,PU
ATH,Bolt Taxi,30-40 km,871eda743ffffff,25,wkd_evening,DO
BER,Bolt,20-30 km,871f1d4d2ffffff,3,wkd_day,PU
HEL,Bolt,10-20 km,87089968affffff,5,wkd_day,DO
LYS,Bolt,30-40 km,871f90256ffffff,1,wkd_morning,DO
POZ,Bolt,5-10 km,871e24a32ffffff,1,wkd_night,DO
ARN,Bolt,30-40 km,87088660effffff,2,wkd_evening,DO
TLS,Bolt,5-10 km,8739601a3ffffff,3,wked_morning,DO
JED,Bolt,10-20 km,8753a9cd8ffffff,5,wkd_night,DO
DOH,TaxiF Eco+,10-20 km,87536bce4ffffff,1,wkd_day,DO
DOH,TaxiF Eco+,0-5 km,87536bce6ffffff,1,wked_morning,DO
PRG,Bolt,0-5 km,871e3541effffff,1,wkd_day,DO
VIE,Bolt,0-5 km,871e15b54ffffff,1,wked_day,PU
JNB,BoltEco,30-40 km,87bcc3436ffffff,1,wkd_day,PU
CLJ,Bolt,10-20 km,871e0b39dffffff,3,wkd_day,PU
CGN,Bolt,5-10 km,871fa1999ffffff,1,wrek_evening,DO
NCE,Bolt,10-20 km,873969a54ffffff,1,wkd_late_evening,PU
OSL,Bolt,5-10 km,870999382ffffff,1,wkd_morning,DO
SXB,Bolt,10-20 km,871f85603ffffff,1,wkd_night,PU
ZRH,Bolt,0-5 km,871f8eda6ffffff,4,wkd_evening,PU
ZRH,Bolt,30-40 km,871f83a0affffff,1,wkd_day,DO
MPL,Bolt,10-20 km,87396e96dffffff,8,wked_morning,PU
NCE,Bolt,0-5 km,873969a1dffffff,3,wrek_evening,PU
VIE,Bolt,5-10 km,871e15a64ffffff,2,wrek_late_evening,PU
FAO,Bolt,20-30 km,873910250ffffff,2,wkd_evening,DO
AMS,Bolt,10-20 km,871969500ffffff,12,wkd_late_evening,PU
BCN,Cabify,0-5 km,8739446acffffff,7,wkd_night,DO
BOD,Bolt,10-20 km,87186b6c8ffffff,1,wkd_morning,PU
CPH,Bolt,5-10 km,871f05802ffffff,4,wkd_evening,DO
DUS,Bolt,10-20 km,871fa53aeffffff,4,wkd_late_evening,PU
FRA,Bolt,10-20 km,871faea89ffffff,2,wked_morning,PU
MUC,Bolt,40-50 km,871f8d71effffff,2,wked_day,DO
NTE,Bolt,10-20 km,871845b14ffffff,3,wkd_evening,DO
NCE,Bolt,10-20 km,873969a2bffffff,3,wkd_night,DO
NCE,Bolt,20-30 km,873969b53ffffff,3,wkd_morning,DO
OSL,Bolt,30-40 km,870999280ffffff,5,wkd_morning,DO
OSL,Bolt,0-5 km,8709993a2ffffff,1,wked_morning,DO
CDG,Bolt,30-40 km,871fb4644ffffff,28,wkd_day,PU
TLS,Bolt,20-30 km,87396018cffffff,3,wkd_day,DO
GDN,Bolt,20-30 km,871f09b11ffffff,5,wkd_morning,DO
WRO,Bolt,10-20 km,871e20408ffffff,6,wkd_morning,PU
ATH,Bolt Taxi,30-40 km,873f74833ffffff,1,wkd_day,DO
NBO,Bolt Basic,20-30 km,877a6e429ffffff,4,wkd_night,PU
FAO,Bolt,20-30 km,8739102edffffff,3,wkd_evening,DO
AMS,Bolt,0-5 km,871969c9bffffff,1,wkd_morning,DO
BER,Bolt,40-50 km,871f1d412ffffff,3,wkd_morning,DO
DBV,Bolt,20-30 km,871e8db42ffffff,9,wkd_morning,DO
DUS,Bolt,10-20 km,871fa5294ffffff,2,wrek_late_evening,DO
NBO,Bolt Basic,30-40 km,877a6e408ffffff,4,wkd_night,PU
ABV,Bolt,20-30 km,8758f46d6ffffff,1,wkd_night,DO
BOD,Bolt,0-5 km,87186b6ddffffff,1,wkd_night,DO
OTP,Bolt,30-40 km,871eeeb6bffffff,2,wkd_morning,PU
DXB,Bolt,20-30 km,8743a136effffff,1,wkd_late_evening,PU
AMS,Bolt,30-40 km,871968261ffffff,1,wkd_night,PU
BCN,Cabify,20-30 km,873944619ffffff,1,wkd_day,PU
VNO,Bolt,10-20 km,871f4030cffffff,1,wkd_morning,PU
DXB,Bolt,5-10 km,8743acca1ffffff,1,wkd_morning,PU
ZRH,Bolt,10-20 km,871f8ed95ffffff,14,wked_day,PU
BHX,Bolt,30-40 km,87195dda4ffffff,2,wrek_evening,DO
EDI,Bolt,10-20 km,87197276dffffff,2,wkd_evening,PU
EMA,Bolt,10-20 km,8719434caffffff,1,wkd_morning,DO
DUS,Bolt,5-10 km,871fa52b0ffffff,6,wked_morning,DO
AMS,Bolt,10-20 km,871969c9bffffff,2,wkd_night,DO
AMS,Bolt,10-20 km,871969c9bffffff,27,wkd_late_evening,PU
BOD,Bolt,10-20 km,87184dd60ffffff,7,wkd_night,PU
OTP,Bolt,10-20 km,871eeeb40ffffff,4,wkd_night,PU
CPH,Bolt,30-40 km,871f05916ffffff,5,wkd_day,PU
DUS,Bolt,30-40 km,871fa5721ffffff,4,wkd_day,DO
HEL,Bolt,20-30 km,87089969dffffff,2,wkd_late_evening,DO
LIS,Bolt,5-10 km,87393375bffffff,6,wkd_morning,DO
MRS,Bolt,20-30 km,873968173ffffff,3,wkd_late_evening,DO
MRS,Bolt,20-30 km,873968154ffffff,3,wkd_day,DO
MRS,Bolt,20-30 km,873968154ffffff,3,wkd_late_evening,PU
MUC,Bolt,30-40 km,871f8d716ffffff,4,wkd_day,PU
NCE,Bolt,0-5 km,873969a1dffffff,5,wkd_day,PU
NCE,Bolt,10-20 km,873969a76ffffff,4,wkd_day,DO
NCE,Bolt,5-10 km,873969a10ffffff,5,wked_day,DO
CDG,Bolt,30-40 km,871fb4674ffffff,97,wkd_night,PU
CDG,Bolt,10-20 km,871fb422effffff,8,wkd_evening,PU
ORY,Bolt,10-20 km,871fb4675ffffff,4,wkd_morning,PU
PRG,Bolt,5-10 km,871e355aeffffff,2,wked_morning,DO
ARN,Bolt,30-40 km,870880d9effffff,3,wked_night,PU
DXB,Bolt,30-40 km,8743a1224ffffff,5,wkd_night,DO
DXB,Bolt,30-40 km,8743a1301ffffff,3,wked_morning,DO
JNB,BoltEco,20-30 km,87bcc3cd3ffffff,11,wkd_day,DO
ABV,Bolt,40-50 km,8758f6a4effffff,1,wkd_day,PU
BCN,Cabify,5-10 km,87394461cffffff,1,wkd_late_evening,PU
CPH,Bolt,10-20 km,871f05822ffffff,3,wked_night,DO
DBV,Bolt,20-30 km,871e8db46ffffff,2,wkd_evening,DO
LYS,Bolt,30-40 km,871f90254ffffff,3,wkd_day,PU
MUC,Bolt,30-40 km,871f8d464ffffff,1,wkd_morning,PU
SXB,Bolt,10-20 km,871f85600ffffff,1,wrek_evening,DO
PLZ,BoltEco,5-10 km,87bc73851ffffff,1,wkd_night,DO
PLZ,BoltEco,0-5 km,87bc73859ffffff,2,wrek_evening,PU
NBO,Bolt Basic,20-30 km,877a6e55bffffff,1,wkd_late_evening,DO
RUH,Bolt,40-50 km,875354a6bffffff,3,wked_day,PU
NTE,Bolt,20-30 km,87186e481ffffff,1,wkd_morning,DO
BOD,Bolt,5-10 km,87186b6d9ffffff,2,wkd_late_evening,DO
AGP,Bolt,30-40 km,8739195aaffffff,1,wkd_morning,DO
DUR,BoltEco,30-40 km,87bc1b6e8ffffff,1,wked_morning,DO
NBO,Bolt Basic,10-20 km,877a6e51affffff,1,wkd_morning,DO
ZRH,Bolt,10-20 km,871f8edb1ffffff,2,wkd_morning,DO
BHX,Bolt,5-10 km,87195c313ffffff,1,wkd_late_evening,DO
BCN,Cabify,10-20 km,87394460affffff,6,wked_night,DO
KRK,Bolt,10-20 km,871e2e6b4ffffff,2,wrek_late_evening,PU
AGP,Bolt,10-20 km,873919584ffffff,46,wked_day,PU
MUC,Bolt,30-40 km,871f8d449ffffff,4,wked_day,DO
VIE,Bolt,10-20 km,871e15b44ffffff,11,wked_day,PU
VIE,Bolt,30-40 km,871e15b0bffffff,2,wkd_night,PU
BCN,Cabify,30-40 km,87394471cffffff,4,wkd_late_evening,PU
BOD,Bolt,5-10 km,87186b6d3ffffff,9,wkd_morning,DO
BOD,Bolt,5-10 km,87184dd73ffffff,4,wkd_day,DO
CGN,Bolt,10-20 km,871fa18a5ffffff,4,wkd_morning,DO
CPH,Bolt,5-10 km,871f05806ffffff,16,wkd_morning,DO
CPH,Bolt,0-5 km,871f05811ffffff,4,wkd_morning,DO
CPH,Bolt,30-40 km,871f2364bffffff,2,wrek_late_evening,DO
GOT,Bolt,20-30 km,871f25a90ffffff,1,wkd_day,DO
GOT,Bolt,20-30 km,871f25a9effffff,3,wrek_late_evening,DO
HEL,Bolt,30-40 km,87089979bffffff,8,wkd_day,DO
KRK,Bolt,10-20 km,871e2e6a2ffffff,2,wkd_day,DO
AGP,Bolt,10-20 km,873919584ffffff,55,wkd_evening,PU
MRS,Bolt,30-40 km,873968028ffffff,3,wkd_morning,DO
MPL,Bolt,10-20 km,87396c59effffff,10,wkd_morning,DO
MPL,Bolt,40-50 km,87396c534ffffff,4,wkd_evening,DO
NTE,Bolt,50-60 km,871845d5dffffff,5,wkd_evening,PU
OSL,Bolt,40-50 km,87099938cffffff,4,wkd_late_evening,DO
OSL,Bolt,30-40 km,870999284ffffff,2,wrek_late_evening,DO
TLS,Bolt,5-10 km,873960c5bffffff,8,wkd_night,DO
TLS,Bolt,5-10 km,8739601aaffffff,2,wrek_evening,DO
VLC,Cabify,10-20 km,8739540adffffff,1,wked_day,DO
VIE,Bolt,20-30 km,871e15b55ffffff,4,wkd_evening,PU
VNO,Bolt,10-20 km,871f4032affffff,4,wkd_morning,DO
BER,Bolt,20-30 km,871f18b34ffffff,1,wkd_late_evening,PU
CLJ,Bolt,5-10 km,871e0b383ffffff,1,wkd_night,PU
DUS,Bolt,0-5 km,871fa539bffffff,4,wkd_morning,DO
ARN,Bolt,20-30 km,870886671ffffff,1,wrek_evening,PU
ABV,Bolt,40-50 km,8758f0d2effffff,1,wkd_morning,PU
OTP,Bolt,20-30 km,871eeeb43ffffff,1,wrek_late_evening,DO
NCE,Bolt,40-50 km,873969a69ffffff,1,wrek_evening,PU
CDG,Bolt,5-10 km,871fb0962ffffff,1,wkd_night,DO
SVQ,Cabify,0-5 km,87391c70affffff,1,wked_morning,DO
BMA,Bolt,5-10 km,870886618ffffff,2,wked_day,DO
ABV,Bolt,50-60 km,8758f4695ffffff,1,wkd_day,DO
CPH,Bolt,20-30 km,871f05835ffffff,1,wkd_night,PU
JED,Bolt,20-30 km,8753a952dffffff,2,wkd_morning,DO
STN,Bolt,40-50 km,87194ad22ffffff,3,wkd_day,PU
MAN,Bolt,5-10 km,871951b6affffff,2,wkd_morning,DO
KRK,Bolt,20-30 km,871e2e6b1ffffff,11,wrek_late_evening,PU
LIS,Bolt,5-10 km,87393362bffffff,5,wrek_late_evening,PU
LYS,Bolt,10-20 km,871f9025affffff,5,wked_day,PU
AGP,Cabify,10-20 km,873919584ffffff,29,wked_morning,PU
MRS,Bolt,20-30 km,87396802cffffff,4,wrek_evening,DO
PRG,Bolt,10-20 km,871e35418ffffff,43,wrek_evening,PU
ATH,Bolt Taxi,50-60 km,871eda752ffffff,18,wked_morning,DO
ATH,Bolt Taxi,0-5 km,871eda29affffff,3,wked_day,DO
ATH,Bolt Taxi,10-20 km,871eda295ffffff,2,wrek_evening,DO
NBO,Bolt Basic,10-20 km,877a6e556ffffff,3,wked_night,DO
AMS,Bolt,30-40 km,871969cdeffffff,3,wkd_night,DO
AMS,Bolt,10-20 km,871969504ffffff,3,wrek_evening,PU
BEY,Bolt,10-20 km,872da27b6ffffff,4,wkd_evening,PU
BEY,Bolt,10-20 km,872da24e5ffffff,3,wked_night,DO
OTP,Bolt,20-30 km,871eeeb6dffffff,1,wrek_late_evening,PU
CGN,Bolt,20-30 km,871fa199cffffff,3,wkd_late_evening,DO
DOH,TaxiF Eco+,5-10 km,87536bce3ffffff,3,wkd_morning,DO
DOH,TaxiF Eco+,20-30 km,87536bc20ffffff,5,wked_day,DO
DUS,Bolt,5-10 km,871fa52b2ffffff,9,wkd_day,DO
DUS,Bolt,5-10 km,871fa52b2ffffff,2,wrek_evening,DO
FRA,Bolt,10-20 km,871faeaa8ffffff,23,wkd_evening,PU
KRK,Bolt,10-20 km,871e2e6b0ffffff,7,wkd_night,PU
LIL,Bolt,40-50 km,8719498c6ffffff,4,wked_day,PU
AGP,Bolt,10-20 km,8739195b1ffffff,6,wrek_late_evening,DO
MRS,Bolt,20-30 km,873968143ffffff,3,wked_day,PU
MPL,Bolt,5-10 km,87396c59affffff,6,wkd_late_evening,DO
OSL,Bolt,40-50 km,870999380ffffff,4,wkd_night,DO
TLS,Bolt,0-5 km,8739601a3ffffff,5,wkd_day,DO
VLC,Cabify,0-5 km,8739540a5ffffff,2,wked_morning,DO
VLC,Cabify,10-20 km,873954014ffffff,2,wked_day,DO
VIE,Bolt,20-30 km,871e15b46ffffff,8,wkd_day,DO
VIE,Bolt,20-30 km,871e15b63ffffff,2,wkd_evening,PU
WRO,Bolt,10-20 km,871e2040dffffff,3,wked_night,PU
DXB,Bolt,10-20 km,8743a136affffff,13,wked_day,PU
ATH,Bolt Taxi,10-20 km,871eda295ffffff,19,wkd_day,DO
ATH,Bolt Taxi,20-30 km,871eda280ffffff,1,wrek_evening,DO
RUH,Bolt,50-60 km,875355daeffffff,2,wkd_night,DO
JED,Bolt,20-30 km,8753a9cdaffffff,5,wkd_night,DO
BCN,Cabify,10-20 km,87394460dffffff,7,wkd_morning,PU
BCN,Cabify,10-20 km,87394461effffff,3,wkd_night,PU
OTP,Bolt,10-20 km,871eeeb4cffffff,2,wkd_evening,DO
CLJ,Bolt,5-10 km,871e0b388ffffff,1,wkd_evening,PU
DUR,BoltEco,30-40 km,87bcf5da8ffffff,2,wkd_day,PU
PLZ,BoltEco,5-10 km,87bc7385cffffff,2,wkd_evening,PU
PLZ,BoltEco,5-10 km,87bc73849ffffff,2,wrek_evening,PU
ATH,Bolt Taxi,5-10 km,871eda29dffffff,1,wkd_day,DO
ATH,Bolt Taxi,10-20 km,871eda74cffffff,1,wkd_evening,PU
DUS,Bolt,10-20 km,871fa53b4ffffff,2,wkd_morning,DO
HEL,Bolt,20-30 km,87089968affffff,1,wkd_late_evening,DO
NTE,Bolt,5-10 km,871845858ffffff,1,wked_night,DO
SVQ,Cabify,10-20 km,87391c70effffff,2,wkd_late_evening,DO
ARN,Bolt,0-5 km,8708866adffffff,1,wkd_night,PU
TLS,Bolt,10-20 km,8739601acffffff,2,wkd_late_evening,DO
ATH,Bolt Taxi,0-5 km,871eda752ffffff,1,wkd_evening,PU
JED,Bolt,20-30 km,8753a9544ffffff,1,wkd_night,DO
BEY,Bolt,5-10 km,872da24e1ffffff,1,wked_morning,PU
ATH,Bolt Taxi,30-40 km,871eda75dffffff,1,wrek_late_evening,DO
JED,Bolt,10-20 km,8753a9cd3ffffff,1,wked_morning,DO
CWL,Bolt,0-5 km,87195aa6effffff,3,wked_morning,DO
LHR,Bolt,40-50 km,87195dba6ffffff,4,wkd_day,DO
EDI,Bolt,10-20 km,871972761ffffff,2,wked_day,DO
BCN,Cabify,10-20 km,873944601ffffff,2,wrek_evening,DO
CPH,Bolt,0-5 km,871f05811ffffff,2,wked_morning,DO
LIS,Bolt,0-5 km,873933629ffffff,8,wked_morning,PU
ATH,Bolt Taxi,40-50 km,871eda752ffffff,12,wrek_evening,DO
FAO,Bolt,10-20 km,8739115a9ffffff,2,wked_morning,PU
BEY,Bolt,5-10 km,872da24e1ffffff,2,wkd_morning,PU
BER,Bolt,20-30 km,871f1d48affffff,3,wrek_late_evening,DO
OTP,Bolt,10-20 km,871eeeb6affffff,3,wked_day,DO
OTP,Bolt,10-20 km,871eeeb4cffffff,3,wrek_late_evening,DO
DUS,Bolt,20-30 km,871fa5352ffffff,14,wkd_day,PU
DUS,Bolt,5-10 km,871fa52b5ffffff,6,wkd_evening,DO
DUS,Bolt,5-10 km,871fa52b4ffffff,4,wkd_day,PU
HEL,Bolt,10-20 km,871126d20ffffff,5,wkd_morning,DO
KRK,Bolt,10-20 km,871e2e6b1ffffff,54,wkd_morning,DO
KRK,Bolt,10-20 km,871e2e6b3ffffff,11,wkd_day,DO
AGP,Bolt,5-10 km,8739195b1ffffff,14,wkd_evening,DO
MUC,Bolt,40-50 km,871f8d45dffffff,3,wkd_morning,DO
NTE,Bolt,10-20 km,871845840ffffff,2,wkd_late_evening,PU
NCE,Bolt,10-20 km,873969a85ffffff,5,wkd_evening,PU
NCE,Bolt,30-40 km,873969ab2ffffff,2,wkd_day,PU
NCE,Bolt,0-5 km,873969a0effffff,2,wkd_morning,DO
CDG,Bolt,50-60 km,871fb0944ffffff,3,wkd_late_evening,PU
PRG,Bolt,10-20 km,871e35411ffffff,3,wkd_day,PU
TLS,Bolt,20-30 km,873960012ffffff,4,wkd_day,DO
TLS,Bolt,20-30 km,87396089effffff,4,wkd_late_evening,DO
GDN,Bolt,10-20 km,871f09b35ffffff,3,wked_night,PU
VLC,Cabify,5-10 km,8739540adffffff,1,wkd_evening,PU
VIE,Bolt,20-30 km,871e15b71ffffff,41,wkd_day,DO
DXB,Bolt,10-20 km,8743acca6ffffff,6,wkd_night,PU
DXB,Bolt,5-10 km,8743acd99ffffff,2,wkd_evening,PU
DXB,Bolt,10-20 km,8743a136affffff,5,wkd_late_evening,PU
DXB,Bolt,10-20 km,8743acd9effffff,5,wked_morning,PU
DXB,Bolt,20-30 km,8743a136effffff,1,wked_day,PU
DUR,BoltEco,30-40 km,87bc1b660ffffff,1,wked_day,PU
ATH,Bolt Taxi,50-60 km,871eda75effffff,1,wkd_day,DO
AMS,Bolt,0-5 km,871969528ffffff,1,wkd_night,PU
AMS,Bolt,20-30 km,87196825effffff,3,wrek_late_evening,PU
OTP,Bolt,30-40 km,871eec686ffffff,2,wkd_evening,DO
SXB,Bolt,10-20 km,871f85600ffffff,1,wked_day,PU
DUR,BoltEco,40-50 km,87bcf5900ffffff,2,wkd_morning,PU
NBO,Bolt Basic,20-30 km,877a6e55affffff,1,wkd_late_evening,PU
LYS,Bolt,10-20 km,871f90243ffffff,1,wkd_day,DO
SVQ,Cabify,10-20 km,87391c70cffffff,2,wkd_night,DO
DXB,Bolt,20-30 km,8743a1372ffffff,1,wkd_evening,PU
CWL,Bolt,10-20 km,87195879bffffff,2,wkd_evening,DO
BER,Bolt,20-30 km,871f1d4d4ffffff,3,wrek_late_evening,DO
NCE,Bolt,10-20 km,873969a84ffffff,4,wked_day,DO
ORY,Bolt,20-30 km,871fb4674ffffff,4,wked_morning,DO
CDG,Bolt,40-50 km,871fb0962ffffff,6,wked_day,DO
FAO,Bolt,30-40 km,87391035affffff,6,wkd_morning,DO
BCN,Cabify,10-20 km,87394460effffff,50,wkd_morning,DO
BEY,Bolt,20-30 km,872db1b46ffffff,3,wkd_late_evening,DO
BER,Bolt,10-20 km,871f1d4d2ffffff,4,wked_day,DO
BOD,Bolt,30-40 km,87184dcb0ffffff,6,wkd_evening,PU
CPH,Bolt,10-20 km,871f05835ffffff,5,wkd_morning,DO
CPH,Bolt,10-20 km,871f05835ffffff,4,wrek_evening,DO
DUS,Bolt,20-30 km,871fa52abffffff,1,wkd_day,DO
DUS,Bolt,0-5 km,871fa5398ffffff,2,wkd_late_evening,DO
KRK,Bolt,10-20 km,871e2e6b1ffffff,2,wked_night,PU
LYS,Bolt,10-20 km,871f9025dffffff,2,wked_night,DO
MMX,Bolt,20-30 km,871f05b81ffffff,4,wkd_late_evening,DO
MPL,Bolt,10-20 km,87396c590ffffff,2,wkd_morning,DO
MUC,Bolt,30-40 km,871f8d44dffffff,7,wkd_day,DO
NTE,Bolt,10-20 km,871845841ffffff,6,wkd_day,DO
NCE,Bolt,10-20 km,873969a16ffffff,2,wkd_night,DO
ORY,Bolt,40-50 km,871fb0962ffffff,1,wkd_evening,DO
ARN,Bolt,50-60 km,8708829a4ffffff,4,wkd_day,DO
TLS,Bolt,10-20 km,8739601b0ffffff,4,wkd_evening,PU
TLS,Bolt,5-10 km,8739601b5ffffff,4,wrek_late_evening,DO
WRO,Bolt,10-20 km,871e2040cffffff,7,wkd_late_evening,PU
DXB,Bolt,20-30 km,8743a136affffff,6,wkd_day,PU
DXB,Bolt,10-20 km,8743acd8bffffff,3,wkd_morning,DO
DXB,Bolt,20-30 km,8743accc0ffffff,4,wked_morning,PU
DXB,Bolt,0-5 km,8743a136affffff,1,wrek_evening,PU
DXB,Bolt,10-20 km,8743acd9affffff,4,wked_night,DO
ATH,Bolt Taxi,10-20 km,873f74925ffffff,7,wkd_day,DO
FAO,Bolt,10-20 km,87391024bffffff,2,wkd_late_evening,PU
OTP,Bolt,5-10 km,871eec794ffffff,2,wkd_night,PU
CLJ,Bolt,10-20 km,871e0b382ffffff,2,wkd_night,PU
CGN,Bolt,10-20 km,871fa1998ffffff,2,wkd_evening,DO
CGN,Bolt,10-20 km,871fa18a4ffffff,1,wkd_day,DO
DBV,Bolt,20-30 km,871e8db40ffffff,7,wkd_late_evening,PU
DBV,Bolt,5-10 km,871ef6692ffffff,1,wkd_night,DO
HEL,Bolt,10-20 km,871126d15ffffff,3,wkd_morning,DO
MPL,Bolt,10-20 km,87396c593ffffff,2,wked_morning,DO
POZ,Bolt,10-20 km,871e24168ffffff,1,wkd_night,PU
PRG,Bolt,10-20 km,871e354adffffff,2,wkd_morning,DO
VLC,Cabify,5-10 km,8739540acffffff,2,wkd_night,PU
VNO,Bolt,0-5 km,871f40319ffffff,4,wkd_night,DO
WAW,Bolt,10-20 km,871f52261ffffff,1,wkd_night,DO
JED,Bolt,20-30 km,8753a952effffff,1,wked_morning,DO
CPH,Bolt,0-5 km,871f05833ffffff,1,wkd_night,DO
DOH,TaxiF Eco+,0-5 km,87536bc2effffff,1,wkd_night,DO
OSL,Bolt,10-20 km,870999398ffffff,1,wkd_day,DO
VNO,Bolt,0-5 km,871f40319ffffff,2,wked_day,DO
DXB,Bolt,5-10 km,8743accc0ffffff,1,wked_morning,PU
AGP,Bolt,20-30 km,873919584ffffff,1,wkd_morning,PU
DUR,BoltEco,0-5 km,87bcf5d28ffffff,1,wrek_evening,PU
LTN,Bolt,20-30 km,87195daf6ffffff,1,wkd_day,PU
MAN,Bolt,10-20 km,871951b72ffffff,4,wkd_evening,PU
FAO,Bolt,40-50 km,873911463ffffff,1,wked_night,DO
AMS,Bolt,20-30 km,871969c9dffffff,4,wrek_late_evening,PU
OTP,Bolt,10-20 km,871eeeb6bffffff,23,wked_morning,DO
AGP,Bolt,10-20 km,8739195b1ffffff,18,wrek_evening,PU
AGP,Cabify,5-10 km,8739195b1ffffff,3,wrek_late_evening,DO
NTE,Bolt,10-20 km,87184584effffff,5,wrek_evening,PU
ORY,Bolt,10-20 km,871fb4670ffffff,41,wked_morning,PU
CDG,Bolt,20-30 km,871fb4644ffffff,9,wked_morning,DO
PRG,Bolt,10-20 km,871e3541affffff,8,wrek_evening,DO
ARN,Bolt,40-50 km,87088661dffffff,31,wkd_late_evening,PU
FAO,Bolt,30-40 km,873911470ffffff,3,wked_day,DO
AMS,Bolt,10-20 km,871969c9bffffff,18,wkd_evening,PU
AMS,Bolt,10-20 km,871968269ffffff,6,wrek_late_evening,PU
AMS,Bolt,10-20 km,871969c9bffffff,1,wrek_late_evening,DO
BEY,Bolt,20-30 km,872da2796ffffff,2,wkd_night,DO
BOD,Bolt,10-20 km,87186b6cbffffff,5,wkd_night,DO
OTP,Bolt,20-30 km,871eeeb48ffffff,7,wkd_night,PU
CGN,Bolt,10-20 km,871fa18a2ffffff,6,wkd_evening,PU
CPH,Bolt,0-5 km,871f05822ffffff,1,wrek_late_evening,PU
DUS,Bolt,0-5 km,871fa52a6ffffff,2,wkd_day,PU
DUS,Bolt,30-40 km,871fa52b2ffffff,1,wkd_day,DO
FRA,Bolt,10-20 km,871faeaa8ffffff,23,wkd_day,PU
GOT,Bolt,30-40 km,871f2514bffffff,2,wkd_day,DO
MPL,Bolt,20-30 km,87396c5b0ffffff,3,wked_morning,DO
OSL,Bolt,50-60 km,870999382ffffff,2,wkd_night,DO
ORY,Bolt,10-20 km,871fb4670ffffff,8,wkd_morning,DO
CDG,Bolt,50-60 km,871fb0962ffffff,4,wked_morning,PU
DXB,Bolt,30-40 km,8743a131dffffff,2,wkd_morning,DO
NBO,Bolt Basic,20-30 km,877a6e429ffffff,4,wrek_late_evening,PU
AMS,Bolt,10-20 km,871969536ffffff,1,wkd_night,DO
BEY,Bolt,10-20 km,872da27b6ffffff,1,wkd_day,PU
FRA,Bolt,10-20 km,871faeaadffffff,3,wkd_late_evening,DO
HEL,Bolt,10-20 km,871126d22ffffff,2,wkd_day,PU
AGP,Cabify,5-10 km,8739195b1ffffff,23,wkd_evening,PU
GDN,Bolt,0-5 km,871f09b20ffffff,1,wkd_day,DO
VIE,Bolt,30-40 km,871e15b72ffffff,2,wkd_night,PU
DXB,Bolt,0-5 km,8743accaeffffff,1,wkd_morning,PU
AMS,Bolt,10-20 km,871969506ffffff,4,wkd_evening,PU
PRG,Bolt,20-30 km,871e3540effffff,2,wrek_late_evening,DO
KRK,Bolt,20-30 km,871e2e684ffffff,1,wked_morning,DO
LIS,Bolt,5-10 km,87393360dffffff,1,wked_morning,PU
MUC,Bolt,60-70 km,871f8d7a6ffffff,1,wked_day,PU
PRG,Bolt,0-5 km,871e35588ffffff,1,wkd_late_evening,PU
RTM,Bolt,10-20 km,87196bb50ffffff,1,wkd_day,DO
JED,Bolt,30-40 km,8753a9552ffffff,1,wkd_night,DO
SOU,Bolt,5-10 km,871959024ffffff,2,wked_night,DO
DUS,Bolt,30-40 km,871fa5a9dffffff,2,wrek_late_evening,DO
AGP,Cabify,10-20 km,8739195b1ffffff,28,wked_night,DO
NCE,Bolt,30-40 km,873969a41ffffff,2,wked_morning,PU
CDG,Bolt,40-50 km,871fb4670ffffff,23,wked_morning,PU
TLS,Bolt,5-10 km,8739601aeffffff,7,wrek_late_evening,PU
FAO,Bolt,20-30 km,8739102edffffff,4,wkd_morning,PU
AMS,Bolt,20-30 km,871969535ffffff,4,wkd_late_evening,PU
BCN,Cabify,10-20 km,873944601ffffff,3,wrek_evening,PU
BER,Bolt,10-20 km,871f18b2cffffff,4,wkd_day,PU
BOD,Bolt,40-50 km,87184c34bffffff,5,wkd_day,PU
OTP,Bolt,10-20 km,871eeeb43ffffff,1,wrek_late_evening,DO
CPH,Bolt,10-20 km,871f0598dffffff,3,wrek_late_evening,DO
LIS,Bolt,5-10 km,873933666ffffff,4,wkd_day,PU
LYS,Bolt,30-40 km,871f90228ffffff,4,wkd_day,DO
MUC,Bolt,40-50 km,871f8d7aeffffff,3,wked_morning,DO
NTE,Bolt,10-20 km,87184584cffffff,4,wkd_day,DO
OSL,Bolt,50-60 km,870999386ffffff,11,wkd_late_evening,PU
ORY,Bolt,10-20 km,871fb4674ffffff,4,wkd_late_evening,DO
PRG,Bolt,10-20 km,871e3541cffffff,9,wkd_evening,DO
PRG,Bolt,20-30 km,871e35494ffffff,1,wkd_morning,DO
PRG,Bolt,0-5 km,871e35418ffffff,10,wkd_day,PU
TLS,Bolt,10-20 km,873960181ffffff,6,wkd_day,DO
GDN,Bolt,10-20 km,871f7249bffffff,3,wkd_night,DO
GDN,Bolt,10-20 km,871f09b24ffffff,16,wkd_night,DO
VLC,Cabify,10-20 km,8739540adffffff,18,wkd_night,DO
VIE,Bolt,20-30 km,871e15b71ffffff,23,wkd_morning,PU
VNO,Bolt,0-5 km,871f40308ffffff,2,wkd_night,DO
DXB,Bolt,40-50 km,8743a1300ffffff,7,wkd_night,PU
DXB,Bolt,10-20 km,8743a136dffffff,4,wkd_night,PU
JNB,BoltEco,20-30 km,87bcc352cffffff,6,wkd_late_evening,PU
JED,Bolt,10-20 km,8753a9556ffffff,1,wkd_day,DO
FAO,Bolt,10-20 km,8739115a2ffffff,2,wkd_day,DO
AMS,Bolt,10-20 km,87196824dffffff,1,wkd_late_evening,PU
OTP,Bolt,0-5 km,871eec7b0ffffff,2,wked_day,DO
SXB,Bolt,20-30 km,871f8562affffff,2,wkd_day,DO
VLC,Cabify,10-20 km,8739540aaffffff,4,wkd_late_evening,DO
DXB,Bolt,40-50 km,8743a12e1ffffff,3,wkd_night,DO
DXB,Bolt,30-40 km,8743a1372ffffff,4,wkd_night,PU
DXB,Bolt,0-5 km,8743a136bffffff,1,wked_day,DO
AMS,Bolt,10-20 km,871969526ffffff,2,wkd_night,DO
CGN,Bolt,20-30 km,871fa1110ffffff,1,wked_day,DO
CPH,Bolt,20-30 km,871f05831ffffff,1,wked_day,DO
HEL,Bolt,20-30 km,870899698ffffff,1,wkd_late_evening,PU
KRK,Bolt,0-5 km,871e05b41ffffff,1,wkd_evening,DO
NCE,Bolt,20-30 km,873969a85ffffff,1,wked_day,DO
AMS,Bolt,40-50 km,87196909cffffff,1,wkd_morning,PU
GOT,Bolt,5-10 km,871f25a9effffff,1,wrek_late_evening,DO
SXB,Bolt,20-30 km,871f85601ffffff,1,wked_day,DO
BRS,Bolt,0-5 km,87195874cffffff,2,wkd_day,PU
EDI,Bolt,10-20 km,871972761ffffff,4,wkd_day,PU
NCL,Bolt,10-20 km,871973363ffffff,3,wked_morning,DO
AMS,Bolt,10-20 km,871969c9bffffff,7,wrek_evening,PU
KRK,Bolt,5-10 km,871e2e793ffffff,4,wkd_late_evening,PU
CGN,Bolt,30-40 km,871fa1136ffffff,3,wkd_day,PU
CPH,Bolt,10-20 km,871f05814ffffff,4,wkd_day,PU
DUS,Bolt,10-20 km,871fa52b3ffffff,9,wkd_evening,PU
GOT,Bolt,30-40 km,871f25a93ffffff,5,wkd_morning,PU
GOT,Bolt,30-40 km,871f25a93ffffff,8,wkd_day,PU
HEL,Bolt,20-30 km,871126dadffffff,5,wked_day,DO
LIS,Bolt,0-5 km,873933674ffffff,3,wkd_evening,DO
LYS,Bolt,10-20 km,871f902e8ffffff,4,wkd_day,DO
MRS,Bolt,30-40 km,87396800dffffff,3,wkd_night,PU
MRS,Bolt,20-30 km,873968bb5ffffff,3,wkd_late_evening,DO
MUC,Bolt,10-20 km,871f8d019ffffff,3,wkd_morning,DO
MUC,Bolt,30-40 km,871f8d44cffffff,6,wkd_late_evening,DO
NTE,Bolt,20-30 km,87184586effffff,5,wkd_day,PU
NTE,Bolt,5-10 km,87184584affffff,2,wked_day,PU
ORY,Bolt,10-20 km,871fb4662ffffff,8,wkd_night,DO
PRG,Bolt,0-5 km,871e35418ffffff,1,wkd_morning,PU
RTM,Bolt,5-10 km,87196ba22ffffff,4,wkd_morning,DO
ARN,Bolt,40-50 km,87088661dffffff,49,wkd_day,DO
VNO,Bolt,0-5 km,871f40308ffffff,2,wked_day,DO
WRO,Bolt,10-20 km,871e20408ffffff,33,wkd_evening,DO
DXB,Bolt,10-20 km,8743acd9affffff,5,wkd_night,PU
DXB,Bolt,20-30 km,8743acd9affffff,1,wkd_evening,PU
JNB,BoltEco,30-40 km,87bcc2360ffffff,3,wkd_day,DO
BCN,Cabify,30-40 km,873944675ffffff,2,wkd_morning,DO
DBV,Bolt,20-30 km,871e8db43ffffff,3,wkd_night,DO
DBV,Bolt,5-10 km,871e8da61ffffff,2,wkd_evening,PU
MLA,Bolt,10-20 km,873f30450ffffff,7,wked_morning,DO
ARN,Bolt,20-30 km,870886745ffffff,1,wkd_morning,DO
VLC,Cabify,10-20 km,873954085ffffff,2,wkd_night,DO
PLZ,BoltEco,5-10 km,87bc73859ffffff,1,wkd_morning,DO
CPH,Bolt,10-20 km,871f05806ffffff,3,wkd_day,DO
GOT,Bolt,0-5 km,871f25049ffffff,1,wkd_day,DO
LYS,Bolt,0-5 km,871f9025dffffff,1,wked_day,PU
PRG,Bolt,5-10 km,871e35418ffffff,1,wkd_morning,PU
ARN,Bolt,30-40 km,870886742ffffff,2,wked_day,DO
NCE,Bolt,10-20 km,873969a08ffffff,1,wkd_evening,DO
VNO,Bolt,10-20 km,871f40a8dffffff,1,wkd_night,PU
JNB,BoltEco,30-40 km,87bcc2360ffffff,1,wkd_morning,DO
ZRH,Bolt,10-20 km,871f8ed94ffffff,17,wked_day,DO
BHX,Bolt,5-10 km,87195c049ffffff,3,wkd_late_evening,PU
EMA,Bolt,10-20 km,87195cb24ffffff,1,wkd_day,DO
EDI,Bolt,0-5 km,871972773ffffff,1,wked_day,PU
KRK,Bolt,20-30 km,871e2e686ffffff,5,wrek_evening,PU
NTE,Bolt,10-20 km,87184584cffffff,2,wrek_evening,DO
SVQ,Cabify,10-20 km,87391c70affffff,7,wked_morning,DO
ABV,Bolt,20-30 km,8758f0d32ffffff,1,wked_night,DO
AMS,Bolt,10-20 km,871969c9bffffff,51,wkd_day,PU
AMS,Bolt,5-10 km,871969514ffffff,4,wkd_morning,DO
AMS,Bolt,5-10 km,871969511ffffff,4,wked_day,DO
BCN,Cabify,20-30 km,873944624ffffff,4,wkd_night,PU
OTP,Bolt,5-10 km,871eec790ffffff,3,wkd_day,PU
HEL,Bolt,10-20 km,871126d25ffffff,5,wkd_night,PU
HEL,Bolt,20-30 km,871126d00ffffff,3,wkd_morning,DO
HEL,Bolt,10-20 km,871126c26ffffff,1,wkd_morning,DO
MUC,Bolt,40-50 km,871f8d7a4ffffff,1,wked_day,PU
NCE,Bolt,0-5 km,873969a1cffffff,6,wkd_night,DO
OSL,Bolt,40-50 km,870999395ffffff,4,wkd_morning,PU
PRG,Bolt,10-20 km,871e3541effffff,53,wkd_day,PU
SVQ,Cabify,20-30 km,87391c281ffffff,4,wkd_evening,PU
SVQ,Cabify,0-5 km,87391c708ffffff,3,wked_day,PU
TLS,Bolt,10-20 km,873960189ffffff,2,wkd_late_evening,PU
VIE,Bolt,10-20 km,871e15b40ffffff,7,wkd_evening,PU
VIE,Bolt,0-5 km,871e15b71ffffff,2,wrek_evening,PU
WAW,Bolt,5-10 km,871f52261ffffff,119,wkd_day,DO
WRO,Bolt,10-20 km,871e20418ffffff,5,wkd_night,PU
JNB,BoltEco,30-40 km,87bcc3508ffffff,3,wked_day,DO
NBO,Bolt Basic,10-20 km,877a6e42dffffff,4,wkd_day,PU
JED,Bolt,10-20 km,8753a9572ffffff,5,wkd_morning,PU
JED,Bolt,0-5 km,8753a9cc1ffffff,2,wkd_night,DO
CLJ,Bolt,5-10 km,871e0b38cffffff,6,wkd_evening,PU
CLJ,Bolt,10-20 km,871e0b382ffffff,2,wked_night,DO
DBV,Bolt,10-20 km,871e8db4bffffff,11,wkd_morning,DO
KRK,Bolt,10-20 km,871e2e692ffffff,4,wkd_night,DO
RTM,Bolt,5-10 km,87196ba25ffffff,2,wkd_night,DO
TSR,Bolt,10-20 km,871e1928affffff,1,wkd_night,PU
DXB,Bolt,20-30 km,8743acd9dffffff,1,wked_day,PU
NBO,Bolt Basic,20-30 km,877a6e429ffffff,1,wkd_night,DO
FAO,Bolt,20-30 km,873910255ffffff,1,wked_morning,DO
NCE,Bolt,10-20 km,873969a08ffffff,2,wkd_late_evening,PU
GDN,Bolt,5-10 km,871f7248affffff,1,wkd_day,DO
NBO,Bolt Basic,30-40 km,877a6e470ffffff,1,wrek_late_evening,PU
OTP,Bolt,10-20 km,871eeeb4dffffff,2,wrek_late_evening,DO
GOT,Bolt,30-40 km,871f25a91ffffff,1,wkd_day,PU
NTE,Bolt,10-20 km,8718458edffffff,1,wkd_night,DO
GDN,Bolt,20-30 km,871f724aaffffff,1,wkd_day,PU
ZRH,Bolt,0-5 km,871f8eda2ffffff,4,wked_day,PU
SOU,Bolt,0-5 km,871959108ffffff,3,wrek_late_evening,PU
ZRH,Bolt,10-20 km,871f83a4dffffff,4,wkd_night,DO
ZRH,Bolt,20-30 km,871f8eca6ffffff,2,wkd_evening,PU
WAW,Bolt,5-10 km,871f53c93ffffff,24,wrek_evening,DO
DOH,TaxiF Eco+,10-20 km,87536bcccffffff,4,wkd_day,DO
HEL,Bolt,10-20 km,871126d33ffffff,12,wkd_night,PU
HEL,Bolt,20-30 km,871126d13ffffff,2,wkd_morning,DO
KRK,Bolt,10-20 km,871e2e6b0ffffff,2,wkd_night,DO
KRK,Bolt,5-10 km,871e2e6b1ffffff,2,wkd_day,DO
LIL,Bolt,5-10 km,87194d288ffffff,5,wkd_morning,DO
AGP,Bolt,20-30 km,8739195aaffffff,55,wkd_morning,DO
MRS,Bolt,20-30 km,873968152ffffff,12,wkd_late_evening,PU
NCE,Bolt,10-20 km,873969a85ffffff,7,wkd_day,DO
OSL,Bolt,0-5 km,87099924effffff,3,wkd_evening,PU
RTM,Bolt,5-10 km,87196bb56ffffff,5,wkd_day,DO
SVQ,Cabify,10-20 km,87391c708ffffff,6,wkd_morning,PU
ARN,Bolt,30-40 km,87088662dffffff,4,wkd_day,DO
ARN,Bolt,30-40 km,870886752ffffff,4,wkd_night,PU
VLC,Cabify,20-30 km,87395401affffff,6,wkd_morning,PU
VIE,Bolt,10-20 km,871e15b62ffffff,2,wkd_morning,DO
ATH,Bolt Taxi,30-40 km,871eda74effffff,26,wkd_morning,DO
ATH,Bolt Taxi,10-20 km,871eda282ffffff,6,wkd_day,DO
RUH,Bolt,10-20 km,8753736acffffff,3,wkd_night,DO
JED,Bolt,20-30 km,8753a955cffffff,8,wkd_night,DO
JED,Bolt,5-10 km,8753a9cdbffffff,1,wkd_night,DO
FAO,Bolt,5-10 km,873911580ffffff,1,wkd_day,DO
BCN,Cabify,0-5 km,873944602ffffff,1,wked_day,PU
CPH,Bolt,30-40 km,871f05919ffffff,2,wkd_late_evening,DO
CPH,Bolt,10-20 km,871f05831ffffff,1,wkd_late_evening,DO
DBV,Bolt,20-30 km,871e8db42ffffff,6,wkd_late_evening,PU
MRS,Bolt,10-20 km,873968170ffffff,1,wkd_night,DO
NTE,Bolt,20-30 km,871845841ffffff,1,wrek_late_evening,DO
POZ,Bolt,10-20 km,871e24a12ffffff,1,wked_day,PU
TLS,Bolt,0-5 km,8739601a0ffffff,2,wkd_evening,PU
VLC,Cabify,10-20 km,8739540adffffff,5,wked_morning,PU
AMS,Bolt,40-50 km,871969494ffffff,2,wkd_late_evening,PU
AMS,Bolt,5-10 km,871969536ffffff,1,wkd_night,PU
JED,Bolt,20-30 km,8753a9521ffffff,2,wkd_morning,DO
BCN,Cabify,10-20 km,87394460cffffff,1,wkd_day,DO
DUS,Bolt,20-30 km,871fa52a4ffffff,1,wkd_late_evening,PU
AGP,Bolt,5-10 km,8739195b1ffffff,21,wkd_morning,PU
ZRH,Bolt,30-40 km,871f83364ffffff,4,wrek_late_evening,PU
ZRH,Bolt,5-10 km,871f8edb1ffffff,4,wkd_day,PU
LTN,Bolt,5-10 km,87195db86ffffff,3,wkd_day,PU
LHR,Bolt,20-30 km,87194ad10ffffff,2,wkd_day,PU
BER,Bolt,20-30 km,871f1d4d6ffffff,4,wrek_late_evening,DO
CGN,Bolt,20-30 km,871fa1d4bffffff,3,wrek_late_evening,DO
FAO,Bolt,0-5 km,873911581ffffff,9,wkd_morning,DO
AMS,Bolt,20-30 km,871969c9bffffff,7,wkd_morning,PU
AMS,Bolt,0-5 km,8719695a1ffffff,2,wkd_late_evening,PU
BER,Bolt,30-40 km,871f1886affffff,3,wkd_morning,DO
BER,Bolt,20-30 km,871f1d48bffffff,19,wkd_morning,DO
OTP,Bolt,0-5 km,871eeeb6cffffff,1,wkd_night,PU
CPH,Bolt,0-5 km,871f0581cffffff,10,wkd_night,DO
CPH,Bolt,10-20 km,871f05831ffffff,7,wkd_night,DO
DOH,TaxiF Eco+,10-20 km,87536bce6ffffff,3,wked_night,DO
DUS,Bolt,50-60 km,871fa198effffff,2,wkd_evening,PU
LIL,Bolt,10-20 km,87194d29effffff,9,wkd_morning,DO
LIS,Bolt,30-40 km,8739337a1ffffff,6,wkd_morning,PU
OSL,Bolt,60-70 km,870999776ffffff,2,wkd_day,PU
SVQ,Cabify,5-10 km,87391c708ffffff,2,wrek_late_evening,DO
ARN,Bolt,40-50 km,870886615ffffff,3,wkd_late_evening,DO
TLS,Bolt,10-20 km,873960132ffffff,5,wkd_morning,DO
GDN,Bolt,5-10 km,871f724aaffffff,1,wkd_day,PU
VLC,Cabify,10-20 km,8739540a9ffffff,1,wrek_evening,DO
WRO,Bolt,10-20 km,871e2042bffffff,4,wkd_night,DO
DXB,Bolt,30-40 km,8743a1300ffffff,13,wkd_night,PU
DXB,Bolt,30-40 km,8743a130dffffff,1,wkd_day,PU
JED,Bolt,30-40 km,8753a952effffff,1,wkd_day,DO
SPX,Didi FLEX,10-20 km,873e62d68ffffff,2,wkd_late_evening,DO
CPH,Bolt,10-20 km,871f05835ffffff,2,wkd_night,PU
DOH,TaxiF Eco+,10-20 km,87536bce6ffffff,2,wkd_morning,DO
DOH,TaxiF Eco+,5-10 km,87536bc0effffff,1,wkd_night,DO
HEL,Bolt,20-30 km,871126d00ffffff,7,wkd_day,DO
HEL,Bolt,20-30 km,871126d15ffffff,2,wkd_evening,PU
LYS,Bolt,30-40 km,871f902e0ffffff,3,wkd_day,DO
POZ,Bolt,5-10 km,871e24b88ffffff,1,wkd_night,DO
PRG,Bolt,30-40 km,871e3541bffffff,2,wkd_morning,PU
NTE,Bolt,0-5 km,871845859ffffff,1,wkd_late_evening,PU
DBV,Bolt,0-5 km,871e8db43ffffff,1,wkd_late_evening,PU
DBV,Bolt,30-40 km,871ef2c20ffffff,2,wked_morning,PU
DUS,Bolt,20-30 km,871fa539bffffff,1,wkd_morning,DO
LIS,Bolt,5-10 km,873933666ffffff,1,wkd_morning,PU
LIS,Bolt,10-20 km,873933676ffffff,1,wkd_day,PU
NTE,Bolt,10-20 km,87184585effffff,1,wkd_day,DO
ZRH,Bolt,10-20 km,871f8ed91ffffff,6,wked_day,PU
CPH,Bolt,10-20 km,871f05831ffffff,14,wked_day,DO
LIS,Bolt,5-10 km,87393362dffffff,3,wrek_late_evening,DO
ARN,Bolt,50-60 km,87088661affffff,4,wked_morning,PU
WRO,Bolt,5-10 km,871e20404ffffff,5,wked_day,DO
JNB,BoltEco,0-5 km,87bcc2248ffffff,21,wked_day,DO
ABV,Bolt,40-50 km,8758f468effffff,3,wked_day,DO
FAO,Bolt,40-50 km,87391020bffffff,1,wkd_evening,PU
FAO,Bolt,5-10 km,873911583ffffff,5,wked_morning,DO
BOD,Bolt,20-30 km,87186b6c9ffffff,6,wkd_morning,PU
HEL,Bolt,30-40 km,871126d30ffffff,3,wkd_day,DO
MRS,Bolt,30-40 km,873968159ffffff,3,wked_day,DO
MUC,Bolt,30-40 km,871f8d46bffffff,4,wkd_day,DO
MUC,Bolt,40-50 km,871f8d7b4ffffff,1,wkd_day,PU
NCE,Bolt,10-20 km,873969a0dffffff,5,wkd_day,PU
NCE,Bolt,20-30 km,873969ab0ffffff,2,wkd_night,DO
CDG,Bolt,30-40 km,871fb4662ffffff,4,wkd_day,DO
GDN,Bolt,10-20 km,871f09b20ffffff,17,wkd_evening,DO
GDN,Bolt,20-30 km,871f09b1cffffff,3,wkd_morning,DO
VNO,Bolt,10-20 km,871f40306ffffff,3,wkd_night,PU
WRO,Bolt,10-20 km,871e20401ffffff,9,wkd_night,PU
WRO,Bolt,5-10 km,871e20408ffffff,1,wkd_late_evening,PU
DXB,Bolt,20-30 km,8743a1372ffffff,7,wked_morning,PU
DUR,BoltEco,30-40 km,87bcf5911ffffff,2,wkd_night,DO
DUR,BoltEco,5-10 km,87bcf5d2affffff,1,wkd_morning,PU
JED,Bolt,5-10 km,8753a9cd9ffffff,2,wrek_late_evening,DO
BEY,Bolt,5-10 km,872da24c0ffffff,1,wkd_morning,DO
CGN,Bolt,60-70 km,871f125b5ffffff,3,wkd_day,PU
GOT,Bolt,0-5 km,871f25a9effffff,1,wrek_late_evening,DO
HEL,Bolt,10-20 km,871126d50ffffff,3,wkd_morning,DO
GDN,Bolt,10-20 km,871f72488ffffff,3,wkd_night,PU
VIE,Bolt,10-20 km,871e0299affffff,1,wkd_day,PU
DXB,Bolt,5-10 km,8743acd99ffffff,2,wkd_night,DO
JNB,BoltEco,5-10 km,87bcc2248ffffff,5,wkd_late_evening,PU
PRG,Bolt,10-20 km,871e35418ffffff,3,wked_morning,PU
JNB,BoltEco,0-5 km,87bcc2248ffffff,2,wkd_night,DO
DUR,BoltEco,40-50 km,87bc1b282ffffff,1,wkd_morning,PU
DOH,TaxiF Eco+,20-30 km,87536bc8affffff,2,wked_night,DO
LIS,Bolt,20-30 km,8739337a9ffffff,1,wkd_late_evening,PU
SXB,Bolt,10-20 km,871f85624ffffff,1,wkd_day,DO
NBO,Bolt Basic,10-20 km,877a6e428ffffff,1,wkd_late_evening,DO
ZRH,Bolt,20-30 km,871f83a0bffffff,4,wkd_night,DO
ZRH,Bolt,5-10 km,871f8ed95ffffff,23,wkd_morning,DO
EDI,Bolt,5-10 km,871972740ffffff,1,wrek_late_evening,PU
LIL,Bolt,10-20 km,87194d298ffffff,4,wrek_late_evening,PU
LYS,Bolt,30-40 km,871f9020bffffff,9,wked_day,DO
MAD,Cabify,5-10 km,87390cb5affffff,5,wkd_night,PU
NCE,Bolt,20-30 km,873969b9affffff,4,wrek_evening,PU
VIE,Bolt,20-30 km,871e15b72ffffff,4,wked_day,DO
VIE,Bolt,10-20 km,871e15b44ffffff,13,wrek_late_evening,DO
VNO,Bolt,5-10 km,871f4030cffffff,9,wrek_evening,DO
DUR,BoltEco,10-20 km,87bc1b6c8ffffff,4,wrek_evening,DO
NBO,Bolt Basic,20-30 km,877a6e429ffffff,11,wkd_late_evening,PU
FAO,Bolt,20-30 km,87391025affffff,3,wkd_morning,DO
AMS,Bolt,20-30 km,871969c9bffffff,32,wkd_day,PU
AMS,Bolt,30-40 km,871969526ffffff,2,wrek_evening,DO
CPH,Bolt,5-10 km,871f05822ffffff,2,wkd_night,DO
DUS,Bolt,0-5 km,871fa5399ffffff,5,wkd_day,PU
FRA,Bolt,20-30 km,871faea1effffff,2,wked_morning,DO
HEL,Bolt,20-30 km,87089969dffffff,2,wkd_night,DO
MAD,Cabify,10-20 km,87390ca35ffffff,16,wkd_night,PU
NTE,Bolt,10-20 km,87184585affffff,10,wkd_late_evening,DO
NTE,Bolt,10-20 km,871845846ffffff,3,wkd_day,DO
NCE,Bolt,5-10 km,873969a0cffffff,23,wkd_night,DO
CDG,Bolt,30-40 km,871fb4662ffffff,12,wkd_morning,DO
RTM,Bolt,20-30 km,87196b84cffffff,3,wkd_late_evening,DO
ARN,Bolt,10-20 km,8708862b1ffffff,4,wkd_night,DO
TLS,Bolt,10-20 km,8739601adffffff,4,wkd_evening,DO
TLS,Bolt,20-30 km,873960013ffffff,3,wrek_late_evening,PU
GDN,Bolt,20-30 km,871f725aaffffff,2,wrek_late_evening,DO
VIE,Bolt,0-5 km,871e15b46ffffff,2,wkd_day,DO
ATH,Bolt Taxi,40-50 km,871eda753ffffff,5,wkd_evening,DO
JED,Bolt,10-20 km,8753a9ce5ffffff,5,wked_morning,DO
BCN,Cabify,10-20 km,873944611ffffff,3,wkd_evening,PU
BCN,Cabify,0-5 km,87394461dffffff,1,wkd_evening,PU
CLJ,Bolt,10-20 km,871e0b39dffffff,3,wked_morning,DO
MPL,Bolt,5-10 km,87396c59effffff,2,wkd_day,PU
NTE,Bolt,10-20 km,8718458edffffff,4,wked_day,DO
NCE,Bolt,20-30 km,873969a71ffffff,3,wkd_morning,DO
NCE,Bolt,30-40 km,873969a08ffffff,1,wkd_morning,DO
ORY,Bolt,50-60 km,871fb0962ffffff,5,wkd_night,PU
DUR,BoltEco,10-20 km,87bc1b6ecffffff,3,wkd_evening,PU
RUH,Bolt,10-20 km,87537361effffff,1,wkd_late_evening,DO
RUH,Bolt,20-30 km,8753736a8ffffff,3,wked_morning,PU
OSL,Bolt,0-5 km,870999381ffffff,1,wkd_late_evening,PU
ARN,Bolt,30-40 km,87088660dffffff,1,wkd_morning,DO
OTP,Bolt,20-30 km,871eeeb6bffffff,1,wked_day,DO
OSL,Bolt,50-60 km,870999382ffffff,1,wked_morning,DO
DWC,Bolt,20-30 km,8743a130dffffff,1,wkd_night,DO
ZRH,Bolt,0-5 km,871f8ed95ffffff,3,wkd_morning,DO
ZRH,Bolt,0-5 km,871f83364ffffff,1,wrek_late_evening,PU
ZRH,Bolt,20-30 km,871f8336cffffff,1,wkd_morning,DO
AMS,Bolt,10-20 km,871969531ffffff,6,wked_morning,DO
LIS,Bolt,40-50 km,8739330f4ffffff,8,wked_day,PU
AGP,Bolt,10-20 km,8739182dbffffff,45,wked_night,DO
MPL,Bolt,5-10 km,87396c495ffffff,4,wked_day,DO
SVQ,Cabify,5-10 km,87391c708ffffff,11,wked_morning,PU
SVQ,Cabify,5-10 km,87391c708ffffff,11,wrek_evening,DO
GDN,Bolt,20-30 km,871f7249bffffff,1,wkd_night,PU
FAO,Bolt,5-10 km,87391158effffff,11,wkd_day,DO
AMS,Bolt,10-20 km,87196951effffff,3,wkd_day,PU
AMS,Bolt,5-10 km,8719695adffffff,5,wkd_morning,DO
BCN,Cabify,10-20 km,87394460effffff,20,wrek_late_evening,PU
BER,Bolt,40-50 km,871f18969ffffff,4,wkd_late_evening,DO
CGN,Bolt,20-30 km,871fa1d4dffffff,4,wkd_morning,PU
CPH,Bolt,10-20 km,871f05988ffffff,2,wkd_day,DO
DOH,TaxiF Eco+,10-20 km,87536bc1effffff,2,wkd_night,DO
KRK,Bolt,20-30 km,871e2e680ffffff,3,wkd_night,PU
KRK,Bolt,10-20 km,871e2e6b2ffffff,3,wkd_night,DO
MUC,Bolt,20-30 km,871f8d722ffffff,3,wkd_morning,DO
OSL,Bolt,60-70 km,8709993a6ffffff,2,wkd_day,DO
SVQ,Cabify,0-5 km,87391c708ffffff,7,wkd_morning,DO
SVQ,Cabify,5-10 km,87391c755ffffff,3,wkd_late_evening,DO
ARN,Bolt,30-40 km,87088661dffffff,4,wkd_evening,PU
TLS,Bolt,20-30 km,873960c69ffffff,3,wkd_day,PU
GDN,Bolt,10-20 km,871f72488ffffff,1,wrek_late_evening,DO
VIE,Bolt,30-40 km,871e15b73ffffff,2,wkd_day,DO
DXB,Bolt,0-5 km,8743a1368ffffff,2,wkd_day,PU
DXB,Bolt,30-40 km,8743a1323ffffff,3,wkd_day,DO
DXB,Bolt,20-30 km,8743a130cffffff,3,wked_morning,DO
ATH,Bolt Taxi,30-40 km,871eda75dffffff,59,wkd_day,DO
ATH,Bolt Taxi,30-40 km,871eda75affffff,5,wked_day,PU
JED,Bolt,10-20 km,8753a9555ffffff,5,wkd_day,PU
BCN,Cabify,20-30 km,87394460affffff,2,wkd_morning,DO
DOH,TaxiF Eco+,20-30 km,87536bc04ffffff,6,wkd_day,DO
AGP,Bolt,5-10 km,8739195b1ffffff,24,wkd_evening,PU
VNO,Bolt,5-10 km,871f40301ffffff,6,wkd_night,DO
VNO,Bolt,0-5 km,871f40319ffffff,2,wkd_morning,DO
DXB,Bolt,40-50 km,8743a1328ffffff,2,wkd_day,PU
NBO,Bolt Basic,20-30 km,877a6e429ffffff,1,wrek_evening,DO
JED,Bolt,0-5 km,8753a9542ffffff,1,wkd_night,DO
GDN,Bolt,20-30 km,871f725a8ffffff,1,wkd_late_evening,DO
DUR,BoltEco,30-40 km,87bc1b66affffff,1,wkd_morning,DO
CLJ,Bolt,10-20 km,871e0b383ffffff,1,wked_day,DO
DBV,Bolt,0-5 km,871ef2c22ffffff,1,wrek_evening,PU
KRK,Bolt,20-30 km,871e2e6a2ffffff,1,wkd_day,DO
PRG,Bolt,20-30 km,871e354adffffff,1,wkd_late_evening,PU
SOU,Bolt,20-30 km,871959b99ffffff,2,wkd_morning,DO
CWL,Bolt,10-20 km,8719586b4ffffff,1,wkd_day,DO
SOU,Bolt,0-5 km,87195910bffffff,2,wkd_day,DO
EDI,Bolt,10-20 km,871972765ffffff,3,wked_night,DO
NCL,Bolt,5-10 km,871973215ffffff,2,wkd_day,PU
KRK,Bolt,10-20 km,871e2e6b1ffffff,40,wked_morning,DO
ORY,Bolt,40-50 km,871fb0962ffffff,12,wrek_late_evening,PU
VNO,Bolt,10-20 km,871f4030cffffff,9,wrek_late_evening,PU
DXB,Bolt,10-20 km,8743a136bffffff,4,wked_day,DO
AMS,Bolt,5-10 km,871969511ffffff,2,wkd_late_evening,PU
AMS,Bolt,20-30 km,871969522ffffff,2,wkd_late_evening,PU
BCN,Cabify,10-20 km,87394460effffff,23,wkd_evening,DO
BER,Bolt,30-40 km,871f1d486ffffff,2,wkd_night,PU
OTP,Bolt,5-10 km,871eec790ffffff,4,wkd_late_evening,DO
DUS,Bolt,20-30 km,871fa5058ffffff,8,wkd_late_evening,PU
GOT,Bolt,20-30 km,871f25a98ffffff,2,wkd_late_evening,DO
HEL,Bolt,20-30 km,870899695ffffff,1,wkd_day,PU
LIS,Bolt,20-30 km,8739337a9ffffff,4,wkd_night,DO
LYS,Bolt,20-30 km,871f90209ffffff,3,wkd_night,DO
LYS,Bolt,30-40 km,871f90209ffffff,7,wked_morning,DO
MUC,Bolt,30-40 km,871f8d7a5ffffff,4,wked_day,PU
NCE,Bolt,30-40 km,87396914cffffff,3,wkd_day,DO
GDN,Bolt,10-20 km,871f09b35ffffff,5,wkd_night,DO
VIE,Bolt,10-20 km,871e15b40ffffff,3,wked_day,PU
DXB,Bolt,20-30 km,8743acd9affffff,1,wked_day,PU
DUR,BoltEco,10-20 km,87bc1b6c1ffffff,1,wkd_evening,PU
JED,Bolt,10-20 km,8753a9575ffffff,4,wked_night,DO
BER,Bolt,30-40 km,871f1d4f6ffffff,3,wkd_morning,PU
BER,Bolt,10-20 km,871f18b2cffffff,2,wkd_morning,PU
OTP,Bolt,20-30 km,871eeeb41ffffff,2,wkd_day,DO
CLJ,Bolt,10-20 km,871e0b383ffffff,2,wkd_night,PU
DBV,Bolt,20-30 km,871e8db46ffffff,2,wrek_evening,PU
LIS,Bolt,20-30 km,8739332b2ffffff,2,wkd_morning,DO
NTE,Bolt,5-10 km,87184585dffffff,1,wkd_evening,DO
SXB,Bolt,20-30 km,871f85600ffffff,1,wkd_late_evening,DO
GDN,Bolt,0-5 km,871f7248affffff,1,wkd_morning,DO
VNO,Bolt,5-10 km,871f4030effffff,2,wked_day,DO
DXB,Bolt,20-30 km,8743a136affffff,2,wked_day,PU
PLZ,BoltEco,0-5 km,87bc73ba4ffffff,1,wkd_morning,DO
PLZ,BoltEco,10-20 km,87bc73849ffffff,2,wkd_day,PU
ATH,Bolt Taxi,10-20 km,871eda29cffffff,2,wkd_night,DO
NBO,Bolt Basic,30-40 km,877a6e412ffffff,2,wkd_evening,PU
JED,Bolt,10-20 km,8753a9cd8ffffff,2,wked_morning,PU
HEL,Bolt,5-10 km,871126d74ffffff,2,wkd_late_evening,DO
JNB,BoltEco,5-10 km,87bcc224dffffff,2,wkd_evening,DO
RUH,Bolt,20-30 km,875354a5dffffff,1,wkd_night,DO
LYS,Bolt,40-50 km,871f90228ffffff,1,wkd_day,DO
NCE,Bolt,5-10 km,873969a0dffffff,1,wked_day,DO
ORY,Bolt,40-50 km,871fb0962ffffff,1,wrek_evening,DO
ZRH,Bolt,5-10 km,871f8ed95ffffff,3,wkd_day,DO
AMS,Bolt,20-30 km,871969c98ffffff,4,wrek_evening,DO
BOD,Bolt,20-30 km,87186b6ceffffff,2,wked_day,PU
MAD,Cabify,5-10 km,87390cb5affffff,22,wked_day,PU
MUC,Bolt,0-5 km,871f8d44affffff,2,wrek_late_evening,PU
FAO,Bolt,40-50 km,87391020affffff,7,wrek_evening,PU
BEY,Bolt,5-10 km,872da24e3ffffff,3,wkd_late_evening,PU
BEY,Bolt,5-10 km,872da24e5ffffff,2,wked_night,DO
BOD,Bolt,10-20 km,87186b6caffffff,11,wkd_morning,DO
CGN,Bolt,10-20 km,871fa1884ffffff,3,wkd_day,PU
DOH,TaxiF Eco+,10-20 km,87536bc03ffffff,15,wked_night,DO
GOT,Bolt,20-30 km,871f25069ffffff,2,wkd_late_evening,DO
HEL,Bolt,5-10 km,871126d76ffffff,4,wkd_night,PU
LIS,Bolt,5-10 km,873933676ffffff,57,wkd_day,PU
LYS,Bolt,30-40 km,871f9035bffffff,3,wrek_evening,DO
LYS,Bolt,30-40 km,871f90209ffffff,1,wrek_late_evening,PU
AGP,Bolt,10-20 km,8739182dbffffff,89,wkd_night,DO
MMX,Bolt,20-30 km,871f05b84ffffff,2,wkd_day,PU
NCE,Bolt,10-20 km,873969a85ffffff,2,wked_day,DO
CDG,Bolt,30-40 km,871fb4670ffffff,32,wkd_day,PU
CDG,Bolt,10-20 km,871fb466dffffff,4,wkd_night,DO
PRG,Bolt,20-30 km,871e354f4ffffff,13,wkd_morning,DO
GDN,Bolt,20-30 km,871f7258bffffff,2,wkd_late_evening,DO
GDN,Bolt,10-20 km,871f7248effffff,5,wkd_night,PU
VLC,Cabify,10-20 km,8739540f4ffffff,1,wkd_day,PU
VIE,Bolt,30-40 km,871e15b65ffffff,1,wkd_day,DO
VNO,Bolt,10-20 km,871f4032bffffff,3,wkd_morning,DO
NBO,Bolt Basic,10-20 km,877a6e429ffffff,2,wkd_night,DO
NBO,Bolt Basic,30-40 km,877a6e56affffff,5,wkd_night,PU
MUC,Bolt,40-50 km,871f8d45bffffff,3,wrek_late_evening,DO
SXB,Bolt,10-20 km,871f85605ffffff,2,wkd_morning,PU
JNB,BoltEco,20-30 km,87bcc35a9ffffff,3,wkd_late_evening,PU
DUR,BoltEco,30-40 km,87bc1b644ffffff,3,wkd_evening,PU
PLZ,BoltEco,0-5 km,87bc73ba4ffffff,2,wkd_day,DO
ATH,Bolt Taxi,20-30 km,871eda651ffffff,3,wkd_evening,PU
CPH,Bolt,10-20 km,871f05813ffffff,1,wkd_morning,DO
HEL,Bolt,20-30 km,871126d26ffffff,1,wkd_day,DO
LIL,Bolt,5-10 km,8719498c6ffffff,2,wked_morning,PU
SVQ,Cabify,5-10 km,87391c70bffffff,1,wkd_night,PU
FAO,Bolt,40-50 km,873910231ffffff,2,wked_day,PU
BOD,Bolt,10-20 km,87184dd64ffffff,1,wkd_day,DO
DBV,Bolt,20-30 km,871e8da61ffffff,1,wked_day,PU
LIL,Bolt,30-40 km,87194d29cffffff,1,wkd_late_evening,PU
BCN,Cabify,10-20 km,87394460affffff,5,wked_morning,PU
GDN,Bolt,10-20 km,871f09b24ffffff,11,wked_day,DO
NBO,Bolt Basic,20-30 km,877a6e429ffffff,4,wked_day,DO
FAO,Bolt,0-5 km,873911595ffffff,3,wkd_night,DO
FAO,Bolt,5-10 km,87391158effffff,3,wrek_late_evening,PU
AMS,Bolt,10-20 km,871968248ffffff,7,wkd_day,PU
BER,Bolt,20-30 km,871f1d489ffffff,6,wkd_night,DO
CGN,Bolt,10-20 km,871fa198effffff,1,wkd_night,PU
HEL,Bolt,0-5 km,871126d29ffffff,3,wkd_night,PU
LIS,Bolt,5-10 km,87393375bffffff,2,wkd_late_evening,DO
LIS,Bolt,5-10 km,87393375bffffff,2,wrek_evening,PU
LYS,Bolt,20-30 km,871f90256ffffff,3,wkd_day,PU
MRS,Bolt,20-30 km,87396802cffffff,10,wkd_day,DO
NCE,Bolt,5-10 km,873969a08ffffff,11,wkd_night,PU
NCE,Bolt,10-20 km,873969a86ffffff,2,wkd_evening,DO
NCE,Bolt,20-30 km,873969a40ffffff,6,wkd_evening,DO
CDG,Bolt,30-40 km,871fb475affffff,3,wkd_evening,PU
PRG,Bolt,0-5 km,871e3541effffff,3,wkd_morning,PU
SVQ,Cabify,60-70 km,87391c708ffffff,1,wkd_morning,DO
ARN,Bolt,40-50 km,870886603ffffff,4,wkd_night,DO
TLS,Bolt,5-10 km,8739601aaffffff,2,wkd_day,DO
TLS,Bolt,5-10 km,8739601b4ffffff,3,wkd_late_evening,PU
TLS,Bolt,10-20 km,8739601a9ffffff,3,wkd_evening,DO
GDN,Bolt,10-20 km,871f72480ffffff,5,wkd_morning,DO
GDN,Bolt,10-20 km,871f09b22ffffff,4,wkd_night,DO
VLC,Cabify,20-30 km,8739540f4ffffff,3,wkd_day,PU
VIE,Bolt,20-30 km,871e15b68ffffff,4,wkd_day,DO
WRO,Bolt,10-20 km,871e2042bffffff,4,wkd_late_evening,DO
DXB,Bolt,20-30 km,8743a136effffff,10,wkd_morning,PU
ATH,Bolt Taxi,5-10 km,871eda743ffffff,1,wkd_night,PU
NBO,Bolt Basic,10-20 km,877a6e42cffffff,3,wkd_evening,PU
RUH,Bolt,30-40 km,875355d35ffffff,3,wkd_day,DO
FAO,Bolt,0-5 km,873911580ffffff,2,wked_morning,DO
BOD,Bolt,0-5 km,87186b6daffffff,3,wkd_late_evening,DO
BOD,Bolt,10-20 km,87186b6c8ffffff,2,wkd_morning,DO
DBV,Bolt,10-20 km,871e8db4bffffff,13,wkd_day,DO
FRA,Bolt,20-30 km,871fae144ffffff,3,wkd_late_evening,DO
HEL,Bolt,10-20 km,871126d05ffffff,2,wkd_morning,DO
MAD,Cabify,30-40 km,87390cb8bffffff,2,wkd_evening,PU
MLA,Bolt,10-20 km,873f304e6ffffff,1,wked_day,DO
KTW,Bolt,50-60 km,871e232dcffffff,8,wkd_evening,DO
SXB,Bolt,10-20 km,871f85600ffffff,5,wkd_late_evening,DO
DXB,Bolt,0-5 km,8743acca2ffffff,5,wkd_night,PU
AMS,Bolt,40-50 km,87196909cffffff,1,wkd_day,PU
GOT,Bolt,10-20 km,871f25a8bffffff,1,wked_day,PU
KRK,Bolt,0-5 km,871e2e6aeffffff,1,wrek_late_evening,DO
AGP,Cabify,0-5 km,8739195b1ffffff,1,wked_night,DO
MUC,Bolt,70-80 km,871f8d45bffffff,1,wkd_day,PU
GDN,Bolt,20-30 km,871f72589ffffff,1,wkd_night,DO
DXB,Bolt,10-20 km,8743a1300ffffff,1,wkd_day,DO
EDI,Bolt,5-10 km,871972763ffffff,5,wkd_morning,DO
BRS,Bolt,10-20 km,871958391ffffff,2,wked_night,DO
ZRH,Bolt,10-20 km,871f83a6effffff,4,wkd_night,PU
ZRH,Bolt,10-20 km,871f8ed9dffffff,4,wkd_day,DO
BRS,Bolt,0-5 km,871958230ffffff,2,wkd_day,DO
MAN,Bolt,5-10 km,871951a2dffffff,2,wkd_day,PU
AMS,Bolt,10-20 km,871969535ffffff,21,wkd_late_evening,PU
BEY,Bolt,20-30 km,872da2785ffffff,2,wkd_late_evening,PU
DUS,Bolt,5-10 km,871fa52b5ffffff,2,wrek_late_evening,PU
LIS,Bolt,20-30 km,873933611ffffff,2,wrek_evening,PU
LYS,Bolt,30-40 km,871f90276ffffff,3,wked_day,PU
MRS,Bolt,20-30 km,873968172ffffff,3,wked_morning,DO
CDG,Bolt,40-50 km,871fb0962ffffff,12,wrek_late_evening,PU
ABV,Bolt,40-50 km,8758f479affffff,2,wkd_night,DO
AMS,Bolt,10-20 km,871969522ffffff,5,wkd_evening,DO
BCN,Cabify,20-30 km,87394460cffffff,8,wkd_night,DO
BOD,Bolt,30-40 km,87186b6c8ffffff,1,wkd_evening,PU
OTP,Bolt,20-30 km,871eeeb40ffffff,8,wkd_night,DO
DUS,Bolt,5-10 km,871fa52b0ffffff,2,wked_night,DO
HEL,Bolt,10-20 km,87089968affffff,2,wkd_late_evening,DO
KRK,Bolt,20-30 km,871e2e685ffffff,4,wkd_night,DO
LIS,Bolt,5-10 km,87393362dffffff,20,wkd_evening,PU
LIS,Bolt,40-50 km,873915d2effffff,2,wked_day,PU
LYS,Bolt,10-20 km,871f9025affffff,1,wkd_evening,PU
NTE,Bolt,5-10 km,87184585dffffff,3,wkd_night,DO
NCE,Bolt,5-10 km,873969a11ffffff,2,wkd_morning,PU
CDG,Bolt,30-40 km,871fb4675ffffff,8,wkd_night,PU
SVQ,Cabify,10-20 km,87391c70effffff,4,wkd_day,PU
SVQ,Cabify,5-10 km,87391c708ffffff,23,wkd_evening,PU
ARN,Bolt,30-40 km,870886603ffffff,4,wkd_late_evening,PU
TLS,Bolt,0-5 km,8739601a0ffffff,4,wkd_evening,DO
GDN,Bolt,5-10 km,871f72416ffffff,1,wked_morning,DO
VLC,Cabify,5-10 km,8739540acffffff,6,wkd_morning,DO
VIE,Bolt,20-30 km,871e15b62ffffff,3,wkd_evening,PU
VNO,Bolt,5-10 km,871f40308ffffff,9,wkd_evening,DO
WRO,Bolt,5-10 km,871e20435ffffff,6,wkd_day,DO
WRO,Bolt,5-10 km,871e2040cffffff,5,wkd_morning,DO
BEY,Bolt,30-40 km,872da27aeffffff,3,wkd_night,DO
BER,Bolt,40-50 km,871f1886affffff,2,wkd_morning,DO
DBV,Bolt,10-20 km,871e8db4bffffff,2,wrek_evening,DO
FRA,Bolt,10-20 km,871faeaa5ffffff,3,wkd_night,DO
LYS,Bolt,20-30 km,871f9020cffffff,1,wkd_evening,PU
MUC,Bolt,30-40 km,871f8d448ffffff,2,wkd_morning,DO
MUC,Bolt,30-40 km,871f8d44dffffff,3,wkd_late_evening,PU
NCE,Bolt,10-20 km,873969ab2ffffff,1,wkd_day,PU
ORY,Bolt,10-20 km,871fb4644ffffff,2,wkd_late_evening,DO
ARN,Bolt,30-40 km,87088660effffff,3,wkd_evening,PU
TSR,Bolt,0-5 km,871e192f0ffffff,1,wrek_late_evening,DO
VLC,Cabify,10-20 km,87395401effffff,2,wkd_morning,PU
VIE,Bolt,20-30 km,871e15b72ffffff,2,wkd_late_evening,PU
AMS,Bolt,10-20 km,871969503ffffff,2,wkd_morning,PU
BOD,Bolt,5-10 km,87186b6dbffffff,1,wkd_late_evening,PU
CGN,Bolt,5-10 km,871fa189dffffff,2,wkd_night,PU
CGN,Bolt,30-40 km,871fa1984ffffff,1,wkd_evening,DO
ARN,Bolt,5-10 km,8708866d4ffffff,1,wkd_night,PU
JED,Bolt,5-10 km,8753a9cdeffffff,1,wkd_morning,DO
EDI,Bolt,10-20 km,871972765ffffff,5,wkd_evening,PU
EMA,Bolt,10-20 km,8719434d0ffffff,2,wkd_late_evening,PU
EDI,Bolt,0-5 km,871972742ffffff,1,wkd_late_evening,PU
OTP,Bolt,20-30 km,871eeeb74ffffff,3,wked_night,DO
FRA,Bolt,10-20 km,871faea1affffff,3,wked_morning,DO
VIE,Bolt,20-30 km,871e15b75ffffff,3,wked_day,DO
ATH,Bolt Taxi,40-50 km,871eda752ffffff,1,wrek_late_evening,DO
FAO,Bolt,5-10 km,8739115a3ffffff,2,wkd_morning,DO
AMS,Bolt,10-20 km,871969530ffffff,5,wrek_evening,DO
BEY,Bolt,5-10 km,872da24e1ffffff,9,wkd_night,PU
BEY,Bolt,10-20 km,872da24e1ffffff,5,wkd_late_evening,PU
BER,Bolt,20-30 km,871f1d489ffffff,4,wked_morning,DO
BOD,Bolt,20-30 km,87186b6cbffffff,2,wkd_late_evening,PU
OTP,Bolt,10-20 km,871eeeb6bffffff,15,wrek_late_evening,PU
CPH,Bolt,0-5 km,871f05830ffffff,1,wked_morning,DO
DOH,TaxiF Eco+,5-10 km,87536bce4ffffff,4,wkd_night,DO
DUS,Bolt,10-20 km,871fa52b0ffffff,4,wkd_evening,DO
FRA,Bolt,10-20 km,871faeaf6ffffff,4,wkd_day,PU
LIS,Bolt,30-40 km,8739337a1ffffff,14,wkd_evening,PU
LYS,Bolt,30-40 km,871f9020bffffff,15,wkd_day,DO
LYS,Bolt,20-30 km,871f9020bffffff,5,wked_day,DO
AGP,Bolt,10-20 km,8739195b1ffffff,69,wkd_day,PU
MRS,Bolt,20-30 km,873968152ffffff,4,wked_night,DO
MPL,Bolt,20-30 km,87396c41dffffff,1,wkd_morning,DO
MUC,Bolt,40-50 km,871f8d7acffffff,9,wkd_day,DO
MUC,Bolt,30-40 km,871f8d44dffffff,4,wkd_morning,DO
OSL,Bolt,50-60 km,8709993aeffffff,4,wkd_day,PU
OSL,Bolt,50-60 km,870999766ffffff,3,wkd_late_evening,DO
JNB,BoltEco,30-40 km,87bcc350cffffff,2,wkd_morning,PU
DUR,BoltEco,10-20 km,87bc1b6e8ffffff,6,wked_day,DO
ATH,Bolt Taxi,30-40 km,871eda743ffffff,4,wkd_evening,PU
ATH,Bolt Taxi,10-20 km,873f74925ffffff,5,wrek_evening,DO
ATH,Bolt Taxi,10-20 km,871eda280ffffff,8,wked_day,DO
WIL,Bolt Basic,5-10 km,877a6e429ffffff,4,wked_day,DO
JED,Bolt,20-30 km,8753a9525ffffff,4,wked_morning,DO
JED,Bolt,10-20 km,8753a9cd8ffffff,9,wked_day,PU
DBV,Bolt,10-20 km,871e8db43ffffff,9,wked_morning,DO
HEL,Bolt,20-30 km,871126d34ffffff,4,wkd_late_evening,DO
MRS,Bolt,20-30 km,873968bb4ffffff,4,wkd_day,PU
RTM,Bolt,5-10 km,87196bb11ffffff,3,wkd_day,PU
ARN,Bolt,0-5 km,87088666dffffff,1,wkd_morning,DO
SXB,Bolt,30-40 km,871f85465ffffff,4,wrek_evening,PU
TSR,Bolt,10-20 km,871e19281ffffff,3,wkd_late_evening,PU
TLS,Bolt,10-20 km,87396018effffff,3,wkd_day,DO
PLZ,BoltEco,5-10 km,87bc73ba0ffffff,1,wkd_morning,PU
DOH,TaxiF Eco+,10-20 km,87536bc00ffffff,1,wkd_morning,DO
FRA,Bolt,10-20 km,871faeaf1ffffff,2,wkd_night,DO
GOT,Bolt,20-30 km,871f2506bffffff,2,wked_morning,DO
LYS,Bolt,0-5 km,871f9025affffff,1,wkd_day,PU
FAO,Bolt,10-20 km,8739115b1ffffff,1,wkd_morning,PU
DUR,BoltEco,60-70 km,87bc1b6e8ffffff,1,wked_morning,DO
STN,Bolt,40-50 km,87194ad30ffffff,4,wkd_day,PU
LGW,Bolt,20-30 km,87194ad9dffffff,1,wkd_evening,PU
ZRH,Bolt,20-30 km,871f8ec95ffffff,3,wkd_late_evening,PU
MAN,Bolt,5-10 km,871951b5affffff,2,wkd_morning,DO
AMS,Bolt,5-10 km,871969535ffffff,2,wrek_evening,DO
BCN,Cabify,10-20 km,873944602ffffff,5,wrek_late_evening,PU
CPH,Bolt,0-5 km,871f0581cffffff,9,wked_morning,DO
MUC,Bolt,5-10 km,871f8d0f2ffffff,3,wked_day,DO
BCN,Cabify,10-20 km,873944600ffffff,4,wkd_day,DO
BBU,Bolt,10-20 km,871eec45bffffff,3,wked_morning,PU
FRA,Bolt,0-5 km,871faea80ffffff,4,wkd_day,PU
GOT,Bolt,30-40 km,871f2506cffffff,4,wkd_night,DO
LYS,Bolt,30-40 km,871f9020bffffff,4,wrek_evening,DO
MMX,Bolt,30-40 km,871f05ba2ffffff,2,wkd_day,PU
NTE,Bolt,10-20 km,871845851ffffff,5,wkd_day,PU
CDG,Bolt,30-40 km,871fb4662ffffff,3,wkd_late_evening,PU
CDG,Bolt,20-30 km,871fb4660ffffff,1,wked_morning,PU
ARN,Bolt,40-50 km,87088661dffffff,9,wkd_evening,DO
DXB,Bolt,30-40 km,8743a130cffffff,2,wked_morning,PU
DXB,Bolt,10-20 km,8743a130cffffff,1,wkd_night,DO
RUH,Bolt,40-50 km,875354a42ffffff,4,wkd_night,DO
JED,Bolt,30-40 km,8753a950bffffff,1,wked_morning,DO
BCN,Cabify,20-30 km,873944676ffffff,4,wkd_evening,DO
CLJ,Bolt,5-10 km,871e0b231ffffff,1,wrek_late_evening,PU
CPH,Bolt,10-20 km,871f05822ffffff,3,wked_morning,DO
DBV,Bolt,20-30 km,871e8db43ffffff,6,wrek_late_evening,PU
LIS,Bolt,10-20 km,87393362affffff,2,wkd_late_evening,PU
NTE,Bolt,10-20 km,871845869ffffff,6,wkd_day,DO
RTM,Bolt,10-20 km,87196bb54ffffff,2,wkd_day,PU
DXB,Bolt,20-30 km,8743accaeffffff,1,wkd_morning,PU
DUS,Bolt,0-5 km,871fa52abffffff,1,wkd_day,DO
LIS,Bolt,30-40 km,87393375affffff,1,wkd_late_evening,PU
MUC,Bolt,30-40 km,871f8d7a5ffffff,1,wkd_day,PU
MUC,Bolt,0-5 km,871f8d7a4ffffff,1,wked_day,PU
SVQ,Cabify,5-10 km,87391c70affffff,3,wkd_night,DO
TLS,Bolt,20-30 km,873960013ffffff,1,wkd_late_evening,PU
DXB,Bolt,20-30 km,8743a1300ffffff,2,wkd_night,PU
DXB,Bolt,20-30 km,8743a136affffff,1,wrek_evening,PU
RUH,Bolt,30-40 km,87537369bffffff,1,wkd_late_evening,DO
ABV,Bolt,0-5 km,8758f0d31ffffff,1,wkd_night,PU
PLZ,BoltEco,10-20 km,87bc73859ffffff,1,wked_day,DO
ATH,Bolt Taxi,10-20 km,871eda743ffffff,1,wkd_morning,DO
ZRH,Bolt,5-10 km,871f8ed95ffffff,7,wked_day,DO
MAN,Bolt,10-20 km,871951b03ffffff,1,wkd_day,PU
ZRH,Bolt,5-10 km,871f8eda6ffffff,6,wkd_evening,DO
ZRH,Bolt,20-30 km,871f83a0bffffff,3,wkd_day,DO
BCN,Cabify,10-20 km,873944619ffffff,3,wked_morning,DO
DUS,Bolt,20-30 km,871fa5299ffffff,4,wked_day,PU
LYS,Bolt,20-30 km,871f90254ffffff,14,wked_morning,DO
TLS,Bolt,10-20 km,8739601aaffffff,9,wked_day,DO
AMS,Bolt,10-20 km,871969531ffffff,15,wkd_day,PU
AMS,Bolt,10-20 km,871969522ffffff,19,wkd_day,DO
BCN,Cabify,20-30 km,87394460effffff,3,wked_night,DO
BCN,Cabify,10-20 km,87394461dffffff,4,wrek_evening,PU
DUS,Bolt,5-10 km,871fa539affffff,23,wkd_day,PU
HEL,Bolt,10-20 km,8708996f0ffffff,2,wkd_night,PU
HEL,Bolt,5-10 km,8708996deffffff,2,wkd_late_evening,DO
HEL,Bolt,10-20 km,871126d06ffffff,2,wrek_evening,DO
LIS,Bolt,10-20 km,873933605ffffff,5,wkd_night,DO
LYS,Bolt,5-10 km,871f9024bffffff,2,wked_day,DO
MUC,Bolt,0-5 km,871f8d0f2ffffff,1,wkd_night,DO
NTE,Bolt,10-20 km,87184584effffff,6,wkd_day,PU
NTE,Bolt,50-60 km,871845316ffffff,2,wkd_day,DO
PRG,Bolt,10-20 km,871e3541affffff,20,wkd_morning,DO
PRG,Bolt,10-20 km,871e3541affffff,33,wkd_day,DO
PRG,Bolt,20-30 km,871e3540effffff,4,wkd_evening,PU
TLS,Bolt,10-20 km,873960183ffffff,4,wkd_day,DO
VLC,Cabify,20-30 km,87395402affffff,2,wked_morning,DO
VIE,Bolt,20-30 km,871e15b72ffffff,4,wkd_morning,DO
DXB,Bolt,10-20 km,8743a1368ffffff,6,wkd_late_evening,DO
JNB,BoltEco,5-10 km,87bcc2248ffffff,1,wkd_day,DO
DUR,BoltEco,20-30 km,87bcf59b5ffffff,5,wkd_morning,PU
BCN,Cabify,30-40 km,873944723ffffff,3,wrek_late_evening,PU
OTP,Bolt,20-30 km,871eec6b6ffffff,3,wkd_night,DO
OTP,Bolt,5-10 km,871eeeb4cffffff,1,wkd_morning,DO
GOT,Bolt,5-10 km,871f25315ffffff,1,wkd_day,DO
AGP,Cabify,0-5 km,8739182dbffffff,1,wkd_night,DO
AGP,Bolt,5-10 km,8739195b1ffffff,6,wked_night,PU
RTM,Bolt,0-5 km,87196bb56ffffff,1,wkd_night,PU
DXB,Bolt,5-10 km,8743a136affffff,2,wkd_day,PU
BEY,Bolt,5-10 km,872da24e5ffffff,2,wrek_late_evening,DO
OSL,Bolt,60-70 km,870999312ffffff,1,wkd_day,DO
RTM,Bolt,5-10 km,87196bb56ffffff,2,wkd_night,PU
TLS,Bolt,0-5 km,8739601b5ffffff,2,wrek_late_evening,DO
CPH,Bolt,0-5 km,871f05811ffffff,1,wkd_late_evening,PU
HEL,Bolt,30-40 km,870899695ffffff,1,wkd_day,PU
ZRH,Bolt,0-5 km,871f8eda2ffffff,7,wked_night,PU
ZRH,Bolt,20-30 km,871f8336effffff,3,wkd_evening,PU
BHX,Bolt,10-20 km,87195c059ffffff,1,wrek_late_evening,DO
BEY,Bolt,5-10 km,872da24e1ffffff,11,wked_night,DO
DOH,TaxiF Eco+,10-20 km,87536bc03ffffff,10,wkd_day,DO
HEL,Bolt,30-40 km,871126d33ffffff,2,wked_day,DO
LIS,Bolt,5-10 km,87393362bffffff,22,wked_morning,DO
WAW,Bolt,5-10 km,871f52261ffffff,24,wrek_evening,DO
JED,Bolt,20-30 km,8753a9c8dffffff,6,wkd_day,DO
JED,Bolt,10-20 km,8753a9572ffffff,6,wkd_day,PU
BCN,Cabify,10-20 km,87394461dffffff,35,wkd_evening,PU
BCN,Cabify,10-20 km,87394461cffffff,9,wked_day,PU
BER,Bolt,20-30 km,871f1d49dffffff,8,wkd_night,PU
BER,Bolt,20-30 km,871f18b24ffffff,2,wkd_late_evening,DO
FRA,Bolt,10-20 km,871faeaa9ffffff,15,wkd_day,PU
FRA,Bolt,0-5 km,871faea80ffffff,5,wkd_evening,PU
FRA,Bolt,10-20 km,871fae14bffffff,4,wkd_day,PU
GOT,Bolt,20-30 km,871f25049ffffff,3,wkd_day,DO
LIS,Bolt,20-30 km,8739337acffffff,2,wkd_morning,DO
AGP,Cabify,20-30 km,8739195aaffffff,51,wkd_day,DO
PRG,Bolt,10-20 km,871e3541cffffff,12,wkd_late_evening,PU
PRG,Bolt,5-10 km,871e35410ffffff,1,wkd_night,DO
PRG,Bolt,10-20 km,871e3541effffff,17,wkd_morning,PU
ARN,Bolt,40-50 km,870886619ffffff,12,wkd_day,PU
ARN,Bolt,50-60 km,87088678bffffff,3,wked_day,DO
TLS,Bolt,10-20 km,8739601a8ffffff,15,wkd_late_evening,DO
VLC,Cabify,10-20 km,8739540a8ffffff,2,wked_morning,DO
VIE,Bolt,20-30 km,871e15b70ffffff,1,wkd_late_evening,DO
VIE,Bolt,10-20 km,871e15b73ffffff,1,wkd_late_evening,PU
VIE,Bolt,10-20 km,871e15b73ffffff,5,wkd_evening,DO
DXB,Bolt,10-20 km,8743a134dffffff,4,wkd_late_evening,DO
DUR,BoltEco,50-60 km,87bcf5908ffffff,2,wkd_night,DO
FAO,Bolt,30-40 km,87391020affffff,5,wkd_day,PU
FRA,Bolt,30-40 km,871faea0effffff,3,wkd_morning,DO
KRK,Bolt,30-40 km,871e05b6effffff,1,wkd_late_evening,PU
LYS,Bolt,0-5 km,871f93a34ffffff,1,wkd_late_evening,PU
SVQ,Cabify,0-5 km,87391c70affffff,3,wrek_late_evening,PU
SXB,Bolt,10-20 km,871f856abffffff,2,wkd_day,DO
VIE,Bolt,5-10 km,871e15b46ffffff,1,wkd_day,DO
NBO,Bolt Basic,10-20 km,877a6e42dffffff,1,wrek_evening,PU
RUH,Bolt,40-50 km,875355d0effffff,3,wked_morning,PU
CPH,Bolt,5-10 km,871f05831ffffff,1,wkd_evening,DO
DUS,Bolt,10-20 km,871fa52b3ffffff,1,wrek_late_evening,DO
MMX,Bolt,20-30 km,871f05ba3ffffff,1,wkd_night,DO
DXB,Bolt,30-40 km,8743a136affffff,1,wked_night,PU
NBO,Bolt Basic,5-10 km,877a6e501ffffff,1,wkd_morning,DO
AMS,Bolt,50-60 km,871969494ffffff,1,wkd_day,PU
MRS,Bolt,30-40 km,87396815effffff,1,wked_morning,DO
NCE,Bolt,30-40 km,873969a94ffffff,1,wkd_night,PU
VIE,Bolt,0-5 km,871e15b71ffffff,1,wkd_morning,PU
DXB,Bolt,40-50 km,8743a132cffffff,1,wkd_day,PU
PLZ,BoltEco,0-5 km,87bc73859ffffff,1,wrek_evening,DO
JED,Bolt,30-40 km,8753a9509ffffff,1,wkd_day,PU
SOU,Bolt,5-10 km,871959025ffffff,4,wkd_day,DO
ZRH,Bolt,20-30 km,871f83ae5ffffff,3,wkd_day,DO
BHX,Bolt,10-20 km,87195c3b6ffffff,1,wrek_late_evening,DO
BCN,Cabify,10-20 km,87394460effffff,58,wked_day,PU
DUS,Bolt,50-60 km,871fa1999ffffff,2,wrek_evening,PU
HEL,Bolt,5-10 km,871126d71ffffff,3,wkd_night,PU
LIS,Bolt,10-20 km,87393360dffffff,5,wked_day,DO
ORY,Bolt,20-30 km,871fb4660ffffff,12,wked_day,PU
VNO,Bolt,10-20 km,871f40353ffffff,7,wked_night,DO
FAO,Bolt,10-20 km,8739115a6ffffff,6,wkd_day,DO
AMS,Bolt,10-20 km,8719695a2ffffff,5,wkd_evening,PU
AMS,Bolt,30-40 km,871969535ffffff,1,wrek_evening,DO
BCN,Cabify,20-30 km,87394476affffff,1,wkd_late_evening,PU
BEY,Bolt,5-10 km,872da24e5ffffff,8,wkd_late_evening,DO
BER,Bolt,20-30 km,871f1d4d0ffffff,5,wkd_night,DO
BER,Bolt,20-30 km,871f1d4d0ffffff,8,wked_day,DO
CGN,Bolt,10-20 km,871fa1999ffffff,9,wked_night,DO
DOH,TaxiF Eco+,20-30 km,87536bc23ffffff,4,wkd_late_evening,DO
HEL,Bolt,10-20 km,871126d04ffffff,5,wkd_day,PU
MMX,Bolt,20-30 km,871f05b84ffffff,2,wkd_morning,PU
MRS,Bolt,5-10 km,873968125ffffff,4,wkd_evening,DO
NTE,Bolt,10-20 km,871845842ffffff,5,wkd_night,DO
NTE,Bolt,10-20 km,871845852ffffff,4,wkd_morning,DO
NCE,Bolt,30-40 km,873969a40ffffff,1,wkd_morning,DO
OSL,Bolt,40-50 km,870999382ffffff,10,wkd_day,PU
CDG,Bolt,10-20 km,871fb422effffff,9,wkd_late_evening,PU
ARN,Bolt,40-50 km,870886603ffffff,4,wkd_late_evening,PU
TLS,Bolt,20-30 km,8739600b2ffffff,3,wkd_day,PU
TLS,Bolt,5-10 km,8739601a2ffffff,4,wkd_day,PU
DXB,Bolt,30-40 km,8743a131bffffff,3,wkd_night,PU
DXB,Bolt,5-10 km,8743accb0ffffff,8,wkd_late_evening,PU
DXB,Bolt,30-40 km,8743a1301ffffff,5,wkd_late_evening,PU
JNB,BoltEco,30-40 km,87bcc3423ffffff,3,wkd_night,PU
ATH,Bolt Taxi,20-30 km,873f74925ffffff,4,wkd_late_evening,PU
ATH,Bolt Taxi,5-10 km,871eda75cffffff,1,wkd_morning,DO
ATH,Bolt Taxi,5-10 km,871eda75effffff,1,wkd_morning,DO
AMS,Bolt,10-20 km,8719695a1ffffff,5,wkd_night,PU
IAS,Bolt,5-10 km,871e556e2ffffff,5,wkd_night,DO
MUC,Bolt,5-10 km,871f8d44dffffff,1,wkd_morning,DO
POZ,Bolt,5-10 km,871e24b88ffffff,1,wked_day,DO
LYS,Bolt,5-10 km,871f9025bffffff,1,wkd_day,PU
NCE,Bolt,20-30 km,87396914cffffff,1,wkd_night,DO
SVQ,Cabify,5-10 km,87391c624ffffff,1,wked_morning,PU
VIE,Bolt,20-30 km,871e15b44ffffff,1,wkd_evening,PU
ATH,Bolt Taxi,0-5 km,871eda75cffffff,1,wked_morning,DO
NCL,Bolt,5-10 km,87197322cffffff,2,wked_day,DO
MAN,Bolt,10-20 km,871951b74ffffff,1,wrek_evening,PU
BCN,Cabify,10-20 km,87394460dffffff,4,wrek_evening,PU
CPH,Bolt,30-40 km,871f05902ffffff,2,wked_morning,DO
DOH,TaxiF Eco+,5-10 km,87536bc19ffffff,11,wkd_night,DO
MRS,Bolt,5-10 km,8739688d0ffffff,4,wked_day,PU
MPL,Bolt,5-10 km,87396c59affffff,4,wrek_evening,PU
ARN,Bolt,60-70 km,870886781ffffff,4,wked_day,PU
VNO,Bolt,5-10 km,871f40308ffffff,15,wked_day,DO
ABV,Bolt,40-50 km,8758f46d6ffffff,1,wkd_morning,PU
AMS,Bolt,5-10 km,8719695adffffff,6,wkd_night,DO
CPH,Bolt,10-20 km,871f05989ffffff,3,wkd_night,DO
DOH,TaxiF Eco+,10-20 km,87536bc19ffffff,5,wkd_late_evening,DO
DUS,Bolt,10-20 km,871fa53aaffffff,3,wkd_day,DO
DUS,Bolt,50-60 km,871fa199dffffff,4,wkd_evening,PU
GOT,Bolt,20-30 km,871f25a99ffffff,3,wkd_evening,DO
HEL,Bolt,20-30 km,871126d30ffffff,6,wkd_evening,DO
HEL,Bolt,10-20 km,871126d06ffffff,1,wkd_late_evening,PU
KRK,Bolt,20-30 km,871e2e684ffffff,2,wkd_night,DO
LIL,Bolt,10-20 km,87194d29cffffff,2,wked_morning,DO
LIS,Bolt,40-50 km,8739330f4ffffff,9,wkd_morning,PU
LIS,Bolt,40-50 km,8739330f4ffffff,3,wkd_day,PU
LYS,Bolt,30-40 km,871f9020bffffff,4,wkd_late_evening,PU
AGP,Bolt,10-20 km,873919585ffffff,14,wkd_late_evening,PU
SVQ,Cabify,10-20 km,87391c70effffff,2,wkd_morning,PU
SVQ,Cabify,10-20 km,87391c70bffffff,3,wkd_night,PU
ARN,Bolt,40-50 km,8708866a8ffffff,1,wkd_night,PU
TLS,Bolt,0-5 km,8739601a3ffffff,2,wkd_morning,DO
GDN,Bolt,20-30 km,871f724a3ffffff,2,wkd_night,PU
VLC,Cabify,10-20 km,8739540a2ffffff,3,wkd_day,PU
VNO,Bolt,0-5 km,871f4030effffff,7,wkd_night,DO
DXB,Bolt,10-20 km,8743a136affffff,20,wkd_night,PU
DXB,Bolt,20-30 km,8743a136dffffff,5,wkd_night,PU
DUR,BoltEco,60-70 km,87bcf5804ffffff,1,wkd_late_evening,PU
RUH,Bolt,20-30 km,8753736b3ffffff,4,wked_day,PU
FRA,Bolt,30-40 km,871faea0cffffff,2,wkd_late_evening,DO
MPL,Bolt,5-10 km,87396c59affffff,1,wkd_day,PU
NTE,Bolt,20-30 km,871845845ffffff,2,wkd_day,DO
SVQ,Cabify,40-50 km,87391c70effffff,1,wrek_late_evening,PU
KTW,Bolt,50-60 km,871e232dcffffff,5,wked_day,DO
TSR,Bolt,10-20 km,871e1928effffff,2,wkd_late_evening,DO
CGN,Bolt,20-30 km,871fa1895ffffff,2,wkd_day,PU
DUS,Bolt,30-40 km,871fa5351ffffff,1,wkd_day,PU
FRA,Bolt,30-40 km,871fae8cdffffff,1,wkd_day,DO
HEL,Bolt,10-20 km,8708996f2ffffff,1,wkd_day,DO
PRG,Bolt,10-20 km,871e35413ffffff,2,wkd_day,DO
VIE,Bolt,20-30 km,871e15b46ffffff,3,wkd_morning,DO
VIE,Bolt,0-5 km,871e15b44ffffff,1,wkd_evening,PU
VIE,Bolt,30-40 km,871e15b46ffffff,1,wkd_night,PU
DXB,Bolt,5-10 km,8743a136effffff,1,wkd_late_evening,DO
JED,Bolt,30-40 km,8753a9094ffffff,1,wkd_night,DO
ABV,Bolt,40-50 km,8758f0d20ffffff,1,wkd_late_evening,PU
AMS,Bolt,50-60 km,871969535ffffff,1,wkd_evening,PU
DOH,TaxiF Eco+,5-10 km,87536bcf5ffffff,1,wkd_night,DO
DUS,Bolt,40-50 km,871fa5354ffffff,1,wkd_day,PU
GOT,Bolt,5-10 km,871f2506dffffff,1,wkd_late_evening,PU
DXB,Bolt,40-50 km,8743a13aeffffff,1,wkd_late_evening,PU
DUR,BoltEco,40-50 km,87bc1b66bffffff,1,wkd_day,DO
EDI,Bolt,0-5 km,871972771ffffff,1,wkd_day,DO
SOU,Bolt,5-10 km,871959025ffffff,2,wkd_morning,DO
BOD,Bolt,20-30 km,87186b6c8ffffff,3,wrek_evening,DO
LIS,Bolt,0-5 km,873933666ffffff,5,wrek_evening,PU
AGP,Bolt,10-20 km,8739182dbffffff,46,wked_day,DO
TLS,Bolt,0-5 km,8739601a1ffffff,4,wrek_evening,DO
DXB,Bolt,10-20 km,8743a132affffff,2,wked_night,PU
DXB,Bolt,10-20 km,8743a1369ffffff,11,wked_morning,DO
FAO,Bolt,5-10 km,873911581ffffff,5,wkd_day,DO
AMS,Bolt,10-20 km,87196952effffff,3,wkd_night,PU
BCN,Cabify,10-20 km,87394461cffffff,4,wkd_evening,PU
BCN,Cabify,10-20 km,87394460affffff,5,wkd_morning,DO
BER,Bolt,20-30 km,871f1d48bffffff,4,wked_night,DO
OTP,Bolt,10-20 km,871eeeb61ffffff,4,wked_night,PU
DOH,TaxiF Eco+,5-10 km,87536bc0effffff,4,wked_day,DO
FRA,Bolt,20-30 km,871faeaa9ffffff,5,wrek_evening,PU
HEL,Bolt,30-40 km,871126d30ffffff,6,wkd_morning,DO
LYS,Bolt,20-30 km,871f90254ffffff,23,wkd_night,DO
MAD,Cabify,30-40 km,87390ca84ffffff,14,wkd_night,PU
MRS,Bolt,30-40 km,87396885dffffff,4,wkd_evening,PU
MRS,Bolt,20-30 km,8739688cdffffff,4,wkd_morning,PU
NTE,Bolt,5-10 km,87184585dffffff,7,wkd_late_evening,PU
NCE,Bolt,10-20 km,873969a85ffffff,4,wkd_night,DO
NCE,Bolt,0-5 km,873969a11ffffff,6,wkd_day,PU
OSL,Bolt,10-20 km,8708a4513ffffff,4,wkd_morning,DO
OSL,Bolt,40-50 km,870999386ffffff,13,wrek_late_evening,PU
ORY,Bolt,10-20 km,871fb4670ffffff,20,wkd_night,PU
CDG,Bolt,50-60 km,871fb0962ffffff,1,wked_day,PU
PRG,Bolt,10-20 km,871e35418ffffff,25,wkd_morning,PU
ARN,Bolt,30-40 km,870886673ffffff,3,wkd_morning,PU
TLS,Bolt,10-20 km,873960136ffffff,4,wkd_day,PU
TLS,Bolt,20-30 km,87396089effffff,3,wrek_late_evening,DO
WRO,Bolt,20-30 km,871e204e0ffffff,3,wked_night,DO
DXB,Bolt,20-30 km,8743a1363ffffff,2,wkd_night,DO
DXB,Bolt,60-70 km,8743a1390ffffff,4,wkd_night,PU
DXB,Bolt,10-20 km,8743acc86ffffff,2,wked_morning,PU
JNB,BoltEco,40-50 km,87bcdc86effffff,6,wkd_day,PU
RUH,Bolt,0-5 km,875355d29ffffff,1,wkd_night,DO
ABV,Bolt,40-50 km,8758f468effffff,1,wkd_night,DO
CLJ,Bolt,0-5 km,871e0b388ffffff,1,wkd_evening,PU
CGN,Bolt,20-30 km,871fa1116ffffff,2,wkd_late_evening,PU
DBV,Bolt,20-30 km,871e8db40ffffff,2,wked_morning,PU
MLA,Bolt,0-5 km,873f304edffffff,1,wkd_day,PU
NCE,Bolt,10-20 km,873969a76ffffff,4,wkd_evening,PU
CDG,Bolt,20-30 km,871fb4660ffffff,1,wkd_late_evening,PU
SXB,Bolt,20-30 km,871f85600ffffff,1,wked_day,DO
TSR,Bolt,10-20 km,871e192aaffffff,2,wkd_night,DO
TLS,Bolt,10-20 km,8739601a3ffffff,1,wkd_morning,DO
HLA,BoltEco,10-20 km,87bcc342cffffff,2,wkd_late_evening,PU
RUH,Bolt,30-40 km,875354b49ffffff,3,wrek_late_evening,DO
HEL,Bolt,10-20 km,871126d06ffffff,1,wked_day,DO
LIS,Bolt,5-10 km,873933628ffffff,1,wked_day,DO
NTE,Bolt,20-30 km,87184586effffff,1,wkd_late_evening,DO
NBO,Bolt Basic,5-10 km,877a6e501ffffff,3,wked_night,DO
AMS,Bolt,10-20 km,871969503ffffff,1,wkd_late_evening,DO
LYS,Bolt,30-40 km,871f90254ffffff,1,wked_morning,DO
AGP,Cabify,20-30 km,8739195b1ffffff,2,wkd_day,PU
MUC,Bolt,5-10 km,871f8d7a4ffffff,1,wkd_morning,PU
SVQ,Cabify,5-10 km,87391c624ffffff,1,wkd_morning,DO
EDI,Bolt,10-20 km,871972396ffffff,4,wkd_morning,DO
STN,Bolt,40-50 km,87195dad6ffffff,1,wkd_evening,PU
AMS,Bolt,30-40 km,871969d9bffffff,3,wkd_late_evening,PU
CGN,Bolt,10-20 km,871fa1999ffffff,3,wrek_evening,PU
KRK,Bolt,10-20 km,871e2e692ffffff,4,wkd_late_evening,PU
AGP,Cabify,20-30 km,8739195aaffffff,20,wked_night,DO
AMS,Bolt,20-30 km,87196b96effffff,4,wkd_late_evening,PU
AMS,Bolt,20-30 km,871969535ffffff,1,wked_day,DO
CPH,Bolt,5-10 km,871f05831ffffff,5,wkd_night,DO
KRK,Bolt,10-20 km,871e2e6b0ffffff,10,wkd_late_evening,PU
LYS,Bolt,20-30 km,871f90251ffffff,4,wkd_morning,DO
AGP,Bolt,5-10 km,873919584ffffff,1,wkd_evening,PU
MUC,Bolt,40-50 km,871f8d719ffffff,4,wkd_morning,DO
MUC,Bolt,40-50 km,871f8d7acffffff,2,wked_day,DO
NTE,Bolt,10-20 km,87184585dffffff,12,wkd_late_evening,DO
NCE,Bolt,30-40 km,87396914cffffff,4,wkd_morning,DO
NCE,Bolt,10-20 km,873969aa0ffffff,1,wrek_late_evening,DO
CDG,Bolt,30-40 km,871fb4670ffffff,74,wkd_morning,PU
PRG,Bolt,20-30 km,871e3540affffff,3,wkd_evening,DO
PRG,Bolt,10-20 km,871e3541effffff,15,wkd_late_evening,DO
PRG,Bolt,0-5 km,871e35418ffffff,1,wkd_late_evening,DO
RTM,Bolt,5-10 km,87196bb08ffffff,3,wkd_evening,PU
DXB,Bolt,10-20 km,8743acc91ffffff,2,wkd_night,PU
DXB,Bolt,40-50 km,8743a132cffffff,4,wked_night,PU
JNB,BoltEco,40-50 km,87bcdc86effffff,3,wkd_morning,PU
JED,Bolt,10-20 km,8753a9cd6ffffff,1,wked_day,DO
JED,Bolt,20-30 km,8753a9509ffffff,4,wrek_late_evening,DO
AMS,Bolt,20-30 km,871969c8affffff,4,wkd_day,DO
OTP,Bolt,0-5 km,871eec7b0ffffff,1,wkd_evening,DO
CLJ,Bolt,5-10 km,871e0b381ffffff,2,wkd_day,DO
CPH,Bolt,10-20 km,871f05824ffffff,1,wkd_morning,DO
DBV,Bolt,10-20 km,871e8db43ffffff,7,wkd_late_evening,DO
NCE,Bolt,10-20 km,873969a08ffffff,2,wked_day,DO
SXB,Bolt,10-20 km,871f85601ffffff,1,wkd_late_evening,DO
SXB,Bolt,20-30 km,871f85601ffffff,2,wkd_late_evening,PU
GDN,Bolt,10-20 km,871f724aaffffff,4,wkd_day,PU
DXB,Bolt,30-40 km,8743a1302ffffff,1,wkd_night,DO
JNB,BoltEco,20-30 km,87bcc3436ffffff,2,wkd_late_evening,PU
JED,Bolt,30-40 km,8753a955cffffff,1,wkd_morning,PU
JED,Bolt,20-30 km,8753a9509ffffff,1,wkd_evening,PU
CPH,Bolt,10-20 km,871f05833ffffff,1,wrek_late_evening,PU
HEL,Bolt,30-40 km,87089969affffff,1,wkd_day,DO
NTE,Bolt,10-20 km,871845844ffffff,2,wkd_day,PU
NTE,Bolt,5-10 km,87184585effffff,1,wrek_evening,PU
ORY,Bolt,0-5 km,871fb46ebffffff,1,wkd_late_evening,PU
SVQ,Cabify,20-30 km,87391c70effffff,1,wkd_night,DO
JED,Bolt,20-30 km,8753a952dffffff,1,wked_morning,PU
JED,Bolt,10-20 km,8753a9cd9ffffff,1,wrek_late_evening,DO
LCY,Bolt,0-5 km,87194ad23ffffff,1,wkd_day,DO
BRS,Bolt,5-10 km,871958768ffffff,1,wkd_late_evening,PU
FAO,Bolt,40-50 km,873910229ffffff,1,wked_morning,DO
AMS,Bolt,10-20 km,871968249ffffff,1,wkd_night,PU
AMS,Bolt,20-30 km,87196952effffff,2,wkd_night,PU
AMS,Bolt,20-30 km,87196952effffff,4,wkd_evening,DO
AMS,Bolt,10-20 km,871969c9affffff,8,wkd_day,PU
AMS,Bolt,10-20 km,8719695a2ffffff,3,wked_day,PU
BCN,Cabify,30-40 km,87394460cffffff,1,wkd_morning,DO
BOD,Bolt,10-20 km,87186b6dcffffff,8,wkd_morning,DO
BOD,Bolt,10-20 km,87186b6cbffffff,6,wrek_late_evening,DO
CPH,Bolt,40-50 km,871f05d52ffffff,2,wkd_day,PU
FRA,Bolt,30-40 km,871fae15cffffff,3,wkd_night,DO
HEL,Bolt,20-30 km,871126d14ffffff,2,wkd_morning,DO
KRK,Bolt,0-5 km,871e2e6b1ffffff,3,wkd_day,DO
AGP,Cabify,10-20 km,873919584ffffff,21,wrek_evening,PU
MMX,Bolt,30-40 km,871f05ba2ffffff,4,wkd_evening,DO
NTE,Bolt,20-30 km,871845866ffffff,2,wkd_day,DO
NTE,Bolt,10-20 km,87184585affffff,5,wkd_day,PU
NCE,Bolt,5-10 km,873969ab0ffffff,1,wkd_night,DO
OSL,Bolt,50-60 km,870999386ffffff,16,wkd_night,DO
OSL,Bolt,50-60 km,8709993a5ffffff,2,wkd_morning,DO
CDG,Bolt,30-40 km,871fb0962ffffff,8,wkd_day,DO
ARN,Bolt,40-50 km,870886619ffffff,4,wked_morning,PU
VLC,Cabify,10-20 km,8739540a9ffffff,17,wkd_day,DO
VIE,Bolt,20-30 km,871e15b71ffffff,2,wrek_evening,DO
WRO,Bolt,20-30 km,871e204f6ffffff,4,wkd_evening,PU
DXB,Bolt,30-40 km,8743a1301ffffff,22,wkd_night,PU
DXB,Bolt,0-5 km,8743acca2ffffff,7,wkd_late_evening,PU
NBO,Bolt Basic,20-30 km,877a6e558ffffff,5,wkd_night,DO
RUH,Bolt,30-40 km,875355d23ffffff,3,wkd_night,DO
JED,Bolt,10-20 km,8753a9529ffffff,4,wkd_evening,DO
AMS,Bolt,10-20 km,871969525ffffff,4,wkd_night,PU
BOD,Bolt,10-20 km,87186b6dcffffff,3,wkd_night,PU
OTP,Bolt,10-20 km,871eec44cffffff,3,wkd_late_evening,DO
OTP,Bolt,30-40 km,871eeeb44ffffff,1,wkd_day,DO
ARN,Bolt,40-50 km,8708866e4ffffff,3,wkd_morning,DO
TLS,Bolt,5-10 km,8739601a8ffffff,3,wkd_evening,DO
TLS,Bolt,20-30 km,873960189ffffff,2,wkd_late_evening,PU
PLZ,BoltEco,10-20 km,87bc73b16ffffff,1,wkd_morning,DO
AMS,Bolt,10-20 km,871969521ffffff,2,wkd_morning,PU
BEY,Bolt,30-40 km,872da27aaffffff,1,wked_night,DO
BER,Bolt,20-30 km,871f1d4d6ffffff,1,wkd_late_evening,PU
DUS,Bolt,5-10 km,871fa52b0ffffff,1,wrek_evening,PU
HEL,Bolt,20-30 km,87089969bffffff,1,wkd_evening,DO
LIS,Bolt,0-5 km,873933758ffffff,1,wked_night,DO
MPL,Bolt,5-10 km,87396c59affffff,1,wkd_night,DO
SVQ,Cabify,10-20 km,87391c624ffffff,1,wked_night,DO
CAI,Didi FLEX,20-30 km,873e62818ffffff,1,wked_night,DO
AMS,Bolt,20-30 km,8719682edffffff,1,wkd_late_evening,PU
LYS,Bolt,30-40 km,871f9025affffff,1,wkd_evening,DO
MPL,Bolt,10-20 km,87396c590ffffff,1,wked_night,PU
DXB,Bolt,30-40 km,8743a1328ffffff,2,wkd_day,PU
BCN,Cabify,10-20 km,873944601ffffff,9,wked_morning,PU
CGN,Bolt,10-20 km,871fa1998ffffff,4,wked_night,PU
LYS,Bolt,10-20 km,871f9025effffff,4,wrek_evening,PU
CDG,Bolt,30-40 km,871fb4674ffffff,38,wked_morning,PU
ORY,Bolt,10-20 km,871fb4674ffffff,3,wked_day,DO
ARN,Bolt,40-50 km,87088661affffff,1,wked_day,DO
FAO,Bolt,20-30 km,8739102edffffff,1,wkd_night,PU
AMS,Bolt,10-20 km,871969c9bffffff,16,wkd_night,PU
AMS,Bolt,10-20 km,871969530ffffff,9,wkd_night,DO
AMS,Bolt,5-10 km,871969533ffffff,5,wkd_day,PU
BEY,Bolt,10-20 km,872da24c5ffffff,1,wkd_night,DO
BER,Bolt,30-40 km,871f1d48cffffff,3,wrek_late_evening,PU
CPH,Bolt,40-50 km,871f23282ffffff,4,wkd_night,DO
DUS,Bolt,20-30 km,871fa5758ffffff,4,wkd_evening,PU
DUS,Bolt,10-20 km,871fa52b3ffffff,10,wkd_morning,DO
KRK,Bolt,10-20 km,871e2e6a6ffffff,3,wkd_day,DO
LIS,Bolt,5-10 km,87393362dffffff,22,wked_morning,DO
LYS,Bolt,30-40 km,871f90254ffffff,6,wkd_day,DO
AGP,Bolt,20-30 km,873919585ffffff,26,wkd_night,PU
NTE,Bolt,20-30 km,871845845ffffff,4,wkd_morning,DO
NCE,Bolt,20-30 km,873969ab1ffffff,5,wkd_late_evening,PU
OSL,Bolt,40-50 km,870999386ffffff,10,wkd_day,DO
PRG,Bolt,20-30 km,871e354f6ffffff,2,wkd_morning,DO
RTM,Bolt,5-10 km,87196ba25ffffff,10,wkd_day,PU
SVQ,Cabify,20-30 km,87391c70affffff,3,wkd_late_evening,PU
SVQ,Cabify,10-20 km,87391c624ffffff,4,wkd_day,DO
ARN,Bolt,30-40 km,87088660cffffff,4,wkd_late_evening,DO
TLS,Bolt,5-10 km,8739601aeffffff,19,wkd_morning,DO
TLS,Bolt,5-10 km,8739601aeffffff,6,wkd_morning,PU
TLS,Bolt,5-10 km,8739601a3ffffff,4,wkd_evening,DO
VIE,Bolt,10-20 km,871e15b43ffffff,5,wkd_day,DO
VIE,Bolt,10-20 km,871e15b73ffffff,4,wkd_night,DO
DXB,Bolt,0-5 km,8743acc84ffffff,2,wkd_night,DO
DXB,Bolt,10-20 km,8743a132affffff,1,wkd_morning,DO
ATH,Bolt Taxi,20-30 km,873f74925ffffff,3,wkd_evening,DO
BCN,Cabify,5-10 km,873944608ffffff,1,wkd_late_evening,PU
DBV,Bolt,20-30 km,871e8db43ffffff,4,wrek_evening,DO
GOT,Bolt,10-20 km,871f25a8effffff,1,wkd_morning,DO
HEL,Bolt,5-10 km,871126d02ffffff,1,wkd_late_evening,DO
POZ,Bolt,5-10 km,871e24aa5ffffff,5,wkd_day,PU
SVQ,Cabify,5-10 km,87391c70affffff,2,wkd_late_evening,PU
SXB,Bolt,5-10 km,871f85606ffffff,1,wkd_day,DO
GDN,Bolt,10-20 km,871f09b33ffffff,3,wkd_evening,DO
VIE,Bolt,20-30 km,871e15b63ffffff,3,wked_morning,DO
DXB,Bolt,5-10 km,8743accb1ffffff,2,wkd_late_evening,PU
DXB,Bolt,10-20 km,8743a134cffffff,3,wkd_day,PU
PLZ,BoltEco,10-20 km,87bc73b80ffffff,3,wkd_morning,DO
BCN,Cabify,20-30 km,87394460effffff,1,wkd_late_evening,PU
PRG,Bolt,20-30 km,871e3541effffff,1,wkd_evening,PU
DXB,Bolt,30-40 km,8743a130effffff,2,wkd_morning,DO
GOT,Bolt,30-40 km,871f25a90ffffff,1,wkd_day,DO
NCE,Bolt,20-30 km,873969a05ffffff,1,wkd_morning,DO
PRG,Bolt,0-5 km,871e3541effffff,3,wkd_day,PU
DXB,Bolt,30-40 km,8743a130cffffff,1,wrek_evening,PU
EDI,Bolt,10-20 km,871972396ffffff,3,wrek_late_evening,DO
NCL,Bolt,10-20 km,871973350ffffff,2,wrek_evening,PU
AMS,Bolt,10-20 km,871969522ffffff,9,wked_day,DO
BEY,Bolt,20-30 km,872da2785ffffff,2,wkd_late_evening,DO
OTP,Bolt,5-10 km,871eec45bffffff,3,wrek_evening,DO
LIS,Bolt,5-10 km,87393362bffffff,3,wrek_late_evening,DO
MAD,Cabify,20-30 km,87390ca36ffffff,9,wrek_evening,DO
AGP,Bolt,20-30 km,873919585ffffff,28,wked_day,PU
MRS,Bolt,5-10 km,8739688d2ffffff,4,wrek_evening,PU
VNO,Bolt,0-5 km,871f40308ffffff,2,wrek_evening,DO
VNO,Bolt,5-10 km,871f4032bffffff,1,wkd_late_evening,PU
WRO,Bolt,10-20 km,871e2040affffff,3,wrek_late_evening,PU
AMS,Bolt,5-10 km,871969514ffffff,3,wked_day,PU
BCN,Cabify,10-20 km,873944613ffffff,4,wrek_evening,PU
CPH,Bolt,5-10 km,871f05800ffffff,4,wkd_night,DO
HEL,Bolt,10-20 km,871126d06ffffff,8,wkd_night,DO
KRK,Bolt,0-5 km,871e2e6b1ffffff,1,wkd_evening,DO
KRK,Bolt,20-30 km,871e2e6b4ffffff,1,wked_morning,DO
LIL,Bolt,5-10 km,87194d29bffffff,4,wrek_late_evening,PU
LIS,Bolt,20-30 km,873933602ffffff,4,wkd_morning,DO
LIS,Bolt,40-50 km,8739330f4ffffff,4,wkd_night,PU
AGP,Cabify,20-30 km,873919585ffffff,47,wkd_morning,PU
AGP,Cabify,10-20 km,8739182dbffffff,18,wkd_evening,DO
AGP,Cabify,10-20 km,8739195b1ffffff,26,wkd_evening,DO
MPL,Bolt,10-20 km,87396e96effffff,3,wkd_late_evening,PU
MPL,Bolt,10-20 km,87396e96cffffff,4,wkd_morning,PU
NCE,Bolt,20-30 km,873969a11ffffff,1,wkd_day,DO
PRG,Bolt,10-20 km,871e35418ffffff,58,wkd_morning,DO
RTM,Bolt,5-10 km,87196ba25ffffff,4,wkd_late_evening,PU
SVQ,Cabify,20-30 km,87391c70affffff,3,wkd_day,DO
SVQ,Cabify,10-20 km,87391c624ffffff,8,wkd_late_evening,DO
GDN,Bolt,10-20 km,871f7258bffffff,2,wkd_late_evening,DO
VIE,Bolt,30-40 km,871e15b72ffffff,2,wkd_day,DO
VIE,Bolt,5-10 km,871e15a69ffffff,3,wkd_late_evening,DO
VIE,Bolt,20-30 km,871e15b46ffffff,1,wrek_late_evening,PU
VIE,Bolt,60-70 km,871e02993ffffff,4,wrek_evening,PU
DXB,Bolt,5-10 km,8743acd9affffff,4,wkd_night,PU
DXB,Bolt,10-20 km,8743a134cffffff,3,wrek_evening,PU
DXB,Bolt,5-10 km,8743a136affffff,1,wrek_late_evening,PU
DUR,BoltEco,40-50 km,87bcf5906ffffff,7,wked_night,DO
NBO,Bolt Basic,20-30 km,877a6e408ffffff,6,wrek_late_evening,PU
CLJ,Bolt,10-20 km,871e0b38affffff,2,wkd_day,DO
CGN,Bolt,20-30 km,871fa1c49ffffff,2,wkd_morning,DO
DOH,TaxiF Eco+,5-10 km,87536bce6ffffff,3,wrek_evening,DO
HEL,Bolt,20-30 km,871126d1effffff,3,wkd_day,DO
MPL,Bolt,50-60 km,87396c092ffffff,3,wkd_evening,PU
POZ,Bolt,5-10 km,871e24aa5ffffff,1,wkd_night,DO
RTM,Bolt,5-10 km,87196ba25ffffff,3,wkd_day,DO
SVQ,Cabify,5-10 km,87391c70affffff,2,wrek_evening,DO
VIE,Bolt,10-20 km,871e15b43ffffff,3,wkd_late_evening,DO
WRO,Bolt,50-60 km,871e2079affffff,3,wkd_day,PU
ATH,Bolt Taxi,50-60 km,871eda29affffff,1,wkd_day,DO
HEL,Bolt,20-30 km,87089968cffffff,2,wkd_evening,DO
DOH,TaxiF Eco+,5-10 km,87536bc19ffffff,1,wrek_evening,DO
SVQ,Cabify,0-5 km,87391c70bffffff,1,wkd_day,DO
NBO,Bolt Basic,5-10 km,877a6e55affffff,1,wkd_night,PU
ZRH,Bolt,20-30 km,871f8ecacffffff,4,wked_morning,DO
LTN,Bolt,20-30 km,87195da1bffffff,3,wkd_late_evening,DO
HEL,Bolt,10-20 km,871126d33ffffff,1,wrek_late_evening,DO
LIS,Bolt,5-10 km,87393375bffffff,5,wked_day,DO
LIS,Bolt,5-10 km,873933629ffffff,6,wrek_evening,PU
AGP,Bolt,10-20 km,8739182dbffffff,23,wrek_late_evening,DO
WAW,Bolt,5-10 km,871f52261ffffff,39,wked_morning,DO
WRO,Bolt,10-20 km,871e20419ffffff,2,wked_day,DO
FAO,Bolt,60-70 km,8739103aeffffff,2,wked_morning,PU
BCN,Cabify,5-10 km,87394461effffff,4,wkd_late_evening,PU
BEY,Bolt,5-10 km,872da24e1ffffff,9,wkd_late_evening,DO
BER,Bolt,20-30 km,871f1d4d5ffffff,4,wkd_night,DO
BOD,Bolt,20-30 km,87186b6c9ffffff,2,wkd_late_evening,DO
CPH,Bolt,40-50 km,871f05c2cffffff,4,wkd_day,PU
DOH,TaxiF Eco+,10-20 km,87536bc0effffff,4,wkd_morning,DO
FRA,Bolt,10-20 km,871faeaa4ffffff,4,wkd_day,DO
GOT,Bolt,20-30 km,871f25a5effffff,5,wkd_late_evening,DO
LYS,Bolt,10-20 km,871f90254ffffff,1,wkd_morning,PU
LYS,Bolt,10-20 km,871f914a4ffffff,5,wkd_late_evening,PU
MUC,Bolt,30-40 km,871f8d7a4ffffff,6,wked_day,PU
MUC,Bolt,5-10 km,871f8d732ffffff,1,wkd_night,PU
NCE,Bolt,20-30 km,873969aa6ffffff,4,wkd_day,DO
NCE,Bolt,10-20 km,873969a0dffffff,6,wkd_morning,DO
OSL,Bolt,50-60 km,8709993a2ffffff,4,wkd_evening,DO
SVQ,Cabify,20-30 km,87391c70affffff,5,wkd_evening,PU
TLS,Bolt,20-30 km,8739600a4ffffff,3,wkd_day,PU
GDN,Bolt,5-10 km,871f7249bffffff,1,wkd_night,PU
VLC,Cabify,10-20 km,8739540adffffff,4,wkd_night,PU
VNO,Bolt,0-5 km,871f4030affffff,10,wkd_late_evening,DO
DXB,Bolt,30-40 km,8743a1369ffffff,1,wkd_night,PU
DXB,Bolt,10-20 km,8743a1361ffffff,2,wkd_night,PU
DXB,Bolt,20-30 km,8743a1372ffffff,3,wked_night,DO
DUR,BoltEco,5-10 km,87bcf5d70ffffff,1,wkd_day,PU
ATH,Bolt Taxi,5-10 km,871eda29cffffff,4,wkd_evening,DO
NBO,Bolt Basic,20-30 km,877a6ecf6ffffff,2,wkd_evening,DO
RUH,Bolt,40-50 km,875355d0bffffff,4,wked_night,DO
JED,Bolt,10-20 km,8753a9c03ffffff,2,wked_morning,DO
KRK,Bolt,5-10 km,871e2e6b3ffffff,3,wkd_day,PU
MRS,Bolt,0-5 km,873968154ffffff,1,wkd_late_evening,PU
SVQ,Cabify,50-60 km,87391c708ffffff,1,wrek_late_evening,PU
BCN,Cabify,20-30 km,873944636ffffff,2,wkd_night,PU
CPH,Bolt,10-20 km,871f05834ffffff,2,wked_night,DO
HEL,Bolt,20-30 km,87089969dffffff,1,wkd_evening,DO
LIS,Bolt,0-5 km,873933758ffffff,1,wkd_morning,DO
NTE,Bolt,10-20 km,87184585dffffff,1,wked_day,DO
VIE,Bolt,10-20 km,871e02d35ffffff,2,wkd_day,DO
AGP,Cabify,20-30 km,873919584ffffff,1,wkd_morning,PU
ZRH,Bolt,0-5 km,871f8eda6ffffff,3,wrek_late_evening,PU
STN,Bolt,40-50 km,87195da49ffffff,1,wkd_day,PU
MAN,Bolt,40-50 km,871951852ffffff,2,wkd_late_evening,PU
EDI,Bolt,5-10 km,871972740ffffff,3,wkd_evening,PU
EDI,Bolt,0-5 km,87197276effffff,1,wkd_day,DO
ABV,Bolt,40-50 km,8758f468bffffff,2,wked_night,DO
BCN,Cabify,10-20 km,87394461dffffff,8,wked_day,DO
LIS,Bolt,30-40 km,8739337a1ffffff,7,wked_day,PU
LYS,Bolt,20-30 km,871f9025cffffff,1,wked_day,DO
FAO,Bolt,0-5 km,873911580ffffff,7,wkd_morning,DO
AMS,Bolt,5-10 km,871969516ffffff,5,wkd_morning,DO
AMS,Bolt,20-30 km,871969526ffffff,2,wrek_late_evening,PU
BCN,Cabify,10-20 km,873944603ffffff,17,wkd_evening,PU
BCN,Cabify,10-20 km,87394460affffff,4,wrek_late_evening,PU
BER,Bolt,20-30 km,871f1d49dffffff,8,wkd_evening,PU
BOD,Bolt,20-30 km,87186b6c8ffffff,15,wkd_day,DO
OTP,Bolt,20-30 km,871eeeb6bffffff,2,wked_day,PU
DOH,TaxiF Eco+,5-10 km,87536bc19ffffff,3,wrek_late_evening,DO
DUS,Bolt,10-20 km,871fa574effffff,4,wkd_night,DO
FRA,Bolt,40-50 km,871faea42ffffff,4,wkd_day,DO
HEL,Bolt,5-10 km,871126d75ffffff,2,wkd_morning,DO
LIS,Bolt,0-5 km,873933666ffffff,23,wkd_morning,PU
AGP,Bolt,5-10 km,8739182dbffffff,2,wkd_day,DO
MUC,Bolt,40-50 km,871f8d44affffff,11,wkd_evening,PU
NTE,Bolt,5-10 km,871845858ffffff,2,wkd_morning,PU
NTE,Bolt,10-20 km,871845b13ffffff,1,wked_day,DO
PRG,Bolt,30-40 km,871e354f1ffffff,3,wkd_day,DO
ARN,Bolt,40-50 km,87088661dffffff,5,wrek_late_evening,DO
GDN,Bolt,10-20 km,871f09b20ffffff,16,wkd_late_evening,PU
VIE,Bolt,10-20 km,871e15b55ffffff,3,wkd_night,PU
ATH,Bolt Taxi,10-20 km,871eda28bffffff,5,wkd_night,DO
AMS,Bolt,5-10 km,8719695a1ffffff,1,wkd_night,DO
BER,Bolt,10-20 km,871f18b1cffffff,3,wkd_morning,DO
OTP,Bolt,10-20 km,871eeeb6dffffff,2,wkd_night,PU
CLJ,Bolt,5-10 km,871e0b38effffff,2,wkd_night,DO
DBV,Bolt,20-30 km,871e8db42ffffff,1,wkd_night,PU
NTE,Bolt,5-10 km,87184585dffffff,1,wkd_day,DO
POZ,Bolt,5-10 km,871e24aa5ffffff,1,wrek_late_evening,PU
PRG,Bolt,10-20 km,871e354adffffff,1,wkd_evening,DO
SXB,Bolt,10-20 km,871f85603ffffff,2,wked_night,DO
DOH,TaxiF Eco+,10-20 km,87536bc20ffffff,1,wked_day,DO
OSL,Bolt,5-10 km,8708a45a6ffffff,2,wkd_late_evening,PU
CAI,Didi FLEX,40-50 km,873e628f0ffffff,1,wkd_late_evening,PU
CLJ,Bolt,5-10 km,871e0b38effffff,1,wked_day,DO
CPH,Bolt,40-50 km,871f232f0ffffff,1,wked_morning,DO
DUS,Bolt,5-10 km,871fa52a6ffffff,1,wkd_day,PU
HEL,Bolt,5-10 km,8708996c2ffffff,1,wkd_day,DO
DUR,BoltEco,10-20 km,87bc1b645ffffff,1,wked_night,DO
EDI,Bolt,0-5 km,871972765ffffff,2,wkd_morning,DO
ZRH,Bolt,10-20 km,871f8ed92ffffff,5,wkd_late_evening,PU
BRS,Bolt,10-20 km,871958393ffffff,3,wkd_day,PU
FAO,Bolt,40-50 km,873911475ffffff,4,wked_day,PU
DOH,TaxiF Eco+,10-20 km,87536bce0ffffff,3,wkd_late_evening,DO
DUS,Bolt,10-20 km,871fa52b3ffffff,6,wked_morning,DO
MAD,Cabify,20-30 km,87390ca36ffffff,14,wked_morning,DO
NCE,Bolt,5-10 km,873969a08ffffff,11,wkd_late_evening,PU
BEY,Bolt,10-20 km,872da24e3ffffff,2,wkd_late_evening,DO
BOD,Bolt,5-10 km,87186b6deffffff,10,wkd_morning,DO
BOD,Bolt,0-5 km,87184dd2dffffff,3,wkd_evening,DO
OTP,Bolt,5-10 km,871eec7b0ffffff,2,wkd_night,DO
CPH,Bolt,5-10 km,871f05833ffffff,1,wkd_morning,DO
FRA,Bolt,30-40 km,871fae8deffffff,4,wkd_day,PU
FRA,Bolt,10-20 km,871fae14dffffff,3,wkd_day,DO
GOT,Bolt,20-30 km,871f25336ffffff,4,wkd_day,DO
HEL,Bolt,10-20 km,871126d0affffff,5,wkd_morning,DO
HEL,Bolt,20-30 km,87089968cffffff,1,wkd_late_evening,DO
MMX,Bolt,20-30 km,871f05b84ffffff,3,wkd_morning,DO
MRS,Bolt,20-30 km,873968152ffffff,7,wkd_evening,PU
OSL,Bolt,20-30 km,8709992aaffffff,3,wkd_late_evening,DO
CDG,Bolt,30-40 km,871fb4662ffffff,8,wkd_day,PU
ARN,Bolt,30-40 km,87088661dffffff,8,wkd_day,DO
TLS,Bolt,10-20 km,87396018cffffff,5,wked_night,PU
DXB,Bolt,30-40 km,8743a132affffff,15,wkd_morning,PU
DXB,Bolt,40-50 km,8743a1200ffffff,4,wked_night,PU
DUR,BoltEco,0-5 km,87bc1b6e8ffffff,1,wkd_day,PU
ATH,Bolt Taxi,30-40 km,871eda741ffffff,4,wked_day,DO
FAO,Bolt,5-10 km,87391021cffffff,1,wkd_morning,DO
DUS,Bolt,0-5 km,871fa5399ffffff,2,wkd_morning,DO
FRA,Bolt,20-30 km,871fae362ffffff,1,wkd_day,DO
GOT,Bolt,30-40 km,871f2506effffff,1,wkd_late_evening,PU
MLA,Bolt,5-10 km,873f304edffffff,3,wkd_morning,PU
KTW,Bolt,30-40 km,871e232dcffffff,3,wrek_late_evening,DO
ATH,Bolt Taxi,30-40 km,871eda743ffffff,2,wrek_evening,PU
JED,Bolt,10-20 km,8753a9556ffffff,1,wked_morning,DO
HEL,Bolt,10-20 km,871126c25ffffff,1,wkd_night,DO
LYS,Bolt,30-40 km,871f90273ffffff,1,wkd_morning,DO
WAW,Bolt,10-20 km,871f52261ffffff,1,wkd_morning,DO
DXB,Bolt,10-20 km,8743acd9affffff,1,wked_day,PU
ZRH,Bolt,10-20 km,871f8edb6ffffff,4,wkd_night,DO
ZRH,Bolt,10-20 km,871f8edb2ffffff,9,wkd_morning,PU
BHX,Bolt,10-20 km,87195c05cffffff,2,wrek_evening,PU
NCL,Bolt,10-20 km,871973371ffffff,1,wkd_evening,PU
CGN,Bolt,10-20 km,871fa1122ffffff,4,wked_day,DO
VNO,Bolt,5-10 km,871f4030cffffff,41,wkd_night,PU
ATH,Bolt Taxi,30-40 km,871eda75cffffff,4,wked_day,DO
NBO,Bolt Basic,10-20 km,877a6e428ffffff,5,wked_day,DO
FAO,Bolt,20-30 km,87391025effffff,3,wkd_morning,DO
FAO,Bolt,40-50 km,87391020effffff,5,wkd_day,DO
AMS,Bolt,10-20 km,871969526ffffff,5,wkd_day,PU
AMS,Bolt,30-40 km,871969c9bffffff,1,wrek_late_evening,PU
BCN,Cabify,10-20 km,87394460effffff,124,wkd_day,PU
BCN,Cabify,10-20 km,873944616ffffff,3,wkd_day,DO
BCN,Cabify,20-30 km,87394462affffff,2,wkd_late_evening,DO
BER,Bolt,10-20 km,871f18b72ffffff,2,wkd_late_evening,PU
OTP,Bolt,20-30 km,871eec696ffffff,3,wkd_night,DO
CPH,Bolt,20-30 km,871f0591effffff,7,wkd_night,DO
CPH,Bolt,10-20 km,871f05832ffffff,5,wkd_night,DO
DOH,TaxiF Eco+,5-10 km,87536bc0effffff,1,wkd_morning,DO
DUS,Bolt,20-30 km,871fa5741ffffff,3,wkd_night,DO
DUS,Bolt,0-5 km,871fa52a4ffffff,2,wked_night,PU
FRA,Bolt,20-30 km,871faea06ffffff,3,wkd_morning,DO
KRK,Bolt,10-20 km,871e2e6b4ffffff,1,wked_morning,DO
LIL,Bolt,10-20 km,87194d29dffffff,4,wkd_night,PU
LIS,Bolt,5-10 km,87393362bffffff,9,wkd_late_evening,DO
MAD,Cabify,30-40 km,87390cb8bffffff,5,wkd_day,PU
AGP,Bolt,10-20 km,8739195b1ffffff,38,wkd_night,DO
NCE,Bolt,5-10 km,873969a10ffffff,15,wkd_morning,DO
NCE,Bolt,20-30 km,873969ab2ffffff,6,wkd_evening,DO
CDG,Bolt,20-30 km,871fb4644ffffff,3,wrek_evening,DO
VIE,Bolt,20-30 km,871e15b75ffffff,2,wked_morning,DO
WRO,Bolt,10-20 km,871e2040dffffff,3,wkd_late_evening,PU
DXB,Bolt,10-20 km,8743a134effffff,2,wkd_morning,DO
DXB,Bolt,5-10 km,8743accb4ffffff,2,wked_morning,PU
DUR,BoltEco,5-10 km,87bc1b6e8ffffff,1,wkd_day,PU
ATH,Bolt Taxi,50-60 km,871eda75effffff,2,wkd_evening,PU
JED,Bolt,20-30 km,8753a9529ffffff,1,wked_day,DO
ABV,Bolt,40-50 km,8758f4689ffffff,1,wkd_morning,DO
BER,Bolt,10-20 km,871f18b72ffffff,3,wkd_day,PU
CLJ,Bolt,5-10 km,871e0b38cffffff,2,wkd_day,DO
FRA,Bolt,10-20 km,871faeaacffffff,3,wkd_morning,PU
HEL,Bolt,30-40 km,871126d33ffffff,1,wkd_night,PU
MPL,Bolt,30-40 km,87396c41dffffff,4,wkd_morning,DO
NTE,Bolt,10-20 km,871845b13ffffff,1,wrek_evening,DO
KTW,Bolt,50-60 km,871e232dcffffff,2,wkd_morning,DO
KTW,Bolt,30-40 km,871e232dcffffff,12,wked_night,DO
FAO,Bolt,5-10 km,8739102edffffff,1,wkd_morning,PU
AMS,Bolt,20-30 km,871968261ffffff,2,wkd_evening,PU
DUS,Bolt,10-20 km,871fa52b3ffffff,1,wked_day,PU
NCE,Bolt,10-20 km,873969aa6ffffff,2,wkd_day,PU
SVQ,Cabify,0-5 km,87391c708ffffff,1,wkd_evening,PU
JED,Bolt,10-20 km,8753a952effffff,2,wked_morning,DO
BER,Bolt,30-40 km,871f1d488ffffff,1,wkd_day,PU
DBV,Bolt,20-30 km,871e8db43ffffff,1,wked_night,DO
HEL,Bolt,30-40 km,870899683ffffff,1,wrek_evening,PU
NCE,Bolt,30-40 km,87396916dffffff,1,wked_day,DO
DXB,Bolt,20-30 km,8743acd9bffffff,1,wked_night,PU
DUR,BoltEco,0-5 km,87bc1b2d2ffffff,1,wkd_morning,PU
EDI,Bolt,10-20 km,871972761ffffff,1,wkd_morning,DO
MAN,Bolt,5-10 km,871951b54ffffff,3,wkd_morning,PU
ZRH,Bolt,0-5 km,871f8eda0ffffff,1,wkd_late_evening,PU
AMS,Bolt,10-20 km,871969530ffffff,5,wked_night,DO
BCN,Cabify,10-20 km,87394461effffff,4,wked_day,PU
HEL,Bolt,20-30 km,871126c31ffffff,2,wkd_late_evening,DO
MUC,Bolt,10-20 km,871f8d732ffffff,1,wkd_night,PU
ORY,Bolt,10-20 km,871fb4644ffffff,5,wrek_late_evening,PU
PRG,Bolt,10-20 km,871e3541effffff,20,wrek_evening,DO
PRG,Bolt,10-20 km,871e35419ffffff,4,wrek_late_evening,DO
ARN,Bolt,30-40 km,870886752ffffff,4,wrek_evening,PU
GDN,Bolt,10-20 km,871f7248affffff,13,wked_morning,DO
ATH,Bolt Taxi,5-10 km,871eda66dffffff,3,wkd_night,DO
NBO,Bolt Basic,20-30 km,877a6e559ffffff,2,wkd_night,PU
CAI,Didi FLEX,50-60 km,873e6288effffff,5,wkd_day,PU
BCN,Cabify,20-30 km,873944601ffffff,9,wkd_day,PU
BCN,Cabify,10-20 km,873944608ffffff,5,wked_night,PU
BEY,Bolt,5-10 km,872da24eeffffff,4,wkd_day,DO
BOD,Bolt,5-10 km,87186b6ddffffff,6,wkd_night,DO
HEL,Bolt,5-10 km,871126d72ffffff,2,wkd_night,DO
LIS,Bolt,30-40 km,873933712ffffff,3,wkd_morning,PU
LIS,Bolt,10-20 km,87393362bffffff,5,wrek_evening,PU
MRS,Bolt,20-30 km,873968150ffffff,4,wkd_day,DO
NCE,Bolt,10-20 km,873969aa0ffffff,4,wkd_evening,PU
PRG,Bolt,10-20 km,871e3541dffffff,4,wkd_late_evening,DO
PRG,Bolt,20-30 km,871e35418ffffff,3,wkd_morning,DO
TLS,Bolt,10-20 km,87396018cffffff,4,wkd_day,PU
VLC,Cabify,10-20 km,873954016ffffff,3,wkd_morning,DO
VLC,Cabify,5-10 km,8739540adffffff,5,wkd_morning,DO
VLC,Cabify,10-20 km,8739540f4ffffff,4,wked_morning,DO
ATH,Bolt Taxi,30-40 km,871eda752ffffff,2,wkd_morning,DO
ATH,Bolt Taxi,10-20 km,873f74925ffffff,3,wkd_day,PU
RUH,Bolt,30-40 km,8753736f5ffffff,4,wked_morning,PU
BOD,Bolt,0-5 km,87186b6cbffffff,1,wrek_late_evening,PU
MPL,Bolt,30-40 km,87396c5b4ffffff,4,wkd_day,DO
MUC,Bolt,30-40 km,871f8d713ffffff,1,wkd_morning,DO
SXB,Bolt,10-20 km,871f85600ffffff,3,wkd_morning,PU
TSR,Bolt,0-5 km,871e192f4ffffff,1,wrek_late_evening,DO
OTP,Bolt,20-30 km,871eeeb6bffffff,1,wkd_night,PU
DUR,BoltEco,40-50 km,87bc1b280ffffff,1,wkd_night,DO
LIS,Bolt,40-50 km,873915d6dffffff,1,wkd_day,PU
AGP,Bolt,5-10 km,8739195aaffffff,1,wkd_day,DO
MRS,Bolt,10-20 km,87396802affffff,1,wkd_night,PU
JED,Bolt,20-30 km,8753a9529ffffff,1,wkd_late_evening,DO
AMS,Bolt,10-20 km,871969504ffffff,7,wkd_night,PU
AGP,Cabify,10-20 km,8739195b1ffffff,22,wrek_late_evening,PU
MRS,Bolt,20-30 km,873968152ffffff,7,wked_day,DO
NCE,Bolt,30-40 km,87396916dffffff,2,wrek_evening,DO
JNB,BoltEco,0-5 km,87bcc224affffff,4,wked_night,DO
ABV,Bolt,40-50 km,8758f468affffff,2,wkd_morning,PU
AMS,Bolt,0-5 km,871969c98ffffff,1,wrek_evening,PU
BCN,Cabify,10-20 km,87394461dffffff,26,wkd_night,DO
BCN,Cabify,0-5 km,873944611ffffff,1,wkd_night,DO
BER,Bolt,20-30 km,871f1d499ffffff,3,wkd_night,DO
FRA,Bolt,0-5 km,871faea80ffffff,7,wkd_morning,DO
FRA,Bolt,30-40 km,871faea26ffffff,4,wkd_morning,DO
GOT,Bolt,30-40 km,871f25a85ffffff,2,wked_morning,DO
LIS,Bolt,10-20 km,87393374dffffff,4,wkd_night,DO
LYS,Bolt,30-40 km,871f90209ffffff,8,wkd_day,DO
LYS,Bolt,20-30 km,871f902e8ffffff,4,wkd_night,DO
MMX,Bolt,30-40 km,871f05ba2ffffff,3,wkd_day,DO
MRS,Bolt,20-30 km,873968150ffffff,11,wked_day,DO
NCE,Bolt,20-30 km,873969ab2ffffff,17,wkd_late_evening,PU
TLS,Bolt,10-20 km,873960c46ffffff,4,wkd_day,PU
TLS,Bolt,10-20 km,8739601a8ffffff,5,wkd_evening,DO
TLS,Bolt,10-20 km,873960113ffffff,4,wkd_morning,DO
TLS,Bolt,10-20 km,87396018cffffff,8,wked_morning,PU
GDN,Bolt,10-20 km,871f72498ffffff,2,wkd_night,PU
VIE,Bolt,0-5 km,871e15a68ffffff,2,wkd_night,DO
WRO,Bolt,10-20 km,871e2040dffffff,10,wkd_evening,DO
DXB,Bolt,10-20 km,8743acd98ffffff,6,wkd_night,DO
DXB,Bolt,5-10 km,8743accb1ffffff,3,wkd_morning,DO
DXB,Bolt,5-10 km,8743a132affffff,2,wkd_morning,PU
NBO,Bolt Basic,5-10 km,877a6e51affffff,1,wkd_night,DO
JED,Bolt,20-30 km,8753a9572ffffff,3,wkd_day,PU
OTP,Bolt,0-5 km,871eec4e9ffffff,1,wkd_late_evening,DO
DBV,Bolt,20-30 km,871e8db46ffffff,6,wked_morning,DO
LIS,Bolt,30-40 km,8739337a1ffffff,2,wkd_night,PU
LIS,Bolt,5-10 km,87393360dffffff,6,wked_night,DO
MLA,Bolt,5-10 km,873f30450ffffff,1,wkd_night,DO
NCE,Bolt,20-30 km,873969a73ffffff,2,wkd_day,PU
VLC,Cabify,10-20 km,8739540a8ffffff,2,wkd_night,DO
CPH,Bolt,20-30 km,871f0599cffffff,1,wked_morning,DO
KRK,Bolt,20-30 km,871e2e79bffffff,1,wkd_evening,DO
MAD,Cabify,10-20 km,87390cb1bffffff,1,wked_morning,DO
NCE,Bolt,20-30 km,873969aa6ffffff,2,wkd_morning,DO
TLS,Bolt,20-30 km,87396018affffff,2,wrek_evening,DO
JED,Bolt,40-50 km,8753a9572ffffff,1,wkd_night,PU
BCN,Cabify,30-40 km,87394461dffffff,1,wkd_late_evening,DO
GOT,Bolt,0-5 km,871f25331ffffff,1,wkd_morning,DO
VIE,Bolt,20-30 km,871e15b42ffffff,1,wkd_day,DO
ZRH,Bolt,10-20 km,871f8ed91ffffff,9,wkd_night,DO
GDN,Bolt,5-10 km,871f7249dffffff,2,wked_morning,DO
DXB,Bolt,20-30 km,8743a1372ffffff,4,wked_morning,DO
ATH,Bolt Taxi,10-20 km,871eda2a9ffffff,1,wked_day,DO
BCN,Cabify,10-20 km,87394460effffff,69,wkd_late_evening,PU
BCN,Cabify,20-30 km,87394460effffff,11,wkd_morning,DO
BER,Bolt,20-30 km,871f1d48affffff,4,wkd_night,DO
OTP,Bolt,20-30 km,871eec7b0ffffff,1,wked_day,PU
CPH,Bolt,10-20 km,871f05832ffffff,6,wked_day,DO
DUS,Bolt,20-30 km,871fa5204ffffff,4,wkd_day,PU
DUS,Bolt,5-10 km,871fa52b3ffffff,11,wked_morning,DO
FRA,Bolt,5-10 km,871faeab3ffffff,6,wkd_morning,DO
LYS,Bolt,20-30 km,871f9020dffffff,1,wkd_late_evening,DO
MUC,Bolt,50-60 km,871f8d4edffffff,4,wkd_day,DO
MUC,Bolt,30-40 km,871f8d448ffffff,2,wkd_day,DO
NTE,Bolt,10-20 km,87184584cffffff,3,wked_night,DO
NTE,Bolt,10-20 km,871845ba0ffffff,1,wked_day,PU
NCE,Bolt,20-30 km,873969ab2ffffff,2,wkd_night,PU
ORY,Bolt,10-20 km,871fb46f5ffffff,4,wkd_morning,DO
CDG,Bolt,20-30 km,871fb4644ffffff,3,wkd_night,DO
PRG,Bolt,30-40 km,871e3541affffff,18,wkd_day,PU
ARN,Bolt,40-50 km,8708866e4ffffff,5,wkd_day,DO
VLC,Cabify,5-10 km,8739540a5ffffff,1,wkd_morning,DO
VLC,Cabify,10-20 km,87395401affffff,2,wkd_evening,DO
VLC,Cabify,10-20 km,87395401affffff,2,wked_day,PU
DXB,Bolt,20-30 km,8743a1370ffffff,3,wked_morning,PU
JNB,BoltEco,20-30 km,87bcc35a9ffffff,1,wrek_evening,PU
BCN,Cabify,5-10 km,873944603ffffff,1,wkd_day,DO
CPH,Bolt,0-5 km,871f05824ffffff,1,wkd_morning,PU
DBV,Bolt,5-10 km,871e8da61ffffff,2,wkd_day,DO
LIL,Bolt,10-20 km,871949936ffffff,1,wkd_evening,DO
MPL,Bolt,5-10 km,87396c4b0ffffff,2,wkd_night,DO
POZ,Bolt,5-10 km,871e24ab0ffffff,1,wkd_day,DO
FAO,Bolt,10-20 km,873911475ffffff,1,wrek_evening,PU
AMS,Bolt,20-30 km,8719694b3ffffff,2,wkd_late_evening,PU
HEL,Bolt,20-30 km,871126d1cffffff,2,wkd_evening,PU
LYS,Bolt,10-20 km,871f902e5ffffff,1,wkd_day,DO
NCE,Bolt,20-30 km,873969ab2ffffff,1,wked_day,PU
VIE,Bolt,5-10 km,871e15b71ffffff,1,wrek_late_evening,DO
DUR,BoltEco,70-80 km,87bcf5951ffffff,1,wkd_late_evening,PU
DUR,BoltEco,10-20 km,87bc1b6edffffff,2,wked_day,PU
FAO,Bolt,5-10 km,87391020effffff,1,wkd_day,DO
DBV,Bolt,0-5 km,871e8db43ffffff,1,wrek_late_evening,DO
PRG,Bolt,0-5 km,871e354acffffff,1,wkd_evening,PU
PLZ,BoltEco,5-10 km,87bc73ba6ffffff,2,wked_day,PU
ZRH,Bolt,20-30 km,871f83aebffffff,4,wkd_day,DO
ZRH,Bolt,0-5 km,871f8edb3ffffff,1,wkd_evening,DO
BHX,Bolt,10-20 km,87195c32affffff,2,wkd_day,PU
AMS,Bolt,10-20 km,871969c9bffffff,4,wrek_late_evening,PU
CDG,Bolt,20-30 km,871fb4666ffffff,29,wked_day,PU
CDG,Bolt,20-30 km,871fb4666ffffff,22,wkd_night,PU
GDN,Bolt,10-20 km,871f09b20ffffff,29,wrek_evening,DO
ATH,Bolt Taxi,40-50 km,871eda75effffff,7,wked_day,DO
FAO,Bolt,10-20 km,8739115acffffff,4,wkd_morning,DO
BCN,Cabify,10-20 km,87394461dffffff,9,wkd_late_evening,DO
BER,Bolt,0-5 km,871f18a21ffffff,2,wkd_day,DO
BOD,Bolt,50-60 km,87186b29effffff,4,wkd_late_evening,PU
CPH,Bolt,10-20 km,871f05833ffffff,36,wkd_morning,DO
CPH,Bolt,10-20 km,871f05822ffffff,12,wkd_day,DO
FRA,Bolt,10-20 km,871faeaa8ffffff,12,wkd_morning,DO
GOT,Bolt,20-30 km,871f25332ffffff,2,wkd_late_evening,PU
GOT,Bolt,20-30 km,871f25332ffffff,6,wkd_day,PU
KRK,Bolt,5-10 km,871e2e6b1ffffff,3,wkd_day,PU
LIS,Bolt,5-10 km,87393362cffffff,4,wkd_late_evening,DO
AGP,Cabify,10-20 km,8739182dbffffff,41,wkd_morning,DO
MUC,Bolt,30-40 km,871f8d44cffffff,4,wkd_day,PU
MUC,Bolt,30-40 km,871f8d46affffff,3,wkd_morning,DO
OSL,Bolt,10-20 km,8709992ccffffff,2,wkd_day,PU
ORY,Bolt,40-50 km,871fb0962ffffff,8,wked_day,DO
PRG,Bolt,20-30 km,871e3541bffffff,1,wkd_morning,PU
TLS,Bolt,10-20 km,873960185ffffff,4,wkd_morning,DO
GDN,Bolt,10-20 km,871f7249bffffff,1,wkd_night,PU
VLC,Cabify,10-20 km,8739540a9ffffff,19,wkd_morning,DO
VLC,Cabify,10-20 km,8739540a8ffffff,2,wked_day,DO
VIE,Bolt,20-30 km,871e15b6effffff,4,wkd_late_evening,DO
VNO,Bolt,20-30 km,871f40a8dffffff,2,wkd_night,PU
VNO,Bolt,0-5 km,871f4032bffffff,2,wkd_night,PU
DXB,Bolt,30-40 km,8743a1368ffffff,1,wkd_night,PU
DXB,Bolt,0-5 km,8743acca6ffffff,6,wkd_night,PU
ATH,Bolt Taxi,0-5 km,871eda29affffff,6,wkd_late_evening,DO
ATH,Bolt Taxi,40-50 km,871eda75effffff,4,wkd_night,DO
JED,Bolt,30-40 km,8753a9521ffffff,2,wkd_late_evening,DO
AMS,Bolt,20-30 km,871969524ffffff,3,wkd_day,PU
BCN,Cabify,5-10 km,8739446a0ffffff,1,wkd_evening,DO
DBV,Bolt,20-30 km,871e8db42ffffff,2,wked_day,PU
MRS,Bolt,30-40 km,873968c6dffffff,3,wkd_morning,DO
MRS,Bolt,20-30 km,873968152ffffff,3,wkd_late_evening,DO
NTE,Bolt,20-30 km,871845a34ffffff,3,wkd_day,PU
NCE,Bolt,20-30 km,873969ab2ffffff,5,wkd_day,PU
VIE,Bolt,20-30 km,871e15b73ffffff,4,wkd_night,PU
JNB,BoltEco,30-40 km,87bcc3508ffffff,2,wked_day,PU
DUR,BoltEco,40-50 km,87bc1b293ffffff,4,wkd_day,PU
FAO,Bolt,20-30 km,87391020affffff,1,wrek_evening,PU
BOD,Bolt,20-30 km,87186b6edffffff,2,wrek_evening,DO
DOH,TaxiF Eco+,10-20 km,87536bce2ffffff,2,wkd_late_evening,DO
MUC,Bolt,30-40 km,871f8d44cffffff,1,wkd_late_evening,PU
OSL,Bolt,0-5 km,870999312ffffff,2,wkd_night,PU
PRG,Bolt,10-20 km,871e3541bffffff,1,wkd_evening,PU
WRO,Bolt,5-10 km,871e20403ffffff,3,wkd_night,DO
ATH,Bolt Taxi,50-60 km,871eda75cffffff,2,wkd_late_evening,PU
ATH,Bolt Taxi,50-60 km,871eda2a9ffffff,1,wked_day,DO
JED,Bolt,10-20 km,8753a950dffffff,1,wkd_morning,PU
SXB,Bolt,20-30 km,871f85624ffffff,1,wkd_day,DO
GDN,Bolt,30-40 km,871f09b20ffffff,1,wkd_day,DO
RUH,Bolt,40-50 km,875355d04ffffff,1,wkd_night,DO
ZRH,Bolt,10-20 km,871f8ed95ffffff,12,wkd_evening,PU
BER,Bolt,30-40 km,871f1d483ffffff,6,wkd_late_evening,PU
MAD,Cabify,20-30 km,87390cb1bffffff,6,wkd_night,DO
MRS,Bolt,20-30 km,873968152ffffff,3,wrek_late_evening,DO
PRG,Bolt,10-20 km,871e35411ffffff,2,wked_morning,DO
TLS,Bolt,5-10 km,8739601a3ffffff,4,wked_day,DO
ATH,Bolt Taxi,30-40 km,871eda743ffffff,26,wked_morning,DO
FAO,Bolt,40-50 km,873911475ffffff,3,wrek_late_evening,DO
AMS,Bolt,5-10 km,871969514ffffff,11,wkd_night,PU
AMS,Bolt,20-30 km,871969c9cffffff,2,wkd_morning,DO
BCN,Cabify,20-30 km,87394460dffffff,2,wkd_night,DO
BER,Bolt,30-40 km,871f1d483ffffff,4,wkd_day,DO
BOD,Bolt,10-20 km,87184dd65ffffff,6,wkd_evening,PU
BOD,Bolt,5-10 km,87186b6deffffff,3,wkd_night,DO
OTP,Bolt,5-10 km,871eec45bffffff,4,wkd_day,PU
CGN,Bolt,20-30 km,871fa1110ffffff,3,wkd_morning,DO
CPH,Bolt,10-20 km,871f0599dffffff,4,wkd_evening,DO
FRA,Bolt,10-20 km,871faeaa0ffffff,4,wked_day,DO
LIS,Bolt,0-5 km,873933629ffffff,5,wkd_late_evening,PU
LIS,Bolt,5-10 km,87393362dffffff,2,wked_night,PU
AGP,Bolt,0-5 km,8739195b1ffffff,1,wked_day,DO
MUC,Bolt,40-50 km,871f8d459ffffff,3,wked_day,DO
NCE,Bolt,0-5 km,873969a08ffffff,1,wkd_day,PU
NCE,Bolt,20-30 km,873969ab6ffffff,4,wkd_night,DO
NCE,Bolt,5-10 km,873969a0effffff,21,wkd_day,DO
NCE,Bolt,10-20 km,873969a0dffffff,3,wked_morning,DO
SVQ,Cabify,5-10 km,87391c70dffffff,2,wkd_day,DO
VNO,Bolt,0-5 km,871f40308ffffff,13,wkd_late_evening,PU
VNO,Bolt,10-20 km,871f40354ffffff,3,wkd_night,DO
DXB,Bolt,5-10 km,8743accb0ffffff,1,wked_night,PU
DWC,Bolt,60-70 km,8743acd9dffffff,4,wked_morning,DO
DXB,Bolt,5-10 km,8743acc86ffffff,2,wked_morning,PU
DUR,BoltEco,50-60 km,87bc1b2d2ffffff,3,wkd_morning,PU
CGN,Bolt,10-20 km,871fa181dffffff,2,wkd_night,DO
DBV,Bolt,20-30 km,871e8db43ffffff,5,wkd_late_evening,PU
DBV,Bolt,20-30 km,871e8db44ffffff,2,wkd_evening,DO
HEL,Bolt,40-50 km,8711268a5ffffff,4,wkd_evening,PU
AGP,Bolt,5-10 km,8739195b1ffffff,6,wrek_evening,PU
NTE,Bolt,10-20 km,87184584cffffff,1,wkd_evening,PU
NCE,Bolt,5-10 km,873969a0effffff,1,wkd_late_evening,DO
NCE,Bolt,20-30 km,873969aa6ffffff,1,wkd_evening,DO
VIE,Bolt,10-20 km,871e15b45ffffff,3,wked_morning,PU
DXB,Bolt,10-20 km,8743acd9bffffff,1,wkd_morning,DO
DUR,BoltEco,10-20 km,87bcf5d0cffffff,2,wked_day,PU
PLZ,BoltEco,10-20 km,87bc73b15ffffff,1,wkd_morning,DO
KRK,Bolt,0-5 km,871e2e6b0ffffff,1,wkd_late_evening,DO
OSL,Bolt,50-60 km,8709993a6ffffff,2,wkd_day,DO
PRG,Bolt,10-20 km,871e35413ffffff,6,wkd_morning,DO
VIE,Bolt,10-20 km,871e15b66ffffff,1,wkd_night,DO
FAO,Bolt,0-5 km,873911580ffffff,1,wkd_evening,DO
MRS,Bolt,30-40 km,873968143ffffff,1,wked_day,PU
ORY,Bolt,10-20 km,871fb4674ffffff,3,wkd_night,PU
GDN,Bolt,0-5 km,871f09b20ffffff,1,wked_morning,DO
LGW,Bolt,40-50 km,87194e6e5ffffff,2,wked_night,PU
ZRH,Bolt,20-30 km,871f83aebffffff,1,wkd_morning,DO
LHR,Bolt,10-20 km,87194ad86ffffff,1,wkd_morning,PU
STN,Bolt,50-60 km,87195dbb5ffffff,1,wkd_late_evening,PU
GOT,Bolt,20-30 km,871f2506cffffff,7,wked_night,DO
LYS,Bolt,10-20 km,871f9024bffffff,4,wked_morning,DO
TLS,Bolt,10-20 km,873960115ffffff,4,wrek_evening,PU
GDN,Bolt,10-20 km,871f09b24ffffff,5,wkd_late_evening,DO
VIE,Bolt,20-30 km,871e15b54ffffff,4,wked_day,PU
ATH,Bolt Taxi,5-10 km,871eda29affffff,3,wked_day,DO
BCN,Cabify,10-20 km,87394461cffffff,7,wkd_night,PU
BCN,Cabify,10-20 km,8739446a5ffffff,5,wkd_night,PU
BER,Bolt,20-30 km,871f1d49dffffff,5,wkd_night,DO
OTP,Bolt,10-20 km,871eec6b6ffffff,4,wkd_night,PU
CPH,Bolt,10-20 km,871f05835ffffff,24,wkd_night,DO
CPH,Bolt,10-20 km,871f05836ffffff,3,wkd_morning,DO
FRA,Bolt,10-20 km,871faeaadffffff,9,wkd_day,DO
GOT,Bolt,30-40 km,871f25045ffffff,2,wkd_morning,PU
HEL,Bolt,10-20 km,8708996c2ffffff,6,wkd_day,DO
HEL,Bolt,30-40 km,871126d30ffffff,3,wrek_evening,DO
KRK,Bolt,10-20 km,871e2e684ffffff,3,wkd_night,DO
LYS,Bolt,20-30 km,871f90256ffffff,3,wkd_night,DO
MAD,Cabify,10-20 km,87390cb1bffffff,17,wkd_evening,DO
MAD,Cabify,20-30 km,87390ca35ffffff,2,wkd_evening,DO
MPL,Bolt,5-10 km,87396c59affffff,5,wked_morning,PU
NTE,Bolt,0-5 km,87184584cffffff,1,wkd_morning,PU
OSL,Bolt,0-5 km,870999248ffffff,2,wkd_night,PU
OSL,Bolt,40-50 km,870999381ffffff,6,wkd_day,DO
CDG,Bolt,20-30 km,871fb464dffffff,4,wkd_morning,DO
ARN,Bolt,40-50 km,870886619ffffff,3,wkd_night,DO
TLS,Bolt,10-20 km,8739601b6ffffff,4,wrek_late_evening,PU
GDN,Bolt,10-20 km,871f09b35ffffff,3,wkd_evening,DO
VLC,Cabify,10-20 km,8739540a8ffffff,3,wkd_evening,PU
VIE,Bolt,10-20 km,871e15b46ffffff,65,wkd_morning,DO
VNO,Bolt,5-10 km,871f4030cffffff,9,wkd_late_evening,DO
DXB,Bolt,10-20 km,8743a1205ffffff,1,wkd_night,DO
ATH,Bolt Taxi,30-40 km,871eda743ffffff,41,wkd_morning,DO
WIL,Bolt Basic,10-20 km,877a6e401ffffff,3,wkd_night,DO
AMS,Bolt,30-40 km,871969494ffffff,3,wkd_night,PU
GOT,Bolt,30-40 km,871f2504effffff,3,wkd_evening,PU
IAS,Bolt,5-10 km,871e556e2ffffff,1,wked_night,DO
NCE,Bolt,0-5 km,873969a1dffffff,6,wkd_night,DO
JNB,BoltEco,30-40 km,87bcc350effffff,2,wkd_day,PU
ATH,Bolt Taxi,0-5 km,871eda74effffff,1,wkd_day,DO
JED,Bolt,10-20 km,8753a9554ffffff,1,wkd_morning,DO
AMS,Bolt,0-5 km,871969535ffffff,1,wkd_night,PU
LIS,Bolt,20-30 km,8739337a9ffffff,1,wkd_night,PU
MPL,Bolt,0-5 km,87396c590ffffff,1,wked_day,PU
NTE,Bolt,10-20 km,871845849ffffff,2,wkd_day,PU
RUH,Bolt,0-5 km,875355daeffffff,1,wkd_night,DO
RUH,Bolt,60-70 km,875355d8cffffff,1,wkd_evening,DO
RUH,Bolt,60-70 km,875354aebffffff,1,wked_night,DO
CAI,Didi FLEX,10-20 km,873e62853ffffff,1,wkd_night,PU
CPH,Bolt,0-5 km,871f0591bffffff,1,wkd_day,DO
DBV,Bolt,20-30 km,871e8db42ffffff,1,wked_morning,DO
SOU,Bolt,0-5 km,871959108ffffff,4,wkd_day,PU
EMA,Bolt,0-5 km,871943495ffffff,3,wkd_late_evening,PU
LHR,Bolt,30-40 km,87195da26ffffff,1,wkd_late_evening,DO
OTP,Bolt,0-5 km,871eec794ffffff,2,wked_day,DO
DOH,TaxiF Eco+,5-10 km,87536bc19ffffff,11,wkd_day,DO
DUS,Bolt,5-10 km,871fa52b3ffffff,6,wrek_late_evening,DO
LIL,Bolt,20-30 km,87194d39bffffff,4,wrek_late_evening,PU
MUC,Bolt,30-40 km,871f8d44affffff,17,wrek_evening,DO
DXB,Bolt,0-5 km,8743a136bffffff,1,wrek_evening,DO
JED,Bolt,30-40 km,8753a942cffffff,6,wkd_day,DO
ABV,Bolt,40-50 km,8758f46d6ffffff,2,wkd_day,DO
ABV,Bolt,40-50 km,8758f46d6ffffff,4,wkd_late_evening,DO
ABV,Bolt,20-30 km,8758f0d20ffffff,1,wked_morning,DO
FAO,Bolt,30-40 km,87391020affffff,7,wkd_night,DO
AMS,Bolt,10-20 km,871969536ffffff,7,wkd_late_evening,PU
BEY,Bolt,20-30 km,872db1b21ffffff,3,wkd_morning,DO
BEY,Bolt,20-30 km,872da2785ffffff,3,wkd_day,DO
BER,Bolt,20-30 km,871f1d4d1ffffff,4,wkd_night,DO
BER,Bolt,10-20 km,871f18b01ffffff,1,wkd_late_evening,PU
BOD,Bolt,10-20 km,87186b6caffffff,7,wkd_evening,PU
BOD,Bolt,10-20 km,87184dd65ffffff,4,wkd_evening,DO
CPH,Bolt,5-10 km,871f05831ffffff,4,wkd_night,PU
DUS,Bolt,10-20 km,871fa5293ffffff,3,wkd_night,DO
DUS,Bolt,10-20 km,871fa5286ffffff,5,wkd_late_evening,DO
GOT,Bolt,40-50 km,8708b6964ffffff,3,wked_day,DO
HEL,Bolt,20-30 km,871126d34ffffff,2,wkd_night,DO
HEL,Bolt,20-30 km,871126d33ffffff,13,wkd_evening,PU
LYS,Bolt,20-30 km,871f902e5ffffff,2,wked_day,DO
AGP,Bolt,20-30 km,873919585ffffff,48,wkd_evening,PU
NTE,Bolt,5-10 km,87184584affffff,3,wkd_late_evening,DO
OSL,Bolt,0-5 km,87099906affffff,1,wked_morning,DO
ORY,Bolt,10-20 km,871fb4644ffffff,9,wkd_day,PU
PRG,Bolt,20-30 km,871e354f4ffffff,3,wked_day,PU
SVQ,Cabify,20-30 km,87391c70affffff,8,wkd_day,PU
ARN,Bolt,40-50 km,87088661effffff,3,wkd_day,PU
VIE,Bolt,5-10 km,871e15a68ffffff,2,wkd_day,DO
VNO,Bolt,10-20 km,871f40308ffffff,2,wkd_morning,DO
WRO,Bolt,5-10 km,871e20423ffffff,6,wkd_morning,DO
DXB,Bolt,10-20 km,8743acca1ffffff,1,wkd_day,PU
JNB,BoltEco,5-10 km,87bcc2248ffffff,1,wked_day,DO
DUR,BoltEco,10-20 km,87bc1b6e8ffffff,17,wkd_day,DO
DUR,BoltEco,20-30 km,87bcf5d03ffffff,3,wkd_day,DO
DUR,BoltEco,10-20 km,87bc1b6edffffff,4,wked_night,DO
AMS,Bolt,10-20 km,871969522ffffff,3,wkd_night,PU
BEY,Bolt,5-10 km,872da24eaffffff,3,wkd_late_evening,DO
HEL,Bolt,20-30 km,871126d1dffffff,1,wkd_night,DO
MPL,Bolt,0-5 km,87396c4b0ffffff,2,wked_day,PU
NTE,Bolt,20-30 km,871845841ffffff,10,wkd_day,DO
VIE,Bolt,30-40 km,871e15b72ffffff,1,wkd_day,PU
DXB,Bolt,20-30 km,8743accb5ffffff,2,wkd_day,PU
DXB,Bolt,40-50 km,8743a1300ffffff,4,wkd_day,PU
ATH,Bolt Taxi,0-5 km,871eda75cffffff,1,wkd_day,PU
ATH,Bolt Taxi,10-20 km,873f74925ffffff,3,wked_night,DO
JED,Bolt,10-20 km,8753a9529ffffff,2,wkd_morning,PU
BEY,Bolt,50-60 km,872db1a6cffffff,2,wked_night,PU
VNO,Bolt,5-10 km,871f40370ffffff,1,wkd_late_evening,DO
NTE,Bolt,5-10 km,871845841ffffff,1,wkd_day,DO
SVQ,Cabify,20-30 km,87391c71dffffff,2,wkd_night,DO
JED,Bolt,50-60 km,8753a950bffffff,1,wkd_morning,PU
JED,Bolt,20-30 km,8753a952bffffff,3,wkd_morning,DO
ZRH,Bolt,20-30 km,871f8ec95ffffff,3,wkd_evening,PU
LHR,Bolt,0-5 km,87195dac9ffffff,1,wrek_evening,PU
FAO,Bolt,30-40 km,87391020affffff,11,wked_day,DO
BCN,Cabify,20-30 km,87394460effffff,8,wked_day,DO
TLS,Bolt,5-10 km,8739601a8ffffff,3,wrek_late_evening,DO
FAO,Bolt,60-70 km,873911722ffffff,5,wkd_late_evening,DO
AMS,Bolt,10-20 km,871969536ffffff,6,wkd_night,PU
BCN,Cabify,20-30 km,873944632ffffff,2,wkd_evening,DO
CPH,Bolt,0-5 km,871f05804ffffff,1,wked_night,DO
DUS,Bolt,50-60 km,871fa5366ffffff,3,wkd_late_evening,PU
LIS,Bolt,5-10 km,873933628ffffff,4,wkd_evening,PU
MUC,Bolt,30-40 km,871f8d54bffffff,4,wkd_morning,DO
MUC,Bolt,40-50 km,871f8d45cffffff,2,wked_morning,DO
OSL,Bolt,10-20 km,8708a4510ffffff,3,wkd_late_evening,PU
OSL,Bolt,50-60 km,870999386ffffff,2,wrek_late_evening,DO
ORY,Bolt,10-20 km,871fb4644ffffff,10,wkd_day,DO
ARN,Bolt,40-50 km,87088661dffffff,4,wked_night,PU
TLS,Bolt,5-10 km,8739601a1ffffff,1,wkd_late_evening,DO
TLS,Bolt,10-20 km,873960181ffffff,2,wkd_evening,PU
GDN,Bolt,20-30 km,871f725aaffffff,2,wkd_night,PU
VLC,Cabify,0-5 km,873954013ffffff,1,wked_morning,PU
WRO,Bolt,10-20 km,871e2040dffffff,3,wked_night,DO
FAO,Bolt,40-50 km,87391020effffff,3,wrek_late_evening,PU
BER,Bolt,10-20 km,871f18b0cffffff,4,wkd_day,PU
OTP,Bolt,5-10 km,871eec7b0ffffff,1,wkd_late_evening,DO
DUS,Bolt,10-20 km,871fa574cffffff,2,wkd_morning,DO
IAS,Bolt,5-10 km,871e556e2ffffff,3,wrek_evening,DO
LIS,Bolt,5-10 km,873933759ffffff,2,wkd_evening,PU
MLA,Bolt,10-20 km,873f30450ffffff,9,wkd_morning,DO
NCE,Bolt,10-20 km,873969a40ffffff,1,wkd_morning,DO
TSR,Bolt,0-5 km,871e192f2ffffff,2,wrek_late_evening,DO
GDN,Bolt,20-30 km,871f724d2ffffff,1,wkd_day,DO
VLC,Cabify,10-20 km,873954014ffffff,2,wkd_late_evening,DO
ATH,Bolt Taxi,30-40 km,871eda74cffffff,3,wkd_morning,DO
FAO,Bolt,10-20 km,873911580ffffff,1,wked_night,DO
BOD,Bolt,5-10 km,87184dd71ffffff,1,wkd_night,DO
TLS,Bolt,10-20 km,8739601aeffffff,2,wkd_day,DO
ABV,Bolt,40-50 km,8758f46d3ffffff,1,wrek_late_evening,PU
CLJ,Bolt,0-5 km,871e0b214ffffff,1,wked_morning,PU
GOT,Bolt,40-50 km,8708b6964ffffff,1,wrek_evening,DO
DXB,Bolt,10-20 km,8743a136bffffff,1,wrek_late_evening,DO
JED,Bolt,10-20 km,8753a9572ffffff,1,wkd_day,DO
ZRH,Bolt,10-20 km,871f8edb6ffffff,2,wkd_late_evening,DO
ZRH,Bolt,10-20 km,871f8eda2ffffff,1,wkd_morning,DO
ZRH,Bolt,5-10 km,871f8ed95ffffff,3,wrek_late_evening,PU
FRA,Bolt,20-30 km,871faea35ffffff,3,wked_day,DO
JNB,BoltEco,30-40 km,87bcc358cffffff,3,wked_day,DO
BCN,Cabify,10-20 km,87394460cffffff,11,wkd_night,DO
BCN,Cabify,5-10 km,8739446acffffff,3,wkd_morning,PU
BCN,Cabify,20-30 km,873944601ffffff,3,wkd_late_evening,PU
BEY,Bolt,10-20 km,872da24e5ffffff,3,wkd_night,DO
DUS,Bolt,20-30 km,871fa50e3ffffff,1,wkd_evening,DO
FRA,Bolt,50-60 km,871fae84bffffff,3,wkd_night,PU
GOT,Bolt,30-40 km,871f25a92ffffff,4,wkd_day,DO
LYS,Bolt,30-40 km,871f902e5ffffff,1,wkd_day,DO
MRS,Bolt,20-30 km,87396802cffffff,6,wkd_night,DO
MPL,Bolt,5-10 km,87396e96dffffff,2,wked_day,PU
MUC,Bolt,0-5 km,871f8d44affffff,2,wkd_late_evening,DO
NTE,Bolt,20-30 km,871845840ffffff,2,wkd_day,PU
OSL,Bolt,50-60 km,8709993a1ffffff,4,wkd_evening,PU
OSL,Bolt,50-60 km,870999386ffffff,3,wked_night,PU
ORY,Bolt,10-20 km,871fb4670ffffff,11,wkd_late_evening,PU
PRG,Bolt,10-20 km,871e354adffffff,14,wkd_late_evening,PU
VIE,Bolt,20-30 km,871e15b73ffffff,23,wkd_evening,DO
VIE,Bolt,30-40 km,871e15b54ffffff,3,wrek_evening,PU
DXB,Bolt,10-20 km,8743a134cffffff,2,wkd_morning,DO
ATH,Bolt Taxi,30-40 km,871eda74cffffff,6,wkd_late_evening,PU
ATH,Bolt Taxi,0-5 km,871eda752ffffff,2,wrek_evening,PU
NBO,Bolt Basic,20-30 km,877a6e42effffff,4,wked_day,PU
RUH,Bolt,40-50 km,8753734d9ffffff,4,wkd_morning,DO
AMS,Bolt,20-30 km,871968209ffffff,1,wkd_day,PU
OTP,Bolt,10-20 km,871eeeb6dffffff,4,wkd_evening,DO
CLJ,Bolt,5-10 km,871e0b38affffff,2,wkd_day,PU
CLJ,Bolt,5-10 km,871e0b381ffffff,4,wkd_night,DO
CLJ,Bolt,5-10 km,871e0b38cffffff,2,wked_morning,DO
HEL,Bolt,20-30 km,870899698ffffff,1,wkd_night,DO
HEL,Bolt,10-20 km,871126d0cffffff,2,wked_morning,DO
KRK,Bolt,0-5 km,871e2e686ffffff,1,wkd_late_evening,DO
LYS,Bolt,20-30 km,871f90209ffffff,2,wkd_morning,DO
NCE,Bolt,0-5 km,873969a0dffffff,1,wked_morning,DO
POZ,Bolt,10-20 km,871e24aa5ffffff,1,wkd_late_evening,DO
POZ,Bolt,10-20 km,871e24a9cffffff,1,wkd_night,DO
PRG,Bolt,30-40 km,871e3541affffff,1,wkd_evening,DO
NBO,Bolt Basic,10-20 km,877a6e519ffffff,2,wkd_late_evening,PU
BCN,Cabify,20-30 km,873944675ffffff,1,wkd_morning,DO
GOT,Bolt,40-50 km,871f2539bffffff,2,wkd_evening,PU
HEL,Bolt,10-20 km,871126d23ffffff,2,wkd_evening,PU
LIS,Bolt,0-5 km,873933759ffffff,1,wrek_late_evening,PU
AMS,Bolt,0-5 km,871969cdeffffff,1,wkd_night,DO
CLJ,Bolt,5-10 km,871e0b381ffffff,2,wrek_evening,DO
CPH,Bolt,0-5 km,871f05834ffffff,1,wked_night,PU
GDN,Bolt,10-20 km,871f724a3ffffff,1,wkd_night,PU
VNO,Bolt,10-20 km,871f40323ffffff,1,wkd_late_evening,DO
ATH,Bolt Taxi,0-5 km,871eda743ffffff,1,wkd_day,DO
ZRH,Bolt,10-20 km,871f8edb3ffffff,4,wked_day,DO
NCL,Bolt,10-20 km,871973344ffffff,2,wkd_late_evening,PU
BCN,Cabify,5-10 km,87394461dffffff,1,wrek_late_evening,DO
BEY,Bolt,40-50 km,872da2718ffffff,4,wkd_night,PU
LIS,Bolt,5-10 km,87393362dffffff,5,wrek_late_evening,PU
AGP,Cabify,20-30 km,873919585ffffff,24,wked_morning,PU
CDG,Bolt,0-5 km,871fb4674ffffff,1,wrek_evening,PU
ATH,Bolt Taxi,10-20 km,871eda2adffffff,4,wked_day,DO
JED,Bolt,30-40 km,8753a9421ffffff,5,wkd_morning,DO
AMS,Bolt,10-20 km,871969531ffffff,3,wrek_late_evening,PU
BCN,Cabify,10-20 km,87394460effffff,44,wkd_evening,PU
GOT,Bolt,20-30 km,871f25a93ffffff,5,wkd_evening,DO
HEL,Bolt,0-5 km,871126d75ffffff,1,wrek_late_evening,PU
KRK,Bolt,5-10 km,871e2e6b1ffffff,1,wkd_evening,PU
LIS,Bolt,5-10 km,87393362dffffff,26,wkd_late_evening,PU
MRS,Bolt,20-30 km,873968028ffffff,3,wkd_night,PU
NTE,Bolt,10-20 km,871845b02ffffff,2,wked_day,DO
NTE,Bolt,5-10 km,87184584bffffff,1,wrek_evening,DO
NCE,Bolt,10-20 km,873969a12ffffff,4,wkd_night,DO
NCE,Bolt,0-5 km,873969a11ffffff,7,wkd_day,DO
OSL,Bolt,40-50 km,870999386ffffff,4,wkd_evening,PU
PRG,Bolt,10-20 km,871e354b0ffffff,4,wked_day,DO
TLS,Bolt,5-10 km,8739601a3ffffff,5,wkd_morning,PU
VLC,Cabify,5-10 km,8739540aeffffff,1,wkd_day,DO
VIE,Bolt,10-20 km,871e15b46ffffff,12,wked_night,DO
VNO,Bolt,5-10 km,871f4030cffffff,50,wkd_day,DO
DXB,Bolt,5-10 km,8743a136bffffff,1,wkd_late_evening,PU
DXB,Bolt,5-10 km,8743acd9bffffff,3,wkd_morning,DO
JED,Bolt,20-30 km,8753a9571ffffff,2,wkd_night,DO
ABV,Bolt,40-50 km,8758f4682ffffff,1,wkd_day,PU
BCN,Cabify,20-30 km,873944608ffffff,3,wkd_night,PU
OTP,Bolt,20-30 km,871eeeb4cffffff,2,wkd_night,PU
CLJ,Bolt,5-10 km,871e0b38cffffff,2,wkd_night,PU
MPL,Bolt,0-5 km,87396c4b0ffffff,3,wkd_day,DO
DXB,Bolt,5-10 km,8743a136bffffff,1,wkd_day,PU
ABV,Bolt,40-50 km,8758f46f6ffffff,2,wkd_late_evening,DO
BOD,Bolt,0-5 km,87184dd29ffffff,1,wkd_morning,PU
OTP,Bolt,10-20 km,871eeeb41ffffff,1,wkd_day,DO
OTP,Bolt,5-10 km,871eec791ffffff,1,wked_morning,DO
VIE,Bolt,5-10 km,871e15b71ffffff,1,wkd_morning,DO
ATH,Bolt Taxi,0-5 km,871eda74cffffff,1,wkd_evening,PU
AMS,Bolt,5-10 km,871969c9bffffff,1,wkd_day,PU
BOD,Bolt,5-10 km,87184dd65ffffff,1,wkd_morning,DO
DBV,Bolt,10-20 km,871e8db4bffffff,2,wked_morning,PU
GOT,Bolt,10-20 km,871f25a9effffff,1,wkd_night,PU
AGP,Bolt,5-10 km,8739182dbffffff,1,wkd_evening,DO
ORY,Bolt,10-20 km,871fb0962ffffff,1,wkd_day,PU
JED,Bolt,50-60 km,8753a9cd8ffffff,1,wkd_morning,PU
EDI,Bolt,0-5 km,871972766ffffff,2,wked_night,DO
BHX,Bolt,5-10 km,87195ca9affffff,3,wkd_night,DO
ZRH,Bolt,0-5 km,871f8eda3ffffff,9,wkd_evening,DO
LTN,Bolt,40-50 km,87195da48ffffff,1,wkd_evening,PU
MAD,Cabify,0-5 km,87390cb5affffff,1,wked_night,PU
MUC,Bolt,30-40 km,871f8d44affffff,53,wkd_late_evening,PU
DXB,Bolt,10-20 km,8743acd98ffffff,1,wrek_late_evening,PU
AMS,Bolt,10-20 km,871969522ffffff,1,wkd_night,DO
BER,Bolt,0-5 km,871f18a20ffffff,2,wkd_day,DO
OTP,Bolt,0-5 km,871eec794ffffff,6,wkd_night,DO
OTP,Bolt,20-30 km,871eec79effffff,4,wkd_morning,PU
FRA,Bolt,20-30 km,871faeae0ffffff,2,wkd_day,PU
FRA,Bolt,10-20 km,871faeaa8ffffff,11,wked_day,PU
HEL,Bolt,10-20 km,871126d21ffffff,1,wkd_night,PU
HEL,Bolt,30-40 km,8708996b1ffffff,1,wkd_morning,DO
HEL,Bolt,30-40 km,8708996b0ffffff,4,wked_day,DO
KRK,Bolt,20-30 km,871e2e686ffffff,2,wrek_late_evening,PU
LIS,Bolt,5-10 km,87393360dffffff,6,wkd_day,PU
LIS,Bolt,10-20 km,8739332b5ffffff,4,wkd_late_evening,PU
NCE,Bolt,0-5 km,873969a1cffffff,16,wkd_morning,DO
NCE,Bolt,5-10 km,873969a08ffffff,11,wkd_evening,PU
ORY,Bolt,20-30 km,871fb4666ffffff,4,wkd_morning,PU
RTM,Bolt,20-30 km,87196b843ffffff,5,wkd_late_evening,DO
TLS,Bolt,5-10 km,8739601b1ffffff,4,wkd_late_evening,DO
TLS,Bolt,20-30 km,87396018bffffff,2,wkd_late_evening,PU
TLS,Bolt,5-10 km,8739601aaffffff,2,wrek_late_evening,PU
VLC,Cabify,10-20 km,8739540a9ffffff,2,wked_day,PU
VLC,Cabify,0-5 km,8739540adffffff,1,wked_morning,DO
DXB,Bolt,40-50 km,8743a132effffff,4,wkd_night,PU
DXB,Bolt,20-30 km,8743a136effffff,1,wrek_evening,PU
NBO,Bolt Basic,20-30 km,877a6e55affffff,3,wked_morning,DO
FAO,Bolt,5-10 km,87391158effffff,3,wkd_late_evening,DO
DBV,Bolt,20-30 km,871e8db45ffffff,1,wkd_late_evening,PU
DBV,Bolt,20-30 km,871e8db43ffffff,26,wkd_day,PU
IAS,Bolt,0-5 km,871e556e2ffffff,1,wked_night,DO
TSR,Bolt,0-5 km,871e192f4ffffff,2,wkd_day,DO
VLC,Cabify,10-20 km,8739540a2ffffff,2,wkd_late_evening,DO
AMS,Bolt,40-50 km,8719694a9ffffff,1,wkd_night,PU
MAD,Cabify,0-5 km,87390cb8bffffff,1,wkd_day,PU
NCE,Bolt,30-40 km,873969a6bffffff,4,wkd_day,PU
SVQ,Cabify,0-5 km,87391c70effffff,2,wkd_morning,PU
ARN,Bolt,5-10 km,870886211ffffff,3,wkd_night,DO
DXB,Bolt,10-20 km,8743accb0ffffff,2,wkd_day,PU
FAO,Bolt,20-30 km,87391020affffff,1,wkd_morning,DO
HEL,Bolt,10-20 km,871126d43ffffff,1,wkd_morning,DO
STN,Bolt,30-40 km,87194e696ffffff,2,wkd_day,PU
BCN,Cabify,20-30 km,87394460cffffff,7,wked_morning,PU
BOD,Bolt,10-20 km,87186b6ceffffff,3,wrek_evening,PU
DUS,Bolt,5-10 km,871fa52b0ffffff,9,wked_day,DO
OSL,Bolt,40-50 km,87099939bffffff,4,wrek_evening,DO
PRG,Bolt,20-30 km,871e3541effffff,9,wked_day,PU
PRG,Bolt,5-10 km,871e35411ffffff,1,wrek_late_evening,PU
ARN,Bolt,30-40 km,87088661dffffff,7,wked_day,PU
VIE,Bolt,20-30 km,871e15b45ffffff,2,wrek_late_evening,DO
DXB,Bolt,20-30 km,8743a132affffff,2,wkd_night,PU
DUR,BoltEco,10-20 km,87bcf5d0effffff,2,wrek_evening,DO
BEY,Bolt,30-40 km,872db1b6cffffff,4,wkd_evening,DO
OTP,Bolt,5-10 km,871eec45bffffff,2,wrek_evening,PU
DUS,Bolt,0-5 km,871fa539bffffff,4,wkd_morning,PU
DUS,Bolt,5-10 km,871fa52b0ffffff,5,wkd_night,DO
HEL,Bolt,20-30 km,871126d1cffffff,2,wkd_morning,DO
KRK,Bolt,20-30 km,871e2e6aeffffff,3,wkd_night,DO
LIS,Bolt,10-20 km,873933605ffffff,5,wkd_day,PU
LIS,Bolt,0-5 km,873933674ffffff,4,wkd_night,DO
LYS,Bolt,5-10 km,871f9024bffffff,4,wkd_day,DO
OSL,Bolt,50-60 km,8709993a6ffffff,3,wkd_late_evening,DO
VIE,Bolt,10-20 km,871e15b42ffffff,7,wkd_day,DO
VIE,Bolt,10-20 km,871e15b42ffffff,2,wkd_late_evening,DO
DUR,BoltEco,30-40 km,87bc1b660ffffff,12,wkd_day,PU
JED,Bolt,20-30 km,8753a952affffff,3,wrek_evening,PU
OTP,Bolt,10-20 km,871eeeb44ffffff,3,wked_night,DO
LYS,Bolt,30-40 km,871f90254ffffff,1,wkd_late_evening,DO
TSR,Bolt,5-10 km,871e19289ffffff,3,wkd_night,PU
ATH,Bolt Taxi,5-10 km,871eda752ffffff,1,wkd_day,DO
CLJ,Bolt,5-10 km,871e0b383ffffff,1,wkd_morning,PU
CLJ,Bolt,5-10 km,871e0b381ffffff,2,wked_night,DO
MRS,Bolt,10-20 km,873968bb5ffffff,1,wkd_late_evening,DO
NCE,Bolt,20-30 km,873969a09ffffff,1,wked_day,DO
SVQ,Cabify,20-30 km,87391c70affffff,1,wkd_late_evening,DO
TLS,Bolt,0-5 km,8739601b3ffffff,1,wkd_morning,DO
MAN,Bolt,10-20 km,871951b75ffffff,2,wrek_late_evening,PU
ZRH,Bolt,10-20 km,871f8ed95ffffff,2,wked_night,PU
EDI,Bolt,5-10 km,871972764ffffff,1,wkd_day,PU
BEY,Bolt,10-20 km,872da24e1ffffff,1,wrek_late_evening,DO
BEY,Bolt,5-10 km,872da24eeffffff,20,wkd_late_evening,DO
BER,Bolt,30-40 km,871f1d4c4ffffff,2,wrek_evening,DO
AGP,Bolt,10-20 km,8739195b1ffffff,33,wked_morning,PU
AGP,Bolt,10-20 km,8739195b1ffffff,24,wked_day,DO
AGP,Bolt,10-20 km,8739195b1ffffff,10,wrek_evening,DO
MRS,Bolt,20-30 km,873968150ffffff,9,wked_morning,PU
MRS,Bolt,20-30 km,873968bb5ffffff,3,wked_morning,PU
MPL,Bolt,10-20 km,87396c593ffffff,3,wked_morning,PU
MUC,Bolt,40-50 km,871f8d45dffffff,4,wked_day,DO
NTE,Bolt,10-20 km,871845843ffffff,4,wked_night,DO
NTE,Bolt,10-20 km,871845bb6ffffff,2,wked_day,DO
NCE,Bolt,10-20 km,873969a54ffffff,4,wrek_late_evening,PU
CDG,Bolt,20-30 km,871fb4644ffffff,9,wked_day,DO
PRG,Bolt,10-20 km,871e35418ffffff,17,wkd_night,PU
ARN,Bolt,10-20 km,87088662bffffff,1,wked_day,PU
VIE,Bolt,20-30 km,871e15b73ffffff,5,wked_day,PU
JED,Bolt,5-10 km,8753a9cc3ffffff,2,wkd_morning,DO
CAI,Didi FLEX,50-60 km,873e62d59ffffff,3,wkd_night,PU
ABV,Bolt,40-50 km,8758f0d00ffffff,2,wkd_late_evening,PU
FAO,Bolt,5-10 km,87391158effffff,3,wrek_late_evening,DO
AMS,Bolt,30-40 km,87196b945ffffff,2,wkd_day,PU
AMS,Bolt,10-20 km,8719695aeffffff,2,wkd_late_evening,PU
BCN,Cabify,10-20 km,87394461dffffff,10,wkd_day,DO
BCN,Cabify,10-20 km,8739446acffffff,2,wkd_night,DO
BEY,Bolt,10-20 km,872da24d8ffffff,3,wkd_day,PU
BER,Bolt,20-30 km,871f1d48bffffff,14,wkd_day,PU
CGN,Bolt,20-30 km,871fa18e4ffffff,3,wkd_day,DO
GOT,Bolt,30-40 km,871f25045ffffff,2,wkd_day,PU
GOT,Bolt,30-40 km,871f25aa3ffffff,5,wked_day,DO
HEL,Bolt,30-40 km,871126d33ffffff,8,wkd_evening,DO
HEL,Bolt,20-30 km,871126d32ffffff,1,wkd_day,DO
KRK,Bolt,20-30 km,871e2e682ffffff,2,wkd_late_evening,DO
KRK,Bolt,10-20 km,871e2e6b0ffffff,9,wkd_day,DO
LOS,Bolt,30-40 km,87589c99bffffff,1,wked_morning,DO
LIL,Bolt,20-30 km,87194d2a1ffffff,3,wkd_late_evening,DO
LIS,Bolt,0-5 km,87393375bffffff,11,wkd_late_evening,DO
LIS,Bolt,0-5 km,873933666ffffff,2,wked_morning,DO
LYS,Bolt,20-30 km,871f90270ffffff,2,wkd_day,PU
MRS,Bolt,20-30 km,873968152ffffff,4,wkd_night,DO
ORY,Bolt,10-20 km,871fb4670ffffff,99,wkd_day,PU
ORY,Bolt,40-50 km,871fb0962ffffff,3,wkd_day,DO
CDG,Bolt,20-30 km,871fb4674ffffff,2,wked_day,PU
RTM,Bolt,10-20 km,87196bb70ffffff,2,wked_day,DO
SVQ,Cabify,10-20 km,87391c70affffff,23,wkd_day,DO
SVQ,Cabify,10-20 km,87391c70affffff,7,wkd_late_evening,DO
ARN,Bolt,30-40 km,870886625ffffff,4,wkd_day,PU
ARN,Bolt,40-50 km,87088661cffffff,3,wked_morning,PU
TLS,Bolt,5-10 km,8739601acffffff,7,wkd_morning,DO
VLC,Cabify,10-20 km,873954013ffffff,4,wked_morning,DO
RUH,Bolt,30-40 km,875373698ffffff,4,wrek_late_evening,DO
ABV,Bolt,10-20 km,8758f468bffffff,1,wkd_night,DO
BCN,Cabify,5-10 km,87394461effffff,1,wkd_morning,PU
OTP,Bolt,10-20 km,871eec798ffffff,2,wkd_night,DO
DBV,Bolt,10-20 km,871e8db43ffffff,2,wrek_evening,DO
MAD,Cabify,10-20 km,87390ca35ffffff,10,wkd_morning,PU
MPL,Bolt,5-10 km,87396c4b3ffffff,2,wkd_morning,DO
VLC,Cabify,10-20 km,8739540a8ffffff,2,wkd_late_evening,DO
VIE,Bolt,70-80 km,871e02999ffffff,1,wkd_night,PU
DXB,Bolt,30-40 km,8743a136bffffff,1,wkd_day,PU
DXB,Bolt,40-50 km,8743a132affffff,6,wkd_morning,PU
DUR,BoltEco,5-10 km,87bc1b644ffffff,1,wkd_morning,DO
OTP,Bolt,10-20 km,871eeeb69ffffff,2,wked_night,PU
CGN,Bolt,5-10 km,871fa18aaffffff,1,wkd_morning,DO
LIS,Bolt,0-5 km,873933629ffffff,2,wked_night,DO
NTE,Bolt,0-5 km,871845846ffffff,1,wked_day,DO
BOD,Bolt,10-20 km,87186b6ceffffff,1,wkd_morning,DO
MMX,Bolt,20-30 km,871f05b0effffff,2,wkd_morning,DO
SVQ,Cabify,5-10 km,87391c71effffff,1,wkd_day,PU
PLZ,BoltEco,0-5 km,87bc7385dffffff,1,wrek_evening,PU
ZRH,Bolt,10-20 km,871f8ed95ffffff,10,wrek_evening,DO
ZRH,Bolt,10-20 km,871f8ed95ffffff,7,wrek_late_evening,PU
BHX,Bolt,0-5 km,87195c316ffffff,3,wkd_day,PU
ZRH,Bolt,5-10 km,871f8edb1ffffff,4,wrek_evening,PU
ZRH,Bolt,10-20 km,871f8edb1ffffff,1,wked_morning,PU
AMS,Bolt,10-20 km,87196952effffff,7,wkd_late_evening,PU
FRA,Bolt,30-40 km,871fae3a6ffffff,4,wked_morning,DO
NCE,Bolt,5-10 km,873969a10ffffff,2,wrek_late_evening,DO
NCE,Bolt,5-10 km,873969a0cffffff,4,wkd_night,PU
PRG,Bolt,20-30 km,871e3541affffff,2,wked_day,DO
RTM,Bolt,5-10 km,87196ba20ffffff,3,wrek_late_evening,PU
AMS,Bolt,20-30 km,871969494ffffff,1,wkd_morning,PU
AMS,Bolt,10-20 km,8719695aeffffff,5,wkd_evening,PU
CGN,Bolt,10-20 km,871fa1123ffffff,4,wkd_late_evening,DO
CPH,Bolt,30-40 km,871f05b84ffffff,3,wkd_morning,PU
FRA,Bolt,20-30 km,871fae310ffffff,4,wkd_morning,PU
LIS,Bolt,30-40 km,8739337a1ffffff,3,wkd_late_evening,DO
LYS,Bolt,30-40 km,871f9020bffffff,5,wkd_night,PU
MAD,Cabify,10-20 km,87390cb1cffffff,10,wkd_late_evening,DO
MPL,Bolt,0-5 km,87396c4b4ffffff,9,wkd_morning,PU
MPL,Bolt,10-20 km,87396e96dffffff,4,wkd_morning,DO
NTE,Bolt,0-5 km,871845ba4ffffff,2,wked_day,PU
PRG,Bolt,20-30 km,871e354f0ffffff,4,wkd_late_evening,PU
PRG,Bolt,20-30 km,871e35418ffffff,2,wkd_day,DO
PRG,Bolt,5-10 km,871e3541effffff,1,wkd_late_evening,PU
ARN,Bolt,40-50 km,870886614ffffff,3,wkd_late_evening,PU
ARN,Bolt,30-40 km,87088662effffff,4,wkd_evening,PU
TLS,Bolt,5-10 km,8739601a1ffffff,4,wked_night,PU
VLC,Cabify,10-20 km,87395418bffffff,2,wked_night,DO
VIE,Bolt,10-20 km,871e15b40ffffff,3,wkd_late_evening,PU
CPH,Bolt,5-10 km,871f05802ffffff,1,wkd_morning,DO
DOH,TaxiF Eco+,5-10 km,87536bc03ffffff,1,wkd_day,DO
NTE,Bolt,5-10 km,87184584effffff,1,wkd_morning,DO
VIE,Bolt,10-20 km,871e15b71ffffff,3,wked_morning,PU
JNB,BoltEco,20-30 km,87bcc350effffff,3,wkd_evening,PU
PLZ,BoltEco,0-5 km,87bc73b16ffffff,1,wkd_day,PU
ATH,Bolt Taxi,0-5 km,871eda75cffffff,1,wkd_evening,PU
RUH,Bolt,40-50 km,87537369affffff,2,wkd_day,PU
FAO,Bolt,30-40 km,873910250ffffff,1,wkd_day,DO
CGN,Bolt,10-20 km,871fa1126ffffff,3,wkd_day,PU
CPH,Bolt,10-20 km,871f05833ffffff,2,wked_morning,PU
MUC,Bolt,5-10 km,871f8d0c5ffffff,1,wkd_night,DO
MUC,Bolt,5-10 km,871f8d0f3ffffff,1,wked_night,PU
NTE,Bolt,10-20 km,87184586effffff,1,wkd_day,DO
ATH,Bolt Taxi,50-60 km,871eda75effffff,2,wkd_day,PU
MPL,Bolt,10-20 km,87396c59effffff,1,wked_morning,PU
PLZ,BoltEco,10-20 km,87bc73b86ffffff,1,wrek_evening,DO
NBO,Bolt Basic,10-20 km,877a6e428ffffff,1,wkd_morning,PU
BHX,Bolt,0-5 km,87195c332ffffff,2,wked_morning,DO
ZRH,Bolt,10-20 km,871f83a0affffff,1,wkd_night,DO
NCL,Bolt,10-20 km,871973271ffffff,2,wkd_day,DO
AMS,Bolt,30-40 km,871968261ffffff,5,wked_day,DO
HEL,Bolt,10-20 km,871126d06ffffff,11,wkd_night,PU
AGP,Cabify,10-20 km,8739195b1ffffff,28,wked_day,DO
ARN,Bolt,40-50 km,870886603ffffff,4,wked_morning,DO
FAO,Bolt,50-60 km,87391020affffff,3,wkd_day,PU
AMS,Bolt,20-30 km,871969c99ffffff,8,wkd_day,PU
AMS,Bolt,0-5 km,8719695acffffff,2,wkd_day,PU
BOD,Bolt,10-20 km,87186b6ceffffff,3,wkd_day,PU
CPH,Bolt,5-10 km,871f05811ffffff,10,wkd_night,PU
CPH,Bolt,20-30 km,871f059adffffff,4,wkd_night,DO
DOH,TaxiF Eco+,5-10 km,87536bce6ffffff,3,wkd_late_evening,DO
HEL,Bolt,20-30 km,871126d02ffffff,2,wkd_morning,DO
HEL,Bolt,10-20 km,871126d04ffffff,4,wkd_evening,DO
MAD,Cabify,0-5 km,87390cb53ffffff,19,wkd_night,PU
MUC,Bolt,30-40 km,871f8d44affffff,31,wkd_day,DO
NCE,Bolt,5-10 km,873969a0effffff,4,wkd_morning,PU
NCE,Bolt,10-20 km,873969a0dffffff,4,wked_day,DO
OSL,Bolt,40-50 km,870999386ffffff,9,wkd_late_evening,PU
OSL,Bolt,0-5 km,870999386ffffff,1,wkd_morning,PU
CDG,Bolt,30-40 km,871fb4644ffffff,4,wkd_day,DO
PRG,Bolt,20-30 km,871e3541dffffff,1,wkd_day,PU
ARN,Bolt,30-40 km,870886603ffffff,3,wkd_night,PU
DXB,Bolt,30-40 km,8743a1224ffffff,1,wkd_night,PU
WIL,Bolt Basic,10-20 km,877a6e569ffffff,5,wkd_day,PU
JED,Bolt,10-20 km,8753a9529ffffff,3,wkd_late_evening,DO
ABV,Bolt,0-5 km,8758f468effffff,1,wkd_day,PU
DBV,Bolt,20-30 km,871e8db43ffffff,5,wrek_evening,PU
FRA,Bolt,10-20 km,871fae14bffffff,3,wked_morning,PU
GOT,Bolt,10-20 km,871f25332ffffff,1,wkd_late_evening,PU
LIS,Bolt,10-20 km,873933629ffffff,3,wkd_morning,PU
MLA,Bolt,20-30 km,873f30403ffffff,2,wkd_morning,DO
MRS,Bolt,20-30 km,873968172ffffff,3,wked_morning,PU
NTE,Bolt,5-10 km,87184584cffffff,1,wkd_late_evening,DO
OSL,Bolt,50-60 km,870999384ffffff,2,wrek_late_evening,DO
DXB,Bolt,40-50 km,8743a1369ffffff,1,wkd_day,PU
DXB,Bolt,10-20 km,8743a136effffff,3,wrek_late_evening,PU
JED,Bolt,30-40 km,8753a9cd2ffffff,1,wkd_night,PU
CGN,Bolt,10-20 km,871fa1810ffffff,2,wkd_night,DO
HEL,Bolt,10-20 km,871126d33ffffff,1,wked_night,DO
JED,Bolt,20-30 km,8753a952effffff,2,wkd_day,DO
CGN,Bolt,30-40 km,871fa1110ffffff,1,wked_morning,DO
LYS,Bolt,5-10 km,871f90209ffffff,1,wrek_evening,PU
KTW,Bolt,30-40 km,871e232dcffffff,1,wkd_evening,DO
NBO,Bolt Basic,20-30 km,877a6ecf6ffffff,1,wkd_day,DO
ZRH,Bolt,10-20 km,871f83aecffffff,4,wkd_late_evening,DO
FAO,Bolt,20-30 km,87391025affffff,4,wked_morning,PU
BCN,Cabify,10-20 km,87394460effffff,17,wrek_late_evening,DO
GOT,Bolt,20-30 km,871f2506dffffff,3,wrek_late_evening,PU
VIE,Bolt,20-30 km,871e15b54ffffff,1,wrek_late_evening,DO
ATH,Bolt Taxi,10-20 km,871eda289ffffff,3,wked_day,DO
ATH,Bolt Taxi,5-10 km,871eda29cffffff,9,wkd_late_evening,DO
FAO,Bolt,50-60 km,873910206ffffff,4,wkd_late_evening,PU
AMS,Bolt,30-40 km,871969ccbffffff,3,wkd_evening,PU
BCN,Cabify,20-30 km,87394460dffffff,4,wkd_evening,DO
BCN,Cabify,10-20 km,87394460dffffff,4,wrek_late_evening,PU
BEY,Bolt,10-20 km,872da24eeffffff,6,wked_night,DO
BOD,Bolt,10-20 km,87186b6ceffffff,8,wkd_late_evening,PU
OTP,Bolt,20-30 km,871eeeb48ffffff,3,wkd_day,PU
DOH,TaxiF Eco+,0-5 km,87536bce0ffffff,3,wked_night,DO
GOT,Bolt,40-50 km,8708b6885ffffff,3,wkd_morning,PU
HEL,Bolt,0-5 km,8708996daffffff,1,wked_night,DO
KRK,Bolt,10-20 km,871e2e6b3ffffff,4,wkd_night,DO
LIS,Bolt,10-20 km,873933605ffffff,4,wkd_late_evening,DO
LYS,Bolt,20-30 km,871f90209ffffff,6,wkd_day,PU
LYS,Bolt,70-80 km,871f93a34ffffff,3,wkd_late_evening,PU
LYS,Bolt,10-20 km,871f91535ffffff,5,wked_morning,PU
MUC,Bolt,40-50 km,871f8d7a2ffffff,4,wkd_evening,PU
MUC,Bolt,30-40 km,871f8d44affffff,17,wkd_late_evening,DO
NTE,Bolt,10-20 km,871845b32ffffff,3,wkd_day,PU
NCE,Bolt,10-20 km,873969a0dffffff,5,wkd_night,DO
OSL,Bolt,40-50 km,870999386ffffff,2,wrek_evening,DO
VLC,Cabify,10-20 km,873954016ffffff,2,wrek_evening,DO
VNO,Bolt,20-30 km,871f40ac3ffffff,4,wkd_night,PU
DXB,Bolt,30-40 km,8743a130cffffff,4,wkd_night,DO
DXB,Bolt,10-20 km,8743a136affffff,5,wked_morning,PU
ATH,Bolt Taxi,0-5 km,873f74925ffffff,1,wkd_day,PU
NBO,Bolt Basic,20-30 km,877a6e55affffff,32,wkd_night,DO
CAI,Didi FLEX,20-30 km,873e628f5ffffff,2,wkd_day,DO
AMS,Bolt,20-30 km,871968264ffffff,2,wkd_morning,DO
AMS,Bolt,10-20 km,871969536ffffff,3,wkd_day,DO
DBV,Bolt,20-30 km,871e8db40ffffff,2,wkd_night,DO
DUS,Bolt,60-70 km,871fa198effffff,1,wkd_evening,PU
SVQ,Cabify,5-10 km,87391c70effffff,1,wkd_evening,DO
SXB,Bolt,10-20 km,871f85603ffffff,1,wkd_evening,DO
JED,Bolt,5-10 km,8753a9cdeffffff,2,wkd_night,DO
JED,Bolt,10-20 km,8753a9570ffffff,3,wrek_evening,DO
DUS,Bolt,5-10 km,871fa539cffffff,2,wkd_night,DO
NCE,Bolt,20-30 km,873969b98ffffff,2,wkd_night,DO
NCE,Bolt,10-20 km,873969aa3ffffff,4,wkd_day,PU
DXB,Bolt,10-20 km,8743a131bffffff,1,wkd_night,PU
AGP,Bolt,20-30 km,8739195b1ffffff,1,wkd_day,PU
NCE,Bolt,50-60 km,873969ab2ffffff,1,wked_morning,DO
WRO,Bolt,10-20 km,871e204e0ffffff,1,wked_night,DO
ZRH,Bolt,10-20 km,871f8edb3ffffff,2,wrek_late_evening,DO
BRS,Bolt,20-30 km,871958232ffffff,2,wkd_morning,DO
ZRH,Bolt,10-20 km,871f8eca6ffffff,2,wkd_evening,PU
BHX,Bolt,5-10 km,87195c32affffff,1,wkd_day,PU
CPH,Bolt,10-20 km,871f0598affffff,5,wked_day,PU
HEL,Bolt,20-30 km,870899683ffffff,3,wked_day,PU
PRG,Bolt,10-20 km,871e354acffffff,2,wrek_late_evening,PU
FAO,Bolt,5-10 km,87391158effffff,7,wkd_morning,DO
AMS,Bolt,20-30 km,87196952effffff,11,wkd_late_evening,PU
AMS,Bolt,10-20 km,871969534ffffff,7,wkd_morning,DO
AMS,Bolt,10-20 km,871969504ffffff,7,wkd_day,DO
BEY,Bolt,5-10 km,872da24eeffffff,7,wkd_evening,PU
OTP,Bolt,20-30 km,871eeeb4effffff,2,wkd_night,DO
OTP,Bolt,10-20 km,871eeeb69ffffff,3,wkd_night,DO
CPH,Bolt,0-5 km,871f0581effffff,1,wkd_morning,DO
CPH,Bolt,10-20 km,871f05833ffffff,35,wkd_day,DO
DUS,Bolt,20-30 km,871fa574effffff,1,wrek_late_evening,DO
KRK,Bolt,10-20 km,871e2e6b4ffffff,18,wkd_morning,DO
OSL,Bolt,50-60 km,8709993aeffffff,4,wkd_night,PU
SVQ,Cabify,10-20 km,87391c708ffffff,19,wkd_late_evening,PU
ARN,Bolt,40-50 km,870880d8effffff,4,wkd_evening,PU
ARN,Bolt,40-50 km,87088661cffffff,4,wkd_night,PU
TLS,Bolt,20-30 km,8739600a4ffffff,4,wkd_evening,DO
TLS,Bolt,10-20 km,873960188ffffff,4,wkd_day,DO
VLC,Cabify,10-20 km,8739540a9ffffff,1,wked_morning,PU
WRO,Bolt,10-20 km,871e20408ffffff,8,wkd_night,PU
NBO,Bolt Basic,20-30 km,877a6e55affffff,3,wked_night,DO
BER,Bolt,10-20 km,871f18b04ffffff,1,wkd_morning,DO
CPH,Bolt,0-5 km,871f05833ffffff,1,wkd_day,DO
DBV,Bolt,20-30 km,871e8db43ffffff,10,wkd_morning,PU
MLA,Bolt,10-20 km,873f30408ffffff,1,wkd_day,PU
PRG,Bolt,5-10 km,871e3541affffff,1,wkd_late_evening,PU
RTM,Bolt,5-10 km,87196bb56ffffff,2,wkd_morning,DO
TSR,Bolt,10-20 km,871e19283ffffff,3,wrek_late_evening,PU
LYS,Bolt,30-40 km,871f90254ffffff,2,wkd_morning,DO
OSL,Bolt,50-60 km,8709993a2ffffff,1,wked_night,DO
RTM,Bolt,5-10 km,87196bb0dffffff,1,wkd_night,PU
DBV,Bolt,0-5 km,871e8db43ffffff,1,wkd_evening,DO
GOT,Bolt,20-30 km,871f25a81ffffff,1,wkd_morning,DO
HEL,Bolt,5-10 km,871126d26ffffff,1,wkd_day,DO
NCE,Bolt,10-20 km,873969aa6ffffff,1,wkd_evening,PU
DXB,Bolt,20-30 km,8743a130cffffff,1,wrek_late_evening,PU
LHR,Bolt,10-20 km,87194ada5ffffff,1,wked_day,PU
EDI,Bolt,5-10 km,8719720cbffffff,1,wkd_day,PU
ZRH,Bolt,5-10 km,871f8ed9effffff,1,wked_day,PU
AMS,Bolt,20-30 km,871969c9dffffff,3,wrek_evening,PU
BCN,Cabify,10-20 km,873944602ffffff,3,wrek_evening,PU
OTP,Bolt,10-20 km,871eeeb45ffffff,1,wrek_late_evening,PU
LIS,Bolt,0-5 km,873933758ffffff,1,wrek_late_evening,PU
DXB,Bolt,0-5 km,8743a136effffff,3,wkd_night,PU
FAO,Bolt,0-5 km,873911580ffffff,4,wrek_evening,DO
AMS,Bolt,10-20 km,871969531ffffff,25,wkd_morning,DO
AMS,Bolt,5-10 km,871969514ffffff,1,wkd_day,PU
AMS,Bolt,50-60 km,871969189ffffff,6,wrek_evening,PU
BCN,Cabify,10-20 km,873944601ffffff,17,wkd_night,DO
BCN,Cabify,10-20 km,873944614ffffff,4,wkd_morning,DO
BEY,Bolt,30-40 km,872da27aeffffff,4,wkd_evening,PU
BER,Bolt,20-30 km,871f18b22ffffff,2,wkd_night,DO
CPH,Bolt,10-20 km,871f05831ffffff,7,wkd_evening,PU
LIS,Bolt,40-50 km,8739330f6ffffff,4,wkd_morning,DO
MAD,Cabify,10-20 km,87390ca35ffffff,33,wkd_evening,DO
NCE,Bolt,5-10 km,873969a0cffffff,10,wkd_day,PU
NCE,Bolt,20-30 km,873969ab6ffffff,4,wked_night,PU
NCE,Bolt,5-10 km,873969a0cffffff,7,wked_morning,PU
SVQ,Cabify,5-10 km,87391c70dffffff,3,wkd_morning,PU
SVQ,Cabify,10-20 km,87391c624ffffff,4,wked_morning,PU
VNO,Bolt,0-5 km,871f4030affffff,5,wkd_late_evening,PU
WRO,Bolt,10-20 km,871e20419ffffff,5,wkd_late_evening,DO
WRO,Bolt,10-20 km,871e204e5ffffff,1,wked_morning,DO
DXB,Bolt,30-40 km,8743a1368ffffff,2,wkd_morning,PU
DXB,Bolt,10-20 km,8743a1368ffffff,6,wked_night,DO
DUR,BoltEco,50-60 km,87bcf4340ffffff,3,wkd_night,DO
ATH,Bolt Taxi,30-40 km,871eda741ffffff,4,wkd_morning,DO
NBO,Bolt Basic,20-30 km,877a6e429ffffff,5,wkd_day,PU
RUH,Bolt,30-40 km,875373698ffffff,4,wked_day,DO
AMS,Bolt,20-30 km,871969c9dffffff,1,wked_morning,PU
MAD,Cabify,30-40 km,87390ca32ffffff,1,wkd_morning,DO
MPL,Bolt,10-20 km,87396c59affffff,1,wked_morning,DO
NTE,Bolt,0-5 km,871845ba4ffffff,1,wrek_evening,PU
NCE,Bolt,5-10 km,873969a03ffffff,4,wkd_day,DO
BCN,Cabify,10-20 km,8739446a4ffffff,1,wkd_night,DO
HEL,Bolt,30-40 km,871126d33ffffff,1,wkd_morning,PU
LYS,Bolt,0-5 km,871f9025affffff,3,wkd_day,DO
MPL,Bolt,70-80 km,87396ed6dffffff,2,wkd_night,PU
DXB,Bolt,20-30 km,8743a136affffff,1,wkd_morning,DO
ATH,Bolt Taxi,50-60 km,871eda752ffffff,1,wrek_evening,DO
CLJ,Bolt,10-20 km,871e0b39dffffff,1,wked_day,PU
KTW,Bolt,40-50 km,871e232dcffffff,1,wrek_evening,DO
DXB,Bolt,40-50 km,8743a1305ffffff,1,wkd_day,PU
MAN,Bolt,10-20 km,871951b76ffffff,3,wkd_morning,DO
MAN,Bolt,30-40 km,871951869ffffff,3,wked_morning,DO
ZRH,Bolt,50-60 km,871f83ab4ffffff,4,wkd_late_evening,DO
ZRH,Bolt,40-50 km,871f8edb1ffffff,1,wkd_evening,DO
ZRH,Bolt,30-40 km,871f8ed95ffffff,1,wked_day,DO
ZRH,Bolt,10-20 km,871f8ed96ffffff,2,wkd_late_evening,DO
ZRH,Bolt,10-20 km,871f8edb0ffffff,1,wkd_evening,PU
DUS,Bolt,10-20 km,871fa53a8ffffff,3,wrek_evening,DO
LIS,Bolt,5-10 km,873933676ffffff,15,wked_night,DO
LYS,Bolt,30-40 km,871f9020bffffff,8,wked_day,PU
ATH,Bolt Taxi,30-40 km,871eda75dffffff,8,wked_day,PU
JED,Bolt,10-20 km,8753a9576ffffff,10,wkd_night,DO
ABV,Bolt,40-50 km,8758f469dffffff,1,wkd_morning,DO
FAO,Bolt,5-10 km,87391158effffff,7,wked_night,DO
FAO,Bolt,10-20 km,87391158effffff,3,wrek_late_evening,DO
FAO,Bolt,60-70 km,8739103aeffffff,3,wked_day,DO
BEY,Bolt,5-10 km,872da24e5ffffff,2,wkd_night,DO
BOD,Bolt,20-30 km,87186b6ccffffff,3,wkd_day,DO
OTP,Bolt,10-20 km,871eeeb6dffffff,11,wkd_day,DO
CPH,Bolt,10-20 km,871f05831ffffff,9,wkd_night,PU
CPH,Bolt,10-20 km,871f05831ffffff,3,wkd_evening,DO
DOH,TaxiF Eco+,10-20 km,87536bc19ffffff,3,wked_day,DO
DUS,Bolt,10-20 km,871fa5286ffffff,2,wkd_evening,DO
FRA,Bolt,10-20 km,871faea89ffffff,3,wkd_day,PU
GOT,Bolt,30-40 km,871f2514bffffff,3,wkd_evening,DO
LIS,Bolt,5-10 km,87393362bffffff,4,wked_day,PU
LYS,Bolt,30-40 km,871f9020bffffff,5,wkd_evening,DO
MAD,Cabify,20-30 km,87390cb1cffffff,1,wkd_night,DO
OSL,Bolt,30-40 km,870999283ffffff,4,wked_day,DO
PRG,Bolt,40-50 km,871e354ecffffff,3,wkd_morning,DO
RTM,Bolt,5-10 km,87196bb08ffffff,4,wked_day,PU
SVQ,Cabify,10-20 km,87391c70affffff,26,wkd_morning,DO
SVQ,Cabify,10-20 km,87391c70affffff,6,wkd_night,PU
SVQ,Cabify,10-20 km,87391c708ffffff,20,wkd_evening,DO
DXB,Bolt,5-10 km,8743a1344ffffff,2,wkd_morning,DO
DXB,Bolt,20-30 km,8743acd9bffffff,2,wkd_day,PU
DUR,BoltEco,5-10 km,87bcf5d75ffffff,2,wked_morning,PU
BOD,Bolt,70-80 km,87184d536ffffff,1,wkd_late_evening,DO
AGP,Cabify,10-20 km,8739182dbffffff,6,wrek_late_evening,DO
NTE,Bolt,5-10 km,871845859ffffff,5,wkd_evening,PU
SXB,Bolt,10-20 km,871f85600ffffff,3,wkd_night,DO
VLC,Cabify,5-10 km,873954013ffffff,2,wked_morning,DO
DXB,Bolt,0-5 km,8743a136effffff,2,wkd_morning,PU
BEY,Bolt,40-50 km,872da271dffffff,2,wkd_day,DO
LIL,Bolt,0-5 km,87194d29affffff,1,wkd_night,PU
AGP,Bolt,20-30 km,873919584ffffff,2,wkd_evening,PU
CDG,Bolt,20-30 km,871fb4644ffffff,1,wkd_morning,PU
DXB,Bolt,30-40 km,8743a130affffff,1,wkd_night,DO
FAO,Bolt,20-30 km,8739102edffffff,1,wkd_late_evening,DO
BEY,Bolt,10-20 km,872da24e1ffffff,1,wrek_evening,PU
HEL,Bolt,20-30 km,8708996aaffffff,1,wkd_morning,DO
JED,Bolt,20-30 km,8753a9556ffffff,1,wked_morning,PU
BHX,Bolt,5-10 km,87195c312ffffff,1,wkd_day,DO
ZRH,Bolt,10-20 km,871f8ed94ffffff,10,wkd_morning,PU
CWL,Bolt,10-20 km,87195879bffffff,3,wkd_day,PU
AMS,Bolt,0-5 km,871969c98ffffff,1,wked_morning,DO
BEY,Bolt,30-40 km,872da2780ffffff,3,wked_morning,DO
KRK,Bolt,10-20 km,871e2e6b0ffffff,5,wrek_late_evening,PU
AGP,Cabify,20-30 km,8739195aaffffff,13,wked_morning,DO
BEY,Bolt,60-70 km,872da2771ffffff,2,wkd_morning,DO
BOD,Bolt,5-10 km,87186b6ddffffff,2,wkd_morning,DO
OTP,Bolt,10-20 km,871eec79effffff,3,wkd_late_evening,PU
OTP,Bolt,30-40 km,871eec6b3ffffff,3,wkd_night,PU
OTP,Bolt,30-40 km,871eec6b3ffffff,1,wkd_evening,DO
DUS,Bolt,5-10 km,871fa539cffffff,3,wkd_late_evening,PU
FRA,Bolt,20-30 km,871faea06ffffff,4,wkd_night,DO
GOT,Bolt,30-40 km,871f2506cffffff,3,wkd_day,PU
LYS,Bolt,30-40 km,871f90208ffffff,3,wkd_morning,DO
MUC,Bolt,40-50 km,871f8d7b5ffffff,3,wkd_day,DO
NCE,Bolt,20-30 km,873969a45ffffff,1,wked_day,PU
OSL,Bolt,60-70 km,87099905bffffff,1,wkd_day,DO
TLS,Bolt,10-20 km,8739601aaffffff,3,wkd_late_evening,DO
TLS,Bolt,5-10 km,8739601acffffff,3,wrek_evening,DO
GDN,Bolt,10-20 km,871f7249bffffff,2,wkd_morning,PU
VLC,Cabify,10-20 km,873954016ffffff,3,wked_morning,PU
DXB,Bolt,5-10 km,8743acca6ffffff,15,wkd_night,PU
DUR,BoltEco,10-20 km,87bc1b6eeffffff,3,wked_morning,PU
NBO,Bolt Basic,20-30 km,877a6e406ffffff,5,wked_morning,DO
JED,Bolt,10-20 km,8753a9ce0ffffff,3,wked_morning,PU
AMS,Bolt,0-5 km,8719695acffffff,1,wkd_late_evening,PU
BEY,Bolt,10-20 km,872da24e1ffffff,1,wked_night,PU
DBV,Bolt,20-30 km,871e8db40ffffff,2,wkd_late_evening,DO
FRA,Bolt,0-5 km,871faea80ffffff,3,wkd_night,DO
LYS,Bolt,30-40 km,871f90263ffffff,1,wkd_morning,DO
AGP,Bolt,5-10 km,8739195b1ffffff,12,wked_day,PU
MLA,Bolt,10-20 km,873f304edffffff,1,wkd_morning,DO
NTE,Bolt,10-20 km,87184585dffffff,4,wkd_morning,DO
SXB,Bolt,10-20 km,871f85600ffffff,2,wkd_evening,DO
ATH,Bolt Taxi,20-30 km,871eda74effffff,1,wked_day,DO
JED,Bolt,10-20 km,8753a950bffffff,1,wked_morning,DO
OTP,Bolt,20-30 km,871eec6b6ffffff,1,wkd_night,PU
LIS,Bolt,30-40 km,8739336caffffff,1,wkd_morning,DO
LYS,Bolt,10-20 km,871f90254ffffff,2,wkd_evening,DO
MUC,Bolt,30-40 km,871f8d459ffffff,2,wkd_day,PU
OSL,Bolt,40-50 km,8709992a6ffffff,1,wkd_night,DO
KRK,Bolt,5-10 km,871e2e6b1ffffff,1,wked_night,DO
AGP,Cabify,5-10 km,8739195b1ffffff,5,wked_morning,DO
ZRH,Bolt,5-10 km,871f8edb3ffffff,3,wrek_evening,DO
ZRH,Bolt,10-20 km,871f8ed96ffffff,4,wkd_night,DO
ZRH,Bolt,10-20 km,871f8ed91ffffff,12,wkd_morning,DO
ZRH,Bolt,10-20 km,871f8ed90ffffff,8,wkd_day,DO
BCN,Cabify,10-20 km,87394461dffffff,10,wrek_late_evening,PU
BCN,Cabify,0-5 km,8739446a1ffffff,2,wkd_night,PU
OTP,Bolt,30-40 km,871eec6b3ffffff,2,wked_day,PU
FRA,Bolt,0-5 km,871faea80ffffff,4,wked_day,DO
MUC,Bolt,30-40 km,871f8d46bffffff,2,wked_morning,DO
AMS,Bolt,10-20 km,871969531ffffff,14,wkd_day,DO
BCN,Cabify,20-30 km,873944608ffffff,3,wkd_morning,PU
BOD,Bolt,10-20 km,87184dd62ffffff,2,wkd_day,DO
OTP,Bolt,5-10 km,871eec790ffffff,3,wkd_day,DO
CPH,Bolt,5-10 km,871f05831ffffff,3,wkd_late_evening,DO
DOH,TaxiF Eco+,10-20 km,87536bc2effffff,1,wkd_morning,DO
DUS,Bolt,20-30 km,871fa5314ffffff,3,wkd_morning,DO
DUS,Bolt,20-30 km,871fa1930ffffff,2,wkd_evening,PU
KRK,Bolt,10-20 km,871e2e6b1ffffff,134,wkd_day,DO
LIL,Bolt,0-5 km,871949926ffffff,4,wkd_evening,DO
AGP,Bolt,10-20 km,8739195b1ffffff,52,wkd_morning,DO
MUC,Bolt,30-40 km,871f8d7a4ffffff,10,wkd_day,DO
OSL,Bolt,50-60 km,8709993b1ffffff,3,wkd_late_evening,DO
OSL,Bolt,50-60 km,870999312ffffff,2,wked_day,PU
PRG,Bolt,10-20 km,871e3541effffff,28,wkd_morning,DO
SVQ,Cabify,10-20 km,87391c70cffffff,3,wkd_late_evening,PU
ARN,Bolt,40-50 km,87088661effffff,4,wkd_late_evening,PU
TLS,Bolt,5-10 km,8739601a8ffffff,7,wkd_evening,PU
VIE,Bolt,10-20 km,871e15b46ffffff,12,wkd_morning,PU
VIE,Bolt,20-30 km,871e064dbffffff,1,wrek_late_evening,PU
VIE,Bolt,0-5 km,871e15841ffffff,1,wked_morning,PU
DXB,Bolt,30-40 km,8743a1301ffffff,10,wkd_night,DO
RUH,Bolt,40-50 km,875354a6bffffff,4,wkd_day,PU
JED,Bolt,10-20 km,8753a9546ffffff,5,wkd_night,DO
BER,Bolt,10-20 km,871f1d499ffffff,1,wkd_day,PU
OTP,Bolt,20-30 km,871eeeb4cffffff,2,wkd_day,PU
OTP,Bolt,20-30 km,871eeeb6bffffff,1,wkd_morning,PU
CGN,Bolt,30-40 km,871fa1919ffffff,2,wkd_day,DO
FRA,Bolt,0-5 km,871faea89ffffff,1,wkd_day,PU
NCE,Bolt,5-10 km,873969a10ffffff,2,wkd_night,DO
POZ,Bolt,5-10 km,871e24aa5ffffff,8,wkd_day,DO
PRG,Bolt,20-30 km,871e354f4ffffff,3,wkd_late_evening,DO
DXB,Bolt,20-30 km,8743a136effffff,3,wkd_night,PU
JED,Bolt,10-20 km,8753a9521ffffff,2,wkd_morning,DO
BCN,Cabify,5-10 km,873944676ffffff,1,wrek_late_evening,DO
JED,Bolt,20-30 km,8753a9551ffffff,1,wkd_late_evening,DO
AMS,Bolt,20-30 km,871969535ffffff,1,wkd_evening,PU
SVQ,Cabify,20-30 km,87391c70effffff,2,wrek_evening,DO
DXB,Bolt,0-5 km,8743a1372ffffff,1,wkd_day,PU
PLZ,BoltEco,5-10 km,87bc73859ffffff,1,wrek_evening,PU
BRS,Bolt,10-20 km,871958761ffffff,4,wkd_day,PU
EDI,Bolt,10-20 km,871972768ffffff,2,wkd_late_evening,PU
AMS,Bolt,10-20 km,871969531ffffff,6,wked_day,DO
DOH,TaxiF Eco+,0-5 km,87536bc05ffffff,1,wkd_day,DO
MRS,Bolt,10-20 km,8739688caffffff,3,wrek_late_evening,PU
DXB,Bolt,30-40 km,8743a1220ffffff,5,wked_morning,DO
AMS,Bolt,10-20 km,871969c9bffffff,31,wkd_day,DO
BCN,Cabify,20-30 km,87394460effffff,2,wkd_late_evening,DO
BCN,Cabify,10-20 km,873944602ffffff,4,wkd_night,PU
DUS,Bolt,30-40 km,871fa5728ffffff,3,wkd_day,DO
DUS,Bolt,20-30 km,871fa53a3ffffff,3,wkd_day,DO
HEL,Bolt,0-5 km,871126d33ffffff,3,wkd_day,DO
LYS,Bolt,30-40 km,871f9020bffffff,8,wkd_morning,PU
LYS,Bolt,20-30 km,871f9025affffff,7,wkd_day,DO
AGP,Cabify,10-20 km,873919585ffffff,8,wkd_late_evening,PU
MRS,Bolt,10-20 km,873968170ffffff,3,wkd_morning,DO
MRS,Bolt,50-60 km,87396805bffffff,3,wkd_day,DO
MRS,Bolt,30-40 km,873968158ffffff,3,wkd_night,DO
MPL,Bolt,10-20 km,87396e96effffff,5,wkd_evening,PU
NTE,Bolt,10-20 km,87184584cffffff,13,wkd_day,PU
NTE,Bolt,5-10 km,87184585effffff,6,wkd_day,DO
CDG,Bolt,20-30 km,871fb4644ffffff,15,wkd_morning,DO
ARN,Bolt,10-20 km,8708862b0ffffff,6,wkd_night,DO
ARN,Bolt,5-10 km,870886211ffffff,3,wkd_day,DO
TLS,Bolt,10-20 km,873960185ffffff,2,wkd_night,DO
VIE,Bolt,10-20 km,871e15b71ffffff,4,wkd_evening,DO
VIE,Bolt,20-30 km,871e15b6bffffff,4,wked_day,DO
DXB,Bolt,20-30 km,8743a1305ffffff,1,wkd_day,PU
DXB,Bolt,20-30 km,8743a1368ffffff,8,wkd_evening,PU
DUR,BoltEco,10-20 km,87bcf5d2affffff,8,wkd_day,PU
RUH,Bolt,20-30 km,8753736a0ffffff,1,wkd_night,DO
RUH,Bolt,20-30 km,87537361effffff,4,wked_morning,PU
BCN,Cabify,0-5 km,87394460effffff,1,wked_night,PU
BER,Bolt,10-20 km,871f18a32ffffff,2,wkd_late_evening,PU
CPH,Bolt,50-60 km,871f232f0ffffff,2,wked_morning,DO
DBV,Bolt,10-20 km,871e8db43ffffff,7,wkd_morning,DO
AGP,Cabify,10-20 km,8739182dbffffff,12,wrek_evening,DO
NCE,Bolt,30-40 km,873969b90ffffff,1,wkd_night,DO
POZ,Bolt,10-20 km,871e24b8dffffff,1,wkd_day,PU
AMS,Bolt,10-20 km,871968269ffffff,1,wrek_evening,PU
FRA,Bolt,5-10 km,871fae149ffffff,1,wkd_night,DO
AGP,Bolt,5-10 km,8739195b1ffffff,8,wkd_night,PU
NBO,Bolt Basic,5-10 km,877a6e429ffffff,2,wkd_night,PU
BCN,Cabify,20-30 km,87394460dffffff,1,wkd_day,DO
DBV,Bolt,5-10 km,871e8da61ffffff,1,wrek_late_evening,PU
ARN,Bolt,60-70 km,870886603ffffff,1,wkd_night,PU
VLC,Cabify,10-20 km,873954010ffffff,1,wkd_night,DO
ZRH,Bolt,5-10 km,871f8ed84ffffff,3,wrek_evening,PU
EDI,Bolt,10-20 km,871972765ffffff,11,wkd_morning,PU
STN,Bolt,50-60 km,87194ada4ffffff,1,wkd_day,PU
BHX,Bolt,20-30 km,87195c340ffffff,3,wrek_evening,PU
ZRH,Bolt,0-5 km,871f8eda3ffffff,3,wkd_late_evening,DO
BRS,Bolt,10-20 km,8719580cdffffff,1,wked_morning,DO
LCY,Bolt,10-20 km,87195da49ffffff,2,wkd_night,DO
LHR,Bolt,10-20 km,87195da5dffffff,1,wked_morning,PU
ZRH,Bolt,30-40 km,871f8ec95ffffff,1,wkd_evening,PU
BER,Bolt,0-5 km,871f18b0bffffff,2,wked_night,DO
BER,Bolt,20-30 km,871f18b26ffffff,4,wrek_evening,PU
CPH,Bolt,10-20 km,871f05835ffffff,4,wked_day,DO
DUS,Bolt,5-10 km,871fa52b3ffffff,7,wked_day,PU
NTE,Bolt,0-5 km,87184584effffff,1,wked_morning,DO
FAO,Bolt,40-50 km,87391020effffff,10,wkd_morning,DO
FAO,Bolt,30-40 km,87391020bffffff,6,wked_day,PU
FAO,Bolt,0-5 km,873911580ffffff,4,wrek_late_evening,DO
AMS,Bolt,20-30 km,871969c9bffffff,10,wkd_late_evening,DO
BCN,Cabify,20-30 km,87394462affffff,13,wkd_morning,DO
BCN,Cabify,0-5 km,87394461cffffff,1,wkd_late_evening,PU
BCN,Cabify,10-20 km,87394460effffff,18,wked_night,PU
BOD,Bolt,10-20 km,87186b6eaffffff,6,wkd_night,DO
BOD,Bolt,10-20 km,87186b6caffffff,4,wrek_evening,DO
OTP,Bolt,10-20 km,871eeeb4cffffff,2,wkd_late_evening,PU
CGN,Bolt,30-40 km,871fa1c66ffffff,4,wrek_evening,DO
CPH,Bolt,0-5 km,871f05831ffffff,1,wkd_night,DO
FRA,Bolt,10-20 km,871faeaf1ffffff,4,wkd_morning,DO
KRK,Bolt,20-30 km,871e2e6b1ffffff,6,wked_night,DO
LIL,Bolt,40-50 km,871949949ffffff,4,wkd_night,DO
LIS,Bolt,0-5 km,87393375affffff,3,wked_day,PU
AGP,Cabify,10-20 km,8739195b1ffffff,62,wkd_morning,PU
AGP,Bolt,10-20 km,8739195b1ffffff,33,wkd_evening,PU
AGP,Bolt,5-10 km,8739195aaffffff,1,wkd_evening,DO
MRS,Bolt,5-10 km,8739688d0ffffff,6,wkd_late_evening,PU
MRS,Bolt,30-40 km,873968159ffffff,4,wkd_evening,DO
MUC,Bolt,30-40 km,871f8d7a4ffffff,4,wkd_evening,DO
NCE,Bolt,5-10 km,873969a03ffffff,1,wkd_night,DO
ORY,Bolt,10-20 km,871fb4644ffffff,2,wked_night,PU
SVQ,Cabify,0-5 km,87391c708ffffff,1,wked_day,DO
TLS,Bolt,10-20 km,87396018effffff,2,wkd_late_evening,PU
TLS,Bolt,40-50 km,873960426ffffff,3,wrek_evening,DO
GDN,Bolt,10-20 km,871f09b36ffffff,4,wked_morning,DO
GDN,Bolt,10-20 km,871f09b20ffffff,3,wked_night,PU
VLC,Cabify,10-20 km,8739540acffffff,3,wkd_morning,DO
VIE,Bolt,20-30 km,871e15b56ffffff,4,wkd_day,PU
DXB,Bolt,10-20 km,8743acd8bffffff,1,wkd_evening,PU
CAI,Didi FLEX,20-30 km,873e628e6ffffff,3,wked_day,PU
TLS,Bolt,20-30 km,8739600a4ffffff,3,wkd_late_evening,PU
TLS,Bolt,5-10 km,8739601aeffffff,2,wked_morning,PU
VNO,Bolt,10-20 km,871f4030affffff,1,wkd_late_evening,PU
WRO,Bolt,20-30 km,871e2040bffffff,3,wkd_day,PU
JED,Bolt,20-30 km,8753a950bffffff,2,wked_day,PU
FAO,Bolt,20-30 km,87391024dffffff,1,wked_morning,DO
LIL,Bolt,5-10 km,87194d28effffff,2,wkd_night,DO
NCE,Bolt,20-30 km,873969a1cffffff,1,wkd_late_evening,PU
TLS,Bolt,0-5 km,87396018cffffff,1,wrek_evening,PU
VNO,Bolt,20-30 km,871f40aaaffffff,2,wked_morning,DO
DXB,Bolt,40-50 km,8743a1222ffffff,2,wkd_night,PU
DUR,BoltEco,30-40 km,87bc1b6ecffffff,1,wkd_morning,PU
ATH,Bolt Taxi,40-50 km,871eda753ffffff,1,wkd_evening,PU
HEL,Bolt,5-10 km,8708996c2ffffff,1,wkd_morning,DO
AGP,Cabify,5-10 km,8739195b1ffffff,6,wkd_night,DO
PRG,Bolt,5-10 km,871e3541effffff,2,wkd_day,PU
VIE,Bolt,20-30 km,871e15b44ffffff,1,wked_day,PU
ATH,Bolt Taxi,40-50 km,871eda29affffff,1,wkd_day,DO
BER,Bolt,20-30 km,871f1d488ffffff,8,wked_morning,DO
CPH,Bolt,10-20 km,871f05831ffffff,8,wrek_evening,PU
NCE,Bolt,10-20 km,873969a0cffffff,5,wked_day,DO
FAO,Bolt,5-10 km,873911583ffffff,3,wkd_morning,DO
FAO,Bolt,10-20 km,8739115a0ffffff,3,wked_day,PU
AMS,Bolt,10-20 km,871969585ffffff,4,wkd_late_evening,PU
AMS,Bolt,30-40 km,871969c98ffffff,1,wkd_late_evening,PU
BCN,Cabify,0-5 km,87394460effffff,1,wkd_evening,DO
BCN,Cabify,10-20 km,873944601ffffff,4,wked_night,PU
BER,Bolt,20-30 km,871f18b20ffffff,3,wkd_late_evening,PU
FRA,Bolt,10-20 km,871faea80ffffff,3,wkd_late_evening,PU
GOT,Bolt,30-40 km,871f2506cffffff,1,wkd_day,DO
LYS,Bolt,30-40 km,871f90209ffffff,19,wkd_morning,DO
LYS,Bolt,10-20 km,871f9025affffff,20,wkd_evening,DO
MAD,Cabify,20-30 km,87390ca32ffffff,9,wkd_late_evening,DO
NCE,Bolt,20-30 km,873969a0effffff,1,wkd_day,DO
SVQ,Cabify,5-10 km,87391c70dffffff,6,wkd_morning,DO
ARN,Bolt,30-40 km,87088666dffffff,6,wkd_morning,DO
ARN,Bolt,20-30 km,87088635effffff,4,wkd_morning,DO
TLS,Bolt,0-5 km,8739601a4ffffff,4,wkd_night,PU
TLS,Bolt,0-5 km,8739601a0ffffff,4,wked_day,DO
VLC,Cabify,10-20 km,8739540adffffff,1,wkd_evening,DO
VLC,Cabify,5-10 km,8739540acffffff,6,wkd_day,DO
VNO,Bolt,0-5 km,871f40308ffffff,4,wkd_late_evening,DO
WRO,Bolt,20-30 km,871e20471ffffff,3,wkd_day,PU
DUR,BoltEco,30-40 km,87bcf5936ffffff,4,wkd_morning,DO
DUR,BoltEco,60-70 km,87bcf5951ffffff,1,wkd_evening,PU
ATH,Bolt Taxi,20-30 km,871eda671ffffff,5,wkd_night,DO
CLJ,Bolt,5-10 km,871e0b231ffffff,1,wkd_morning,PU
LIS,Bolt,10-20 km,87393362cffffff,2,wkd_day,PU
MAD,Cabify,30-40 km,87390ca84ffffff,9,wkd_evening,PU
SXB,Bolt,20-30 km,871f85620ffffff,1,wkd_night,DO
DXB,Bolt,20-30 km,8743a136effffff,2,wkd_day,PU
BCN,Cabify,20-30 km,87394460cffffff,2,wked_night,PU
BEY,Bolt,10-20 km,872da24e1ffffff,2,wked_night,DO
HEL,Bolt,20-30 km,871126d1cffffff,3,wkd_day,PU
NCE,Bolt,5-10 km,873969ab2ffffff,1,wkd_night,DO
PRG,Bolt,0-5 km,871e35411ffffff,1,wkd_night,PU
PRG,Bolt,5-10 km,871e35418ffffff,1,wkd_night,DO
GDN,Bolt,5-10 km,871f72589ffffff,1,wkd_night,PU
DXB,Bolt,10-20 km,8743a130cffffff,1,wked_morning,PU
NBO,Bolt Basic,20-30 km,877a6e474ffffff,3,wkd_day,PU
MUC,Bolt,40-50 km,871f8d7a5ffffff,1,wkd_evening,DO
JED,Bolt,0-5 km,8753a952dffffff,1,wked_morning,DO
LHR,Bolt,10-20 km,87194adacffffff,2,wkd_evening,PU
MAN,Bolt,10-20 km,871951b56ffffff,2,wked_night,DO
NTE,Bolt,5-10 km,871845858ffffff,2,wked_morning,PU
CDG,Bolt,40-50 km,871fb0962ffffff,1,wrek_evening,DO
ORY,Bolt,20-30 km,871fb4660ffffff,4,wrek_late_evening,DO
VIE,Bolt,20-30 km,871e15b71ffffff,13,wked_morning,PU
FAO,Bolt,5-10 km,873911585ffffff,4,wkd_morning,DO
FAO,Bolt,50-60 km,873910233ffffff,3,wkd_morning,DO
CPH,Bolt,5-10 km,871f05806ffffff,7,wkd_day,DO
CPH,Bolt,5-10 km,871f05806ffffff,5,wkd_day,PU
CPH,Bolt,10-20 km,871f05831ffffff,6,wkd_day,PU
CPH,Bolt,10-20 km,871f05826ffffff,2,wkd_morning,DO
DUS,Bolt,20-30 km,871fa539cffffff,1,wkd_night,DO
DUS,Bolt,5-10 km,871fa52b2ffffff,2,wrek_late_evening,PU
FRA,Bolt,10-20 km,871faeaa5ffffff,4,wkd_night,PU
FRA,Bolt,20-30 km,871faeaadffffff,3,wkd_day,DO
LIS,Bolt,5-10 km,87393362dffffff,2,wkd_night,PU
MUC,Bolt,20-30 km,871f8d730ffffff,3,wkd_morning,PU
MUC,Bolt,30-40 km,871f8d44effffff,3,wkd_late_evening,DO
NCE,Bolt,5-10 km,873969a08ffffff,23,wkd_night,DO
NCE,Bolt,5-10 km,873969a08ffffff,3,wkd_evening,DO
OSL,Bolt,10-20 km,8708a45b4ffffff,3,wkd_morning,DO
GDN,Bolt,10-20 km,871f09866ffffff,4,wkd_day,DO
VIE,Bolt,10-20 km,871e15b42ffffff,3,wkd_morning,DO
VIE,Bolt,10-20 km,871e15b71ffffff,12,wkd_day,DO
VIE,Bolt,30-40 km,871e06796ffffff,5,wked_night,PU
VNO,Bolt,5-10 km,871f40308ffffff,8,wked_day,PU
WRO,Bolt,20-30 km,871e2040affffff,3,wkd_day,PU
DXB,Bolt,10-20 km,8743a1368ffffff,3,wrek_late_evening,DO
JED,Bolt,20-30 km,8753a9552ffffff,4,wkd_night,DO
JED,Bolt,10-20 km,8753a9cdaffffff,2,wkd_morning,PU
BCN,Cabify,10-20 km,87394461cffffff,6,wkd_evening,DO
BER,Bolt,30-40 km,871f1d49cffffff,3,wkd_day,DO
CPH,Bolt,10-20 km,871f05831ffffff,1,wkd_late_evening,PU
SVQ,Cabify,20-30 km,87391c0d1ffffff,2,wkd_late_evening,PU
TSR,Bolt,10-20 km,871e1928affffff,4,wkd_late_evening,PU
NTE,Bolt,5-10 km,87184584effffff,1,wked_day,PU
TLS,Bolt,20-30 km,873960111ffffff,1,wrek_evening,PU
DBV,Bolt,30-40 km,871e8db74ffffff,1,wked_morning,DO
BHX,Bolt,40-50 km,87195c2d8ffffff,3,wkd_day,DO
CWL,Bolt,10-20 km,8719586b5ffffff,2,wkd_morning,DO
EDI,Bolt,10-20 km,871972765ffffff,2,wkd_evening,DO
ZRH,Bolt,5-10 km,871f8ed91ffffff,1,wkd_night,PU
BCN,Cabify,10-20 km,873944602ffffff,4,wked_day,PU
BEY,Bolt,30-40 km,872da2785ffffff,3,wrek_late_evening,DO
BOD,Bolt,10-20 km,87186b6ddffffff,5,wked_day,DO
BOD,Bolt,10-20 km,87186b6ceffffff,1,wkd_night,DO
CPH,Bolt,5-10 km,871f05813ffffff,7,wked_morning,DO
GOT,Bolt,30-40 km,871f2506cffffff,7,wkd_night,PU
VIE,Bolt,20-30 km,871e15b71ffffff,11,wked_day,DO
JNB,BoltEco,40-50 km,87bcc3ce9ffffff,5,wked_night,DO
FAO,Bolt,30-40 km,873910256ffffff,2,wkd_morning,DO
BER,Bolt,20-30 km,871f1d488ffffff,9,wked_day,PU
OTP,Bolt,10-20 km,871eeeb6affffff,12,wkd_night,DO
DUS,Bolt,5-10 km,871fa539affffff,20,wkd_evening,DO
DUS,Bolt,5-10 km,871fa52b0ffffff,5,wkd_morning,PU
FRA,Bolt,10-20 km,871faeaf6ffffff,8,wkd_morning,DO
KRK,Bolt,20-30 km,871e2e6a0ffffff,4,wkd_night,PU
LYS,Bolt,30-40 km,871f9020bffffff,13,wkd_day,PU
AGP,Bolt,20-30 km,873919585ffffff,88,wkd_day,PU
NTE,Bolt,5-10 km,87184585effffff,6,wked_morning,DO
NCE,Bolt,10-20 km,873969a0cffffff,7,wkd_evening,DO
NCE,Bolt,5-10 km,873969a05ffffff,4,wkd_morning,DO
CDG,Bolt,10-20 km,871fb422effffff,32,wkd_day,PU
CDG,Bolt,30-40 km,871fb4644ffffff,31,wkd_morning,PU
ORY,Bolt,10-20 km,871fb4644ffffff,6,wked_day,PU
GDN,Bolt,10-20 km,871f09b34ffffff,5,wkd_morning,DO
DXB,Bolt,10-20 km,8743accaeffffff,1,wkd_late_evening,PU
ATH,Bolt Taxi,50-60 km,871eda752ffffff,9,wkd_late_evening,PU
ATH,Bolt Taxi,30-40 km,871eda75dffffff,3,wkd_late_evening,PU
BEY,Bolt,30-40 km,872da27aeffffff,3,wrek_late_evening,DO
CGN,Bolt,20-30 km,871fa1999ffffff,1,wkd_day,DO
CPH,Bolt,5-10 km,871f05833ffffff,3,wkd_morning,PU
FRA,Bolt,10-20 km,871faea1affffff,3,wkd_morning,DO
MRS,Bolt,30-40 km,873968bb5ffffff,1,wkd_morning,DO
NCE,Bolt,20-30 km,873969a85ffffff,3,wkd_morning,PU
ORY,Bolt,10-20 km,871fb4644ffffff,1,wkd_evening,DO
SXB,Bolt,10-20 km,871f85603ffffff,1,wkd_day,PU
VLC,Cabify,10-20 km,87395401bffffff,2,wkd_late_evening,DO
VLC,Cabify,5-10 km,873954013ffffff,1,wked_morning,PU
DUR,BoltEco,10-20 km,87bcf5d2affffff,4,wkd_morning,PU
ATH,Bolt Taxi,40-50 km,871eda743ffffff,1,wked_night,PU
AMS,Bolt,10-20 km,871969522ffffff,3,wkd_evening,PU
AMS,Bolt,20-30 km,871969526ffffff,1,wkd_late_evening,DO
CPH,Bolt,10-20 km,871f05831ffffff,1,wrek_late_evening,DO
HEL,Bolt,10-20 km,871126d06ffffff,2,wkd_evening,PU
MAD,Cabify,20-30 km,87390ca35ffffff,2,wkd_night,DO
NCE,Bolt,5-10 km,873969a03ffffff,1,wkd_morning,DO
HEL,Bolt,10-20 km,871126d1dffffff,1,wkd_morning,DO
BRS,Bolt,10-20 km,871958621ffffff,2,wkd_morning,DO
STN,Bolt,0-5 km,87194e475ffffff,2,wrek_evening,PU
MAN,Bolt,10-20 km,871951b29ffffff,2,wkd_morning,DO
EDI,Bolt,10-20 km,8719720cbffffff,1,wkd_evening,DO
MUC,Bolt,10-20 km,871f8d7aeffffff,1,wked_night,DO
TLS,Bolt,10-20 km,873960112ffffff,4,wked_day,PU
TLS,Bolt,5-10 km,8739601a8ffffff,5,wkd_late_evening,PU
NBO,Bolt Basic,20-30 km,877a6e429ffffff,3,wked_night,PU
BEY,Bolt,5-10 km,872da24f3ffffff,2,wkd_night,DO
OTP,Bolt,10-20 km,871eeeb6affffff,2,wkd_day,PU
CPH,Bolt,5-10 km,871f05831ffffff,3,wked_night,PU
DOH,TaxiF Eco+,30-40 km,87536bd9cffffff,2,wkd_late_evening,DO
LYS,Bolt,10-20 km,871f9025dffffff,8,wked_day,DO
MPL,Bolt,10-20 km,87396c593ffffff,11,wkd_morning,PU
NTE,Bolt,10-20 km,87184584effffff,4,wked_morning,DO
NTE,Bolt,10-20 km,871845851ffffff,1,wkd_night,PU
NCE,Bolt,5-10 km,873969a10ffffff,6,wked_morning,DO
OSL,Bolt,0-5 km,870999386ffffff,2,wkd_day,PU
ARN,Bolt,20-30 km,870886664ffffff,2,wkd_day,PU
TLS,Bolt,20-30 km,87396018bffffff,3,wkd_late_evening,DO
TLS,Bolt,10-20 km,8739601b3ffffff,2,wkd_morning,DO
VIE,Bolt,10-20 km,871e15b42ffffff,4,wkd_day,PU
VNO,Bolt,5-10 km,871f40308ffffff,12,wkd_night,PU
WRO,Bolt,5-10 km,871e2040cffffff,7,wkd_day,PU
DXB,Bolt,5-10 km,8743a136effffff,1,wkd_late_evening,PU
DUR,BoltEco,30-40 km,87bc1b663ffffff,2,wkd_night,DO
AMS,Bolt,10-20 km,871969523ffffff,2,wked_night,PU
CLJ,Bolt,0-5 km,871e0b381ffffff,1,wkd_day,DO
DUS,Bolt,20-30 km,871fa1926ffffff,1,wkd_day,DO
HEL,Bolt,10-20 km,871126d14ffffff,2,wkd_morning,DO
HEL,Bolt,20-30 km,871126d02ffffff,3,wkd_day,DO
LYS,Bolt,40-50 km,871f9022bffffff,3,wkd_day,DO
MLA,Bolt,10-20 km,873f30450ffffff,2,wrek_evening,DO
PRG,Bolt,20-30 km,871e3541affffff,8,wkd_late_evening,PU
SXB,Bolt,10-20 km,871f85600ffffff,1,wkd_day,PU
VIE,Bolt,5-10 km,871e15b71ffffff,1,wked_night,DO
AMS,Bolt,10-20 km,871969504ffffff,1,wkd_late_evening,DO
DOH,TaxiF Eco+,10-20 km,87536bc2affffff,1,wked_night,DO
DUS,Bolt,20-30 km,871fa5399ffffff,2,wkd_late_evening,DO
LYS,Bolt,30-40 km,871f902e9ffffff,1,wkd_morning,DO
BCN,Cabify,30-40 km,873944608ffffff,1,wkd_day,PU
DBV,Bolt,20-30 km,871e8db46ffffff,1,wked_night,DO
MUC,Bolt,0-5 km,871f8d44cffffff,1,wked_morning,DO
OSL,Bolt,50-60 km,870999395ffffff,1,wkd_day,DO
SVQ,Cabify,20-30 km,87391c70affffff,1,wkd_morning,DO
DXB,Bolt,40-50 km,8743a132dffffff,1,wkd_morning,PU
ZRH,Bolt,10-20 km,871f8edb3ffffff,7,wkd_late_evening,PU
CPH,Bolt,10-20 km,871f05833ffffff,7,wrek_evening,DO
DUS,Bolt,10-20 km,871fa50ebffffff,3,wked_morning,DO
HEL,Bolt,10-20 km,871126d33ffffff,18,wked_morning,DO
KRK,Bolt,20-30 km,871e2e6b1ffffff,13,wrek_evening,DO
MAD,Cabify,20-30 km,87390ca36ffffff,5,wrek_late_evening,DO
MRS,Bolt,30-40 km,87396802effffff,3,wrek_evening,DO
MUC,Bolt,30-40 km,871f8d7acffffff,1,wked_day,DO
NTE,Bolt,20-30 km,871845b02ffffff,1,wked_day,DO
NCE,Bolt,5-10 km,873969a08ffffff,27,wked_day,DO
VIE,Bolt,20-30 km,871e15b54ffffff,3,wrek_evening,DO
DXB,Bolt,30-40 km,8743a132affffff,3,wked_morning,DO
DXB,Bolt,5-10 km,8743a132affffff,1,wkd_night,PU
AMS,Bolt,30-40 km,87196919effffff,3,wkd_night,PU
BCN,Cabify,40-50 km,873944746ffffff,1,wkd_day,PU
BEY,Bolt,30-40 km,872da2780ffffff,2,wkd_day,DO
BER,Bolt,30-40 km,871f1d488ffffff,3,wkd_evening,PU
OTP,Bolt,5-10 km,871eec45bffffff,3,wkd_day,DO
OTP,Bolt,10-20 km,871eeeb68ffffff,7,wkd_late_evening,PU
DUS,Bolt,10-20 km,871fa53b6ffffff,3,wkd_late_evening,DO
GOT,Bolt,20-30 km,871f25a82ffffff,4,wkd_late_evening,DO
KRK,Bolt,20-30 km,871e2e6b1ffffff,58,wkd_morning,DO
KRK,Bolt,10-20 km,871e2e6a3ffffff,7,wkd_late_evening,DO
LYS,Bolt,10-20 km,871f9025dffffff,8,wkd_evening,DO
LYS,Bolt,20-30 km,871f902eeffffff,4,wkd_late_evening,DO
MPL,Bolt,40-50 km,87396e830ffffff,2,wkd_morning,PU
MPL,Bolt,10-20 km,87396e96dffffff,10,wkd_evening,PU
NCE,Bolt,0-5 km,873969a1cffffff,6,wkd_late_evening,DO
NCE,Bolt,10-20 km,873969a85ffffff,4,wkd_day,PU
ORY,Bolt,20-30 km,871fb4644ffffff,6,wkd_morning,PU
SVQ,Cabify,10-20 km,87391c624ffffff,12,wkd_morning,DO
SVQ,Cabify,20-30 km,87391c70effffff,2,wkd_evening,DO
TLS,Bolt,0-5 km,8739601a0ffffff,4,wkd_night,DO
GDN,Bolt,10-20 km,871f7248affffff,10,wkd_morning,DO
GDN,Bolt,20-30 km,871f72589ffffff,6,wkd_night,PU
VLC,Cabify,20-30 km,87395401effffff,1,wkd_morning,PU
VNO,Bolt,10-20 km,871f4030cffffff,4,wked_night,DO
JNB,BoltEco,10-20 km,87bcc2248ffffff,1,wkd_late_evening,DO
FAO,Bolt,10-20 km,8739102edffffff,1,wkd_day,DO
BOD,Bolt,50-60 km,87186b295ffffff,4,wkd_morning,PU
CGN,Bolt,20-30 km,871fa1984ffffff,1,wkd_day,DO
MLA,Bolt,10-20 km,873f30450ffffff,8,wkd_day,DO
MLA,Bolt,10-20 km,873f30450ffffff,1,wrek_late_evening,DO
MUC,Bolt,40-50 km,871f8d7aeffffff,3,wkd_morning,DO
OSL,Bolt,5-10 km,8708a45b4ffffff,2,wked_morning,DO
ARN,Bolt,20-30 km,870886752ffffff,1,wkd_morning,DO
DXB,Bolt,10-20 km,8743a132affffff,1,wkd_morning,PU
DUR,BoltEco,10-20 km,87bcf5d0effffff,2,wkd_day,DO
JED,Bolt,20-30 km,8753a9509ffffff,2,wkd_evening,DO
BER,Bolt,20-30 km,871f1d48affffff,1,wked_morning,DO
LIS,Bolt,40-50 km,8739337a1ffffff,2,wkd_day,PU
DXB,Bolt,40-50 km,8743a1220ffffff,1,wkd_morning,PU
MPL,Bolt,20-30 km,87396c4b0ffffff,1,wrek_evening,PU
VNO,Bolt,30-40 km,871f40319ffffff,1,wkd_night,DO
ZRH,Bolt,5-10 km,871f8edb3ffffff,4,wkd_evening,DO
MAN,Bolt,5-10 km,871951b71ffffff,1,wkd_morning,DO
BRS,Bolt,20-30 km,871958392ffffff,1,wkd_morning,DO
MRS,Bolt,10-20 km,8739688d4ffffff,1,wkd_late_evening,DO
NCE,Bolt,30-40 km,873969a40ffffff,3,wked_morning,DO
WRO,Bolt,10-20 km,871e20408ffffff,23,wked_day,PU
ATH,Bolt Taxi,50-60 km,871eda752ffffff,2,wked_day,PU
NBO,Bolt Basic,10-20 km,877a6e428ffffff,2,wrek_late_evening,DO
AMS,Bolt,20-30 km,8719682edffffff,2,wkd_night,PU
AMS,Bolt,10-20 km,871969532ffffff,8,wkd_night,DO
BCN,Cabify,20-30 km,87394460cffffff,5,wkd_night,PU
BCN,Cabify,20-30 km,873944601ffffff,2,wked_night,DO
CPH,Bolt,10-20 km,871f05814ffffff,18,wkd_night,DO
FRA,Bolt,10-20 km,871faeaadffffff,6,wkd_late_evening,PU
HEL,Bolt,20-30 km,870899682ffffff,4,wkd_night,DO
HEL,Bolt,10-20 km,871126d30ffffff,1,wkd_late_evening,DO
LIL,Bolt,10-20 km,87194d641ffffff,5,wkd_morning,PU
MUC,Bolt,30-40 km,871f8d44affffff,4,wkd_night,PU
NTE,Bolt,40-50 km,871845028ffffff,3,wkd_day,DO
NTE,Bolt,60-70 km,871845c5affffff,6,wkd_day,DO
OSL,Bolt,30-40 km,8709992a1ffffff,2,wkd_night,PU
OSL,Bolt,50-60 km,8709993aeffffff,4,wkd_morning,DO
SVQ,Cabify,0-5 km,87391c46affffff,1,wkd_morning,DO
ARN,Bolt,40-50 km,8708866a8ffffff,2,wkd_night,DO
ARN,Bolt,30-40 km,87088675affffff,2,wked_night,PU
GDN,Bolt,0-5 km,871f72491ffffff,4,wkd_morning,DO
GDN,Bolt,20-30 km,871f725aaffffff,6,wkd_evening,DO
VLC,Cabify,10-20 km,8739540adffffff,3,wkd_evening,PU
VIE,Bolt,20-30 km,871e15b71ffffff,50,wkd_morning,DO
VIE,Bolt,10-20 km,871e15b44ffffff,15,wkd_late_evening,DO
VNO,Bolt,20-30 km,871f4005affffff,2,wkd_day,PU
WRO,Bolt,10-20 km,871e2040effffff,2,wkd_morning,DO
JNB,BoltEco,20-30 km,87bcc3cd3ffffff,5,wked_day,DO
BEY,Bolt,30-40 km,872da2790ffffff,2,wkd_evening,DO
HEL,Bolt,30-40 km,870899682ffffff,1,wkd_night,PU
LIS,Bolt,0-5 km,873933674ffffff,2,wkd_day,PU
MMX,Bolt,20-30 km,871f05b08ffffff,1,wkd_day,PU
MUC,Bolt,40-50 km,871f8d716ffffff,1,wkd_morning,PU
SVQ,Cabify,5-10 km,87391c755ffffff,2,wkd_day,PU
GDN,Bolt,5-10 km,871f09b20ffffff,1,wkd_day,PU
VNO,Bolt,5-10 km,871f4030affffff,4,wkd_morning,DO
GOT,Bolt,10-20 km,871f25306ffffff,1,wkd_morning,DO
SVQ,Cabify,10-20 km,87391c604ffffff,2,wkd_morning,PU
DXB,Bolt,10-20 km,8743a1301ffffff,1,wkd_night,PU
BER,Bolt,20-30 km,871f1d4d4ffffff,1,wkd_late_evening,PU
GDN,Bolt,10-20 km,871f725a4ffffff,1,wkd_day,PU
ZRH,Bolt,10-20 km,871f8ed92ffffff,2,wkd_evening,DO
MAN,Bolt,5-10 km,871951b50ffffff,1,wkd_morning,PU
CPH,Bolt,5-10 km,871f05815ffffff,7,wked_morning,DO
CPH,Bolt,10-20 km,871f05832ffffff,4,wked_morning,DO
MPL,Bolt,30-40 km,8739612c5ffffff,2,wrek_late_evening,PU
MUC,Bolt,30-40 km,871f8d468ffffff,4,wrek_evening,DO
TLS,Bolt,5-10 km,8739601aeffffff,4,wrek_evening,DO
VNO,Bolt,0-5 km,871f4030cffffff,1,wrek_late_evening,PU
ABV,Bolt,40-50 km,8758f0d2cffffff,2,wkd_morning,DO
ABV,Bolt,60-70 km,8758f0c20ffffff,2,wkd_morning,DO
AMS,Bolt,10-20 km,871969511ffffff,1,wkd_late_evening,PU
AMS,Bolt,10-20 km,87196951effffff,4,wkd_day,DO
CPH,Bolt,10-20 km,871f0591bffffff,6,wkd_day,DO
DUS,Bolt,10-20 km,871fa53a3ffffff,2,wkd_late_evening,DO
FRA,Bolt,10-20 km,871faea12ffffff,5,wkd_late_evening,PU
HEL,Bolt,20-30 km,871126d1effffff,6,wkd_morning,PU
LIL,Bolt,0-5 km,871949926ffffff,6,wkd_morning,PU
LIL,Bolt,50-60 km,871fa6d60ffffff,3,wkd_day,DO
LIS,Bolt,0-5 km,87393375affffff,11,wkd_late_evening,PU
LIS,Bolt,5-10 km,873933628ffffff,4,wkd_night,DO
WRO,Bolt,10-20 km,871e20408ffffff,4,wked_night,PU
RUH,Bolt,30-40 km,8753736eeffffff,4,wkd_night,DO
AMS,Bolt,5-10 km,87196951effffff,3,wked_morning,PU
CGN,Bolt,20-30 km,871fa1c49ffffff,1,wkd_day,DO
CPH,Bolt,20-30 km,871f05984ffffff,3,wked_morning,DO
DUS,Bolt,20-30 km,871fa53b4ffffff,1,wkd_morning,DO
MLA,Bolt,5-10 km,873f30450ffffff,5,wkd_morning,DO
MLA,Bolt,10-20 km,873f30453ffffff,2,wkd_night,DO
MLA,Bolt,5-10 km,873f30450ffffff,2,wked_night,DO
TSR,Bolt,10-20 km,871ee6926ffffff,3,wkd_evening,DO
NBO,Bolt Basic,20-30 km,877a6e429ffffff,2,wkd_evening,DO
AMS,Bolt,20-30 km,871969524ffffff,2,wked_morning,DO
CPH,Bolt,0-5 km,871f05802ffffff,2,wkd_day,DO
CPH,Bolt,5-10 km,871f05811ffffff,1,wked_morning,DO
ORY,Bolt,0-5 km,871fb4674ffffff,1,wkd_morning,PU
SVQ,Cabify,10-20 km,87391c70effffff,2,wked_night,DO
HEL,Bolt,10-20 km,870899691ffffff,1,wkd_night,PU
LYS,Bolt,30-40 km,871f90208ffffff,1,wkd_late_evening,PU
DXB,Bolt,10-20 km,8743a134dffffff,1,wkd_night,DO
BRS,Bolt,10-20 km,871958392ffffff,2,wrek_late_evening,PU
EDI,Bolt,5-10 km,871972760ffffff,2,wkd_day,DO
AMS,Bolt,20-30 km,871969c9bffffff,22,wked_day,DO
OTP,Bolt,10-20 km,871eec4edffffff,4,wked_morning,DO
OTP,Bolt,5-10 km,871eec45bffffff,3,wrek_late_evening,DO
LIS,Bolt,10-20 km,87393362bffffff,9,wked_morning,DO
MUC,Bolt,40-50 km,871f8d7b4ffffff,2,wked_day,DO
VIE,Bolt,10-20 km,871e15b71ffffff,11,wrek_evening,DO
AMS,Bolt,30-40 km,871969494ffffff,4,wkd_late_evening,PU
AMS,Bolt,10-20 km,871969c9bffffff,9,wked_night,PU
BCN,Cabify,10-20 km,873944600ffffff,2,wkd_night,DO
BCN,Cabify,20-30 km,87394460dffffff,4,wkd_morning,PU
BEY,Bolt,40-50 km,872da2719ffffff,3,wked_night,DO
CGN,Bolt,10-20 km,871fa1999ffffff,3,wkd_late_evening,DO
FRA,Bolt,10-20 km,871faeaa0ffffff,3,wkd_evening,PU
FRA,Bolt,20-30 km,871faeae0ffffff,4,wkd_day,DO
HEL,Bolt,0-5 km,8708996deffffff,3,wkd_night,PU
LIS,Bolt,10-20 km,873933625ffffff,8,wkd_night,DO
LIS,Bolt,0-5 km,873933629ffffff,8,wkd_morning,PU
MAD,Cabify,10-20 km,87390cb1bffffff,31,wkd_late_evening,PU
MAD,Cabify,20-30 km,87390cb1cffffff,1,wkd_late_evening,DO
MAD,Cabify,20-30 km,87390cb1bffffff,6,wked_night,PU
MRS,Bolt,0-5 km,8739688d6ffffff,4,wkd_evening,PU
NTE,Bolt,10-20 km,871845864ffffff,1,wkd_evening,DO
NTE,Bolt,5-10 km,871845848ffffff,5,wkd_morning,DO
ORY,Bolt,20-30 km,871fb4666ffffff,28,wkd_late_evening,PU
CDG,Bolt,30-40 km,871fb4670ffffff,17,wked_night,PU
PRG,Bolt,10-20 km,871e35418ffffff,132,wkd_day,DO
SVQ,Cabify,10-20 km,87391c70effffff,6,wkd_night,DO
TLS,Bolt,5-10 km,8739601aeffffff,32,wkd_day,DO
TLS,Bolt,20-30 km,8739601b5ffffff,1,wkd_day,DO
VLC,Cabify,5-10 km,87395418bffffff,3,wkd_morning,PU
VNO,Bolt,5-10 km,871f4032bffffff,3,wkd_morning,DO
VNO,Bolt,0-5 km,871f4030affffff,11,wkd_night,DO
DXB,Bolt,20-30 km,8743accaeffffff,1,wrek_late_evening,PU
CLJ,Bolt,5-10 km,871e0b231ffffff,2,wked_night,PU
DOH,TaxiF Eco+,20-30 km,87536bc2affffff,6,wked_night,DO
DOH,TaxiF Eco+,30-40 km,87536b575ffffff,3,wrek_late_evening,DO
DBV,Bolt,20-30 km,871e8db46ffffff,9,wkd_night,DO
DBV,Bolt,20-30 km,871e8db46ffffff,3,wked_day,DO
HEL,Bolt,20-30 km,87089969bffffff,1,wkd_night,PU
LIL,Bolt,10-20 km,87194d295ffffff,4,wkd_morning,DO
OSL,Bolt,30-40 km,870999382ffffff,1,wkd_day,PU
PRG,Bolt,10-20 km,871e354adffffff,1,wkd_evening,PU
ATH,Bolt Taxi,40-50 km,871eda75cffffff,1,wkd_late_evening,PU
FAO,Bolt,20-30 km,8739102edffffff,2,wkd_night,DO
BCN,Cabify,10-20 km,87394461dffffff,2,wkd_night,PU
BEY,Bolt,0-5 km,872da24e1ffffff,1,wrek_evening,PU
MMX,Bolt,30-40 km,871f05b84ffffff,2,wkd_day,DO
DXB,Bolt,40-50 km,8743a132cffffff,1,wked_morning,PU
ATH,Bolt Taxi,0-5 km,871eda75dffffff,1,wkd_day,PU
MPL,Bolt,20-30 km,87396e96cffffff,1,wkd_night,PU
SXB,Bolt,10-20 km,871f85605ffffff,1,wked_night,DO
RUH,Bolt,60-70 km,875355d81ffffff,1,wkd_night,DO
ZRH,Bolt,5-10 km,871f8edb1ffffff,4,wked_night,DO
ZRH,Bolt,10-20 km,871f8edb2ffffff,3,wked_day,DO
LTN,Bolt,20-30 km,87195da2cffffff,2,wked_morning,DO
EDI,Bolt,5-10 km,871972761ffffff,1,wkd_day,PU
BCN,Cabify,0-5 km,87394461cffffff,2,wkd_night,PU
KRK,Bolt,5-10 km,871e2e6b4ffffff,4,wked_morning,DO
LIS,Bolt,5-10 km,87393362dffffff,13,wked_day,PU
OSL,Bolt,40-50 km,87099938affffff,4,wkd_night,PU
JED,Bolt,10-20 km,8753a9576ffffff,2,wkd_late_evening,DO
ABV,Bolt,40-50 km,8758f468effffff,3,wkd_day,PU
AMS,Bolt,10-20 km,871968269ffffff,4,wkd_morning,PU
BOD,Bolt,10-20 km,87184d990ffffff,5,wkd_late_evening,PU
HEL,Bolt,10-20 km,871126d30ffffff,3,wkd_night,PU
HEL,Bolt,20-30 km,871126d02ffffff,2,wkd_late_evening,DO
LIS,Bolt,30-40 km,873933653ffffff,4,wkd_night,PU
MRS,Bolt,30-40 km,873968153ffffff,2,wkd_morning,DO
NTE,Bolt,20-30 km,87184584cffffff,3,wkd_day,DO
NTE,Bolt,10-20 km,871845b03ffffff,4,wkd_morning,PU
NTE,Bolt,20-30 km,87184586affffff,1,wked_day,PU
ARN,Bolt,40-50 km,8708866a9ffffff,2,wkd_night,DO
ARN,Bolt,40-50 km,870886619ffffff,4,wkd_late_evening,DO
TLS,Bolt,10-20 km,8739601adffffff,3,wkd_night,DO
VIE,Bolt,20-30 km,871e15b71ffffff,7,wkd_night,DO
DXB,Bolt,10-20 km,8743a1368ffffff,5,wrek_late_evening,PU
DUR,BoltEco,60-70 km,87bcf591affffff,4,wkd_evening,PU
DUR,BoltEco,30-40 km,87bc1b644ffffff,4,wkd_late_evening,PU
ATH,Bolt Taxi,40-50 km,871eda743ffffff,66,wkd_day,DO
ATH,Bolt Taxi,30-40 km,871eda741ffffff,3,wkd_late_evening,DO
NBO,Bolt Basic,20-30 km,877a6e55bffffff,4,wrek_late_evening,DO
RUH,Bolt,50-60 km,875354aebffffff,2,wked_night,DO
JED,Bolt,5-10 km,8753a9509ffffff,1,wkd_evening,DO
JED,Bolt,20-30 km,8753a9529ffffff,3,wkd_night,PU
JED,Bolt,10-20 km,8753a9cdaffffff,4,wkd_late_evening,DO
BEY,Bolt,5-10 km,872da24c5ffffff,1,wkd_evening,DO
TSR,Bolt,10-20 km,871ee6925ffffff,1,wkd_night,DO
TLS,Bolt,20-30 km,87396018effffff,1,wkd_late_evening,PU
DXB,Bolt,5-10 km,8743a1368ffffff,1,wkd_morning,DO
DUR,BoltEco,20-30 km,87bcf5d1effffff,2,wkd_day,PU
NTE,Bolt,10-20 km,87184585dffffff,1,wkd_late_evening,PU
PRG,Bolt,10-20 km,871e3541effffff,2,wked_night,PU
SVQ,Cabify,0-5 km,87391c70effffff,2,wkd_day,PU
WRO,Bolt,5-10 km,871e20408ffffff,1,wkd_night,DO
ATH,Bolt Taxi,5-10 km,873f74925ffffff,1,wkd_evening,DO
GOT,Bolt,10-20 km,871f2506effffff,1,wkd_late_evening,PU
OSL,Bolt,60-70 km,870999386ffffff,1,wkd_night,PU
VLC,Cabify,30-40 km,873954010ffffff,1,wkd_morning,DO
VNO,Bolt,10-20 km,871f40320ffffff,2,wkd_night,DO
ZRH,Bolt,0-5 km,871f8eda2ffffff,3,wked_night,DO
EDI,Bolt,10-20 km,871972765ffffff,5,wked_morning,DO
EDI,Bolt,10-20 km,8719720c9ffffff,4,wkd_evening,PU
ZRH,Bolt,10-20 km,871f8ed94ffffff,13,wkd_day,PU
ZRH,Bolt,50-60 km,871f8eda0ffffff,1,wkd_day,DO
NCL,Bolt,10-20 km,871973271ffffff,1,wkd_morning,DO
MAN,Bolt,20-30 km,871951badffffff,2,wrek_late_evening,PU
AMS,Bolt,10-20 km,871969530ffffff,5,wrek_evening,PU
HEL,Bolt,20-30 km,870899691ffffff,5,wrek_late_evening,PU
VNO,Bolt,0-5 km,871f4030affffff,7,wked_day,PU
ATH,Bolt Taxi,30-40 km,871eda75effffff,5,wked_morning,DO
JED,Bolt,10-20 km,8753a9528ffffff,3,wkd_night,DO
FAO,Bolt,5-10 km,87391158effffff,9,wked_morning,PU
AMS,Bolt,10-20 km,87196826bffffff,1,wkd_morning,DO
AMS,Bolt,30-40 km,871969c9bffffff,15,wkd_day,DO
AMS,Bolt,10-20 km,871968269ffffff,9,wkd_evening,PU
AMS,Bolt,20-30 km,871969535ffffff,3,wrek_evening,PU
BCN,Cabify,20-30 km,87394460effffff,9,wkd_night,DO
BER,Bolt,20-30 km,871f1d489ffffff,11,wkd_day,DO
BOD,Bolt,10-20 km,87186b6ddffffff,3,wkd_late_evening,DO
CPH,Bolt,10-20 km,871f05826ffffff,6,wkd_night,DO
CPH,Bolt,10-20 km,871f05832ffffff,4,wkd_morning,DO
CPH,Bolt,10-20 km,871f05923ffffff,1,wkd_day,DO
KRK,Bolt,20-30 km,871e2e6b1ffffff,33,wkd_evening,PU
LIS,Bolt,5-10 km,87393362dffffff,36,wkd_day,DO
LIS,Bolt,0-5 km,873933629ffffff,2,wrek_evening,PU
NCE,Bolt,30-40 km,873969a69ffffff,4,wkd_evening,DO
GDN,Bolt,20-30 km,871f724aeffffff,2,wked_day,PU
VIE,Bolt,20-30 km,871e15b70ffffff,7,wkd_late_evening,PU
VIE,Bolt,20-30 km,871e15b73ffffff,7,wkd_morning,PU
WRO,Bolt,10-20 km,871e20409ffffff,5,wkd_day,DO
WRO,Bolt,10-20 km,871e2040cffffff,3,wked_night,PU
DXB,Bolt,40-50 km,8743a132dffffff,4,wkd_night,PU
ATH,Bolt Taxi,10-20 km,871eda295ffffff,7,wrek_late_evening,DO
AMS,Bolt,20-30 km,871969c9dffffff,2,wkd_evening,PU
AMS,Bolt,5-10 km,871969535ffffff,1,wkd_day,PU
BER,Bolt,20-30 km,871f1d48dffffff,1,wkd_day,PU
CLJ,Bolt,5-10 km,871e0b38cffffff,1,wrek_late_evening,PU
CPH,Bolt,20-30 km,871f05835ffffff,1,wkd_night,DO
DBV,Bolt,20-30 km,871e8db40ffffff,6,wkd_evening,PU
FRA,Bolt,20-30 km,871faeaa9ffffff,1,wkd_evening,DO
NCE,Bolt,20-30 km,873969b91ffffff,3,wkd_evening,DO
VLC,Cabify,10-20 km,8739540b1ffffff,2,wked_morning,PU
VNO,Bolt,5-10 km,871f4030cffffff,3,wkd_morning,PU
DXB,Bolt,40-50 km,8743a1301ffffff,3,wked_night,PU
JNB,BoltEco,20-30 km,87bcc35a9ffffff,2,wkd_morning,PU
DUR,BoltEco,10-20 km,87bc1b6e8ffffff,16,wkd_morning,PU
OTP,Bolt,30-40 km,871eeeb6bffffff,1,wkd_day,PU
HEL,Bolt,10-20 km,871126d31ffffff,2,wked_day,DO
NCE,Bolt,30-40 km,873969a45ffffff,1,wrek_late_evening,DO
VIE,Bolt,20-30 km,871e15b6bffffff,2,wkd_night,DO
DXB,Bolt,40-50 km,8743a13adffffff,1,wked_day,DO
DXB,Bolt,5-10 km,8743a132dffffff,1,wkd_night,PU
MUC,Bolt,30-40 km,871f8d7a4ffffff,2,wkd_night,DO
CDG,Bolt,50-60 km,871fb0962ffffff,1,wkd_morning,PU
ARN,Bolt,10-20 km,87088661dffffff,1,wrek_evening,PU
EDI,Bolt,10-20 km,871972765ffffff,6,wkd_late_evening,PU
ZRH,Bolt,0-5 km,871f8eda1ffffff,3,wkd_late_evening,DO
ZRH,Bolt,5-10 km,871f8ed95ffffff,1,wkd_late_evening,PU
AMS,Bolt,10-20 km,871969500ffffff,4,wkd_night,PU
BOD,Bolt,5-10 km,87186b6caffffff,2,wkd_late_evening,PU
DUS,Bolt,10-20 km,871fa52b1ffffff,2,wked_day,DO
LYS,Bolt,10-20 km,871f9025cffffff,3,wked_morning,DO
MPL,Bolt,0-5 km,87396c4b0ffffff,3,wrek_evening,PU
CDG,Bolt,40-50 km,871fb4670ffffff,5,wked_day,PU
VIE,Bolt,20-30 km,871e15b73ffffff,7,wked_night,DO
AMS,Bolt,10-20 km,871968269ffffff,14,wkd_late_evening,PU
AMS,Bolt,30-40 km,871969c9bffffff,4,wkd_night,DO
BCN,Cabify,20-30 km,87394460cffffff,19,wkd_day,PU
BCN,Cabify,10-20 km,873944608ffffff,7,wkd_evening,PU
BCN,Cabify,20-30 km,87394460cffffff,5,wkd_evening,DO
BCN,Cabify,10-20 km,873944611ffffff,1,wkd_night,PU
CPH,Bolt,20-30 km,871f05833ffffff,2,wkd_morning,PU
CPH,Bolt,5-10 km,871f05835ffffff,1,wkd_night,DO
CPH,Bolt,10-20 km,871f0599dffffff,3,wkd_night,DO
DUS,Bolt,5-10 km,871fa52b0ffffff,18,wkd_day,DO
HEL,Bolt,10-20 km,871126d21ffffff,3,wkd_evening,DO
HEL,Bolt,20-30 km,871126d34ffffff,2,wkd_day,PU
HEL,Bolt,5-10 km,8708996deffffff,3,wkd_evening,DO
KRK,Bolt,10-20 km,871e2e6b3ffffff,3,wkd_day,PU
LYS,Bolt,30-40 km,871f9020effffff,4,wkd_day,DO
MAD,Cabify,10-20 km,87390cb0affffff,9,wkd_morning,PU
MPL,Bolt,5-10 km,87396e96dffffff,3,wkd_morning,DO
NTE,Bolt,20-30 km,871845861ffffff,2,wkd_night,DO
NCE,Bolt,10-20 km,873969a84ffffff,6,wkd_night,PU
NCE,Bolt,10-20 km,873969a84ffffff,1,wrek_evening,PU
ORY,Bolt,20-30 km,871fb4666ffffff,6,wked_night,PU
RTM,Bolt,50-60 km,871969600ffffff,4,wkd_evening,PU
ARN,Bolt,30-40 km,870886751ffffff,3,wkd_morning,DO
TLS,Bolt,5-10 km,8739601a3ffffff,8,wkd_night,DO
TLS,Bolt,5-10 km,8739601aeffffff,2,wked_night,PU
GDN,Bolt,5-10 km,871f7249effffff,2,wkd_night,PU
DXB,Bolt,10-20 km,8743acc9effffff,2,wkd_day,DO
DXB,Bolt,20-30 km,8743a130dffffff,2,wkd_late_evening,PU
NBO,Bolt Basic,10-20 km,877a6e42dffffff,2,wkd_morning,DO
BEY,Bolt,10-20 km,872da24e1ffffff,2,wked_morning,PU
CPH,Bolt,10-20 km,871f05813ffffff,3,wkd_late_evening,PU
DOH,TaxiF Eco+,5-10 km,87536bc03ffffff,2,wkd_morning,DO
KRK,Bolt,20-30 km,871e2e685ffffff,1,wkd_morning,DO
MUC,Bolt,5-10 km,871f8d0f2ffffff,1,wkd_night,PU
POZ,Bolt,5-10 km,871e24aa5ffffff,1,wkd_late_evening,PU
WRO,Bolt,5-10 km,871e20408ffffff,1,wked_night,DO
ATH,Bolt Taxi,5-10 km,871eda29cffffff,4,wkd_day,DO
ATH,Bolt Taxi,30-40 km,871eda769ffffff,1,wked_day,DO
NBO,Bolt Basic,10-20 km,877a6e501ffffff,1,wkd_late_evening,PU
AMS,Bolt,5-10 km,871969533ffffff,2,wkd_late_evening,PU
AMS,Bolt,20-30 km,871969c9bffffff,1,wked_night,DO
CPH,Bolt,20-30 km,871f0591affffff,1,wked_day,PU
KRK,Bolt,10-20 km,871e2e799ffffff,2,wked_day,DO
LYS,Bolt,5-10 km,871f90209ffffff,2,wkd_evening,PU
SVQ,Cabify,0-5 km,87391c70affffff,1,wked_night,PU
AGP,Cabify,5-10 km,8739195b1ffffff,20,wkd_morning,PU
DXB,Bolt,20-30 km,8743a136affffff,1,wrek_late_evening,PU
ATH,Bolt Taxi,0-5 km,873f74925ffffff,1,wkd_day,DO
ZRH,Bolt,30-40 km,871f8336cffffff,4,wked_morning,PU
ZRH,Bolt,20-30 km,871f8ec84ffffff,3,wkd_day,PU
CWL,Bolt,10-20 km,8719586b4ffffff,5,wkd_morning,PU
LCY,Bolt,10-20 km,87194ada5ffffff,2,wkd_morning,DO
LHR,Bolt,20-30 km,87194ad04ffffff,1,wked_day,PU
FAO,Bolt,40-50 km,873910208ffffff,4,wked_day,PU
AMS,Bolt,20-30 km,871969c99ffffff,7,wked_day,PU
GOT,Bolt,20-30 km,871f25a98ffffff,3,wrek_evening,DO
PRG,Bolt,10-20 km,871e35413ffffff,3,wrek_late_evening,PU
GDN,Bolt,10-20 km,871f72416ffffff,3,wked_morning,DO
WRO,Bolt,10-20 km,871e20408ffffff,25,wked_day,DO
JNB,BoltEco,30-40 km,87bcc3508ffffff,3,wrek_late_evening,PU
JED,Bolt,0-5 km,8753a9556ffffff,1,wkd_night,DO
AMS,Bolt,20-30 km,871969c99ffffff,11,wkd_evening,DO
BCN,Cabify,20-30 km,8739446b0ffffff,1,wkd_evening,PU
DOH,TaxiF Eco+,5-10 km,87536bce0ffffff,4,wkd_day,DO
DUS,Bolt,50-60 km,871fa1980ffffff,4,wkd_day,PU
FRA,Bolt,10-20 km,871faeac6ffffff,3,wkd_day,DO
FRA,Bolt,10-20 km,871fae325ffffff,4,wkd_evening,DO
FRA,Bolt,10-20 km,871fae14bffffff,3,wkd_night,DO
FRA,Bolt,10-20 km,871faea8dffffff,4,wkd_day,DO
FRA,Bolt,10-20 km,871faeaa5ffffff,4,wked_morning,DO
LYS,Bolt,20-30 km,871f90254ffffff,34,wkd_morning,DO
NCE,Bolt,10-20 km,873969a32ffffff,3,wked_day,DO
OSL,Bolt,40-50 km,870999383ffffff,4,wkd_late_evening,DO
OSL,Bolt,50-60 km,870999760ffffff,2,wkd_morning,DO
ARN,Bolt,10-20 km,870886214ffffff,3,wkd_morning,PU
TLS,Bolt,10-20 km,87396011cffffff,2,wkd_night,DO
TLS,Bolt,20-30 km,873960114ffffff,3,wkd_day,DO
TLS,Bolt,10-20 km,873960180ffffff,4,wkd_day,PU
VLC,Cabify,10-20 km,8739540a2ffffff,1,wrek_evening,DO
VIE,Bolt,30-40 km,871e02c31ffffff,7,wkd_day,DO
VNO,Bolt,5-10 km,871f4030cffffff,7,wked_night,DO
VNO,Bolt,10-20 km,871f4030cffffff,9,wked_day,DO
DUR,BoltEco,10-20 km,87bc1b6eeffffff,3,wkd_day,PU
CLJ,Bolt,10-20 km,871e0b39dffffff,2,wkd_late_evening,PU
GOT,Bolt,20-30 km,871f2506cffffff,6,wkd_day,DO
DUR,BoltEco,10-20 km,87bc1b6ecffffff,1,wkd_morning,DO
ATH,Bolt Taxi,40-50 km,871eda752ffffff,6,wked_morning,DO
JED,Bolt,20-30 km,8753a952effffff,3,wked_day,DO
BER,Bolt,5-10 km,871f1d499ffffff,1,wkd_morning,DO
GDN,Bolt,30-40 km,871f725a4ffffff,2,wkd_day,PU
JED,Bolt,20-30 km,8753a952effffff,1,wkd_late_evening,DO
MUC,Bolt,10-20 km,871f8d46bffffff,1,wked_morning,DO
ARN,Bolt,30-40 km,870886664ffffff,1,wkd_day,PU
MAN,Bolt,10-20 km,8719424daffffff,2,wked_morning,DO
EDI,Bolt,5-10 km,871972765ffffff,1,wkd_morning,PU
BCN,Cabify,20-30 km,87394460dffffff,3,wked_day,PU
CPH,Bolt,5-10 km,871f05831ffffff,3,wrek_evening,DO
HEL,Bolt,10-20 km,871126d2cffffff,2,wrek_evening,DO
LIS,Bolt,5-10 km,87393360dffffff,2,wked_day,PU
MAD,Cabify,5-10 km,87390cb5affffff,3,wkd_late_evening,PU
AGP,Bolt,20-30 km,873919585ffffff,10,wrek_evening,PU
PRG,Bolt,10-20 km,871e3541effffff,17,wrek_late_evening,PU
ABV,Bolt,30-40 km,8758f0d31ffffff,1,wkd_night,DO
AMS,Bolt,0-5 km,8719695a1ffffff,2,wkd_night,PU
AMS,Bolt,10-20 km,871969c9bffffff,14,wked_day,PU
AMS,Bolt,30-40 km,871969c9bffffff,2,wked_day,DO
BCN,Cabify,20-30 km,873944608ffffff,2,wkd_day,DO
BCN,Cabify,10-20 km,873944603ffffff,52,wkd_morning,DO
BCN,Cabify,20-30 km,87394460dffffff,1,wkd_late_evening,PU
NTE,Bolt,10-20 km,87184584effffff,15,wkd_morning,DO
NCE,Bolt,20-30 km,873969ab3ffffff,4,wked_night,DO
OSL,Bolt,40-50 km,870999386ffffff,7,wkd_night,DO
CDG,Bolt,30-40 km,871fb4644ffffff,2,wked_morning,DO
PRG,Bolt,0-5 km,871e354f4ffffff,1,wkd_late_evening,DO
SVQ,Cabify,5-10 km,87391c772ffffff,4,wkd_night,DO
ARN,Bolt,20-30 km,87088675dffffff,4,wrek_late_evening,PU
TLS,Bolt,10-20 km,8739601aeffffff,6,wkd_late_evening,PU
VIE,Bolt,20-30 km,871e15b71ffffff,3,wked_night,PU
WRO,Bolt,10-20 km,871e2040cffffff,5,wkd_morning,DO
WRO,Bolt,10-20 km,871e20423ffffff,3,wkd_late_evening,DO
DXB,Bolt,30-40 km,8743a130cffffff,10,wkd_night,PU
DXB,Bolt,10-20 km,8743a130cffffff,1,wrek_evening,PU
ATH,Bolt Taxi,30-40 km,871eda75effffff,1,wkd_morning,PU
ATH,Bolt Taxi,30-40 km,871eda75affffff,6,wked_day,DO
AMS,Bolt,20-30 km,87196952cffffff,2,wkd_morning,DO
AMS,Bolt,5-10 km,871968249ffffff,1,wkd_morning,DO
BER,Bolt,20-30 km,871f18b30ffffff,2,wkd_day,PU
IAS,Bolt,5-10 km,871e556e2ffffff,7,wkd_day,DO
NTE,Bolt,5-10 km,87184585effffff,3,wkd_day,PU
TSR,Bolt,10-20 km,871e1928cffffff,1,wkd_night,PU
VIE,Bolt,5-10 km,871e15a69ffffff,3,wked_morning,DO
AMS,Bolt,20-30 km,871969535ffffff,1,wkd_day,PU
AMS,Bolt,0-5 km,871969500ffffff,1,wrek_late_evening,PU
HEL,Bolt,0-5 km,871126d33ffffff,1,wked_day,PU
KRK,Bolt,0-5 km,871e05b41ffffff,1,wkd_late_evening,DO
LYS,Bolt,10-20 km,871f90254ffffff,1,wkd_day,PU
JED,Bolt,30-40 km,8753a950bffffff,1,wkd_morning,DO
DOH,TaxiF Eco+,20-30 km,87536bc05ffffff,1,wkd_day,DO
DXB,Bolt,20-30 km,8743a130dffffff,1,wkd_day,PU
ZRH,Bolt,10-20 km,871f8ed94ffffff,17,wked_morning,DO
EDI,Bolt,0-5 km,871972746ffffff,3,wked_night,DO
ZRH,Bolt,5-10 km,871f83ae8ffffff,1,wkd_evening,PU
BCN,Cabify,10-20 km,87394461cffffff,7,wrek_late_evening,DO
DOH,TaxiF Eco+,20-30 km,87536bc05ffffff,12,wkd_night,DO
FRA,Bolt,20-30 km,871faeaf4ffffff,2,wked_morning,DO
TLS,Bolt,10-20 km,873960115ffffff,2,wrek_late_evening,DO
ATH,Bolt Taxi,30-40 km,871eda75dffffff,22,wked_morning,DO
AMS,Bolt,10-20 km,871969530ffffff,8,wkd_night,PU
AMS,Bolt,0-5 km,8719695a2ffffff,1,wkd_evening,PU
BCN,Cabify,10-20 km,87394460affffff,3,wkd_night,DO
BEY,Bolt,10-20 km,872da24e1ffffff,9,wkd_late_evening,DO
BER,Bolt,20-30 km,871f1d49affffff,4,wkd_evening,DO
CGN,Bolt,20-30 km,871fa1116ffffff,1,wkd_night,PU
CGN,Bolt,20-30 km,871fa19a9ffffff,5,wkd_night,PU
CPH,Bolt,5-10 km,871f05804ffffff,4,wkd_night,DO
DOH,TaxiF Eco+,5-10 km,87536bce0ffffff,15,wkd_late_evening,DO
DUS,Bolt,30-40 km,871fa5293ffffff,5,wkd_day,DO
FRA,Bolt,0-5 km,871faea80ffffff,3,wked_day,PU
HEL,Bolt,30-40 km,8708996b0ffffff,4,wkd_evening,DO
HEL,Bolt,20-30 km,871126d1dffffff,3,wkd_day,PU
KRK,Bolt,5-10 km,871e05b6dffffff,3,wkd_late_evening,DO
MRS,Bolt,20-30 km,873968155ffffff,3,wkd_late_evening,DO
MUC,Bolt,50-60 km,871f8d45bffffff,1,wkd_day,PU
NTE,Bolt,10-20 km,871845840ffffff,3,wkd_day,DO
OSL,Bolt,40-50 km,87099939dffffff,4,wkd_day,DO
SVQ,Cabify,5-10 km,87391c708ffffff,14,wkd_late_evening,PU
SVQ,Cabify,20-30 km,87391c70effffff,4,wkd_day,DO
GDN,Bolt,10-20 km,871f09b20ffffff,15,wrek_late_evening,PU
VNO,Bolt,0-5 km,871f40308ffffff,2,wkd_night,PU
VNO,Bolt,0-5 km,871f40308ffffff,7,wkd_evening,DO
WRO,Bolt,10-20 km,871e20408ffffff,2,wkd_late_evening,DO
WRO,Bolt,10-20 km,871e20408ffffff,12,wkd_night,DO
DXB,Bolt,40-50 km,8743a130affffff,2,wkd_night,DO
DXB,Bolt,10-20 km,8743a1368ffffff,21,wkd_morning,PU
RUH,Bolt,30-40 km,875373691ffffff,4,wkd_late_evening,DO
BER,Bolt,10-20 km,871f18b25ffffff,2,wkd_morning,DO
DBV,Bolt,20-30 km,871e8db43ffffff,5,wkd_night,PU
HEL,Bolt,10-20 km,871126d06ffffff,3,wkd_day,PU
KRK,Bolt,10-20 km,871e2e6b3ffffff,1,wkd_evening,DO
POZ,Bolt,5-10 km,871e24aa5ffffff,2,wkd_evening,DO
VIE,Bolt,20-30 km,871e15b68ffffff,2,wkd_morning,DO
CPH,Bolt,40-50 km,871f236ebffffff,1,wkd_night,PU
AGP,Cabify,5-10 km,8739195aaffffff,2,wkd_day,DO
VIE,Bolt,5-10 km,871e15b59ffffff,1,wrek_late_evening,DO
EDI,Bolt,0-5 km,871972775ffffff,1,wked_morning,DO
NCL,Bolt,10-20 km,871973244ffffff,3,wkd_day,DO
ZRH,Bolt,50-60 km,871f83262ffffff,3,wked_night,PU
STN,Bolt,30-40 km,87194e602ffffff,2,wkd_day,PU
MAD,Cabify,20-30 km,87390cb1bffffff,20,wked_day,DO
MPL,Bolt,5-10 km,87396c59effffff,3,wked_day,DO
OSL,Bolt,40-50 km,87099939cffffff,3,wkd_night,PU
TLS,Bolt,0-5 km,8739601a4ffffff,4,wked_morning,DO
VIE,Bolt,10-20 km,871e15b46ffffff,9,wked_morning,DO
DUR,BoltEco,10-20 km,87bc1b6e8ffffff,12,wked_morning,DO
AMS,Bolt,20-30 km,871969c99ffffff,8,wkd_night,PU
AMS,Bolt,10-20 km,871968269ffffff,21,wkd_day,PU
AMS,Bolt,30-40 km,871968261ffffff,1,wked_day,PU
BOD,Bolt,20-30 km,87184dd69ffffff,4,wked_day,PU
CGN,Bolt,30-40 km,871fa1c62ffffff,2,wkd_night,DO
CGN,Bolt,20-30 km,871fa199affffff,5,wkd_day,PU
CPH,Bolt,10-20 km,871f05989ffffff,4,wked_morning,DO
DUS,Bolt,10-20 km,871fa5212ffffff,1,wkd_late_evening,PU
FRA,Bolt,10-20 km,871faeaa0ffffff,5,wkd_day,PU
FRA,Bolt,10-20 km,871fae069ffffff,3,wked_day,DO
GOT,Bolt,30-40 km,871f25042ffffff,4,wked_day,DO
LIS,Bolt,0-5 km,873933629ffffff,12,wkd_day,PU
LIS,Bolt,5-10 km,873933666ffffff,2,wkd_morning,DO
LYS,Bolt,30-40 km,871f9022affffff,3,wkd_late_evening,PU
MAD,Cabify,10-20 km,87390ca35ffffff,10,wkd_evening,PU
AGP,Cabify,10-20 km,8739195b1ffffff,53,wkd_night,DO
MRS,Bolt,0-5 km,8739688d6ffffff,2,wkd_late_evening,DO
MRS,Bolt,20-30 km,873968150ffffff,2,wrek_late_evening,DO
MPL,Bolt,10-20 km,87396e96dffffff,4,wkd_late_evening,DO
MUC,Bolt,5-10 km,871f8d0f2ffffff,11,wkd_late_evening,PU
MUC,Bolt,40-50 km,871f8d713ffffff,1,wked_morning,DO
NTE,Bolt,10-20 km,871845840ffffff,4,wkd_late_evening,DO
NTE,Bolt,50-60 km,871845c43ffffff,4,wked_day,PU
ORY,Bolt,20-30 km,871fb4674ffffff,5,wkd_morning,DO
PRG,Bolt,30-40 km,871e3541bffffff,2,wked_night,DO
SVQ,Cabify,5-10 km,87391c708ffffff,28,wkd_day,PU
ARN,Bolt,40-50 km,87088661dffffff,4,wkd_late_evening,DO
TLS,Bolt,10-20 km,873960185ffffff,3,wked_day,PU
VNO,Bolt,10-20 km,871f4030cffffff,11,wkd_night,DO
DXB,Bolt,30-40 km,8743a130cffffff,2,wkd_evening,DO
DXB,Bolt,5-10 km,8743acd9affffff,5,wkd_late_evening,PU
DUR,BoltEco,0-5 km,87bc1b644ffffff,1,wked_morning,DO
RUH,Bolt,30-40 km,87537369affffff,4,wkd_evening,DO
JED,Bolt,5-10 km,8753a9cd3ffffff,1,wkd_evening,DO
AMS,Bolt,10-20 km,871969530ffffff,2,wked_day,PU
OSL,Bolt,20-30 km,8709992a0ffffff,1,wkd_morning,DO
POZ,Bolt,40-50 km,871e24aa5ffffff,1,wkd_late_evening,PU
TSR,Bolt,0-5 km,871e192f4ffffff,1,wkd_late_evening,DO
TSR,Bolt,0-5 km,871e192f6ffffff,1,wked_day,DO
DXB,Bolt,20-30 km,8743a130dffffff,4,wkd_night,PU
RUH,Bolt,30-40 km,87537361bffffff,3,wked_morning,PU
MRS,Bolt,30-40 km,873968021ffffff,1,wkd_night,DO
GDN,Bolt,0-5 km,871f09b24ffffff,3,wkd_late_evening,PU
BBU,Bolt,5-10 km,871eec45bffffff,1,wked_morning,PU
HEL,Bolt,30-40 km,870899698ffffff,1,wkd_day,DO
PLZ,BoltEco,0-5 km,87bc73859ffffff,1,wked_morning,PU
BRS,Bolt,10-20 km,871958393ffffff,5,wkd_evening,PU
ZRH,Bolt,5-10 km,871f8eda0ffffff,3,wkd_morning,PU
FAO,Bolt,10-20 km,87391024bffffff,2,wrek_late_evening,PU
MRS,Bolt,20-30 km,873968bb5ffffff,1,wrek_late_evening,DO
MPL,Bolt,5-10 km,87396c59effffff,3,wked_morning,PU
NCE,Bolt,0-5 km,873969a11ffffff,2,wked_night,DO
RUH,Bolt,50-60 km,875354a53ffffff,3,wkd_night,DO
AMS,Bolt,5-10 km,871969533ffffff,4,wkd_night,PU
AMS,Bolt,10-20 km,871969c9bffffff,7,wrek_evening,DO
AMS,Bolt,20-30 km,8719695a2ffffff,1,wrek_late_evening,DO
BEY,Bolt,30-40 km,872da2791ffffff,2,wkd_night,DO
BER,Bolt,20-30 km,871f1d49dffffff,9,wked_night,PU
CPH,Bolt,5-10 km,871f05811ffffff,3,wkd_day,PU
CPH,Bolt,20-30 km,871f0591affffff,5,wkd_evening,DO
CPH,Bolt,10-20 km,871f05830ffffff,7,wked_morning,DO
FRA,Bolt,20-30 km,871faea1affffff,3,wkd_evening,DO
FRA,Bolt,10-20 km,871faeaadffffff,3,wkd_evening,DO
HEL,Bolt,20-30 km,871126d34ffffff,4,wkd_night,PU
HEL,Bolt,10-20 km,871126d02ffffff,2,wkd_night,PU
KRK,Bolt,20-30 km,871e2e686ffffff,9,wkd_morning,DO
LYS,Bolt,20-30 km,871f9025affffff,4,wkd_late_evening,PU
MAD,Cabify,0-5 km,87390cb53ffffff,11,wkd_evening,PU
MRS,Bolt,10-20 km,8739688c3ffffff,3,wked_morning,PU
MPL,Bolt,10-20 km,87396c592ffffff,3,wkd_late_evening,PU
MPL,Bolt,10-20 km,87396c416ffffff,9,wkd_evening,PU
MUC,Bolt,40-50 km,871f8d713ffffff,41,wkd_morning,PU
NTE,Bolt,10-20 km,871845843ffffff,5,wkd_night,PU
RTM,Bolt,10-20 km,87196ba22ffffff,2,wked_day,PU
GDN,Bolt,10-20 km,871f09b26ffffff,4,wked_morning,DO
VLC,Cabify,20-30 km,8739540f4ffffff,4,wked_day,DO
VLC,Cabify,10-20 km,8739540adffffff,2,wrek_late_evening,DO
VIE,Bolt,10-20 km,871e15b46ffffff,79,wkd_day,DO
VNO,Bolt,10-20 km,871f4030cffffff,8,wkd_day,DO
DUR,BoltEco,30-40 km,87bc1b660ffffff,6,wkd_night,DO
NBO,Bolt Basic,20-30 km,877a6e470ffffff,6,wkd_late_evening,PU
RUH,Bolt,50-60 km,875355d02ffffff,3,wkd_night,DO
JED,Bolt,20-30 km,8753a9ce6ffffff,3,wkd_evening,PU
AMS,Bolt,10-20 km,871969523ffffff,4,wrek_late_evening,PU
CLJ,Bolt,10-20 km,871e0b391ffffff,1,wkd_evening,PU
DBV,Bolt,10-20 km,871e8db4bffffff,1,wkd_morning,PU
DUS,Bolt,40-50 km,871fa1930ffffff,1,wkd_evening,PU
MLA,Bolt,20-30 km,873f30404ffffff,3,wkd_day,DO
MLA,Bolt,20-30 km,873f30404ffffff,2,wkd_night,DO
VIE,Bolt,30-40 km,871e15b73ffffff,7,wkd_day,PU
VNO,Bolt,10-20 km,871f4030cffffff,4,wkd_late_evening,DO
DXB,Bolt,30-40 km,8743a1220ffffff,2,wkd_morning,PU
BCN,Cabify,20-30 km,87394460affffff,2,wked_night,DO
JED,Bolt,10-20 km,8753a9cd2ffffff,2,wkd_night,PU
ZRH,Bolt,10-20 km,871f83a5affffff,3,wkd_late_evening,PU
NCL,Bolt,10-20 km,871973366ffffff,1,wkd_morning,DO
AMS,Bolt,10-20 km,871969530ffffff,5,wkd_late_evening,PU
BER,Bolt,30-40 km,871f1d4abffffff,2,wkd_late_evening,PU
OTP,Bolt,10-20 km,871eeeb6bffffff,13,wked_day,DO
OTP,Bolt,10-20 km,871eec7b0ffffff,1,wkd_night,DO
CGN,Bolt,10-20 km,871fa1810ffffff,6,wked_day,PU
DOH,TaxiF Eco+,20-30 km,87536bc05ffffff,17,wkd_late_evening,DO
KRK,Bolt,10-20 km,871e2e6b3ffffff,10,wkd_night,PU
OTP,Bolt,10-20 km,871eeeb6affffff,19,wkd_day,DO
OTP,Bolt,30-40 km,871eeeb6affffff,1,wked_night,PU
CPH,Bolt,5-10 km,871f0581dffffff,1,wkd_evening,DO
DUS,Bolt,0-5 km,871fa5399ffffff,2,wkd_day,DO
FRA,Bolt,20-30 km,871fae3acffffff,4,wked_morning,PU
FRA,Bolt,5-10 km,871faeaaaffffff,3,wked_day,DO
HEL,Bolt,10-20 km,871126d25ffffff,3,wkd_day,DO
LIS,Bolt,0-5 km,873933629ffffff,6,wkd_night,PU
MRS,Bolt,30-40 km,87396802cffffff,3,wked_morning,DO
MUC,Bolt,30-40 km,871f8d7a5ffffff,11,wkd_morning,DO
NTE,Bolt,0-5 km,871845848ffffff,1,wrek_late_evening,PU
ARN,Bolt,30-40 km,87088661dffffff,3,wkd_night,PU
TLS,Bolt,5-10 km,8739601a1ffffff,3,wkd_late_evening,PU
TLS,Bolt,10-20 km,8739601aeffffff,7,wkd_day,PU
VIE,Bolt,40-50 km,871e06789ffffff,3,wkd_morning,DO
WRO,Bolt,10-20 km,871e20408ffffff,79,wkd_day,DO
DXB,Bolt,20-30 km,8743a1303ffffff,3,wkd_morning,DO
DUR,BoltEco,5-10 km,87bcf5d70ffffff,2,wkd_evening,PU
ATH,Bolt Taxi,40-50 km,871eda743ffffff,15,wkd_morning,DO
RUH,Bolt,30-40 km,875355d21ffffff,3,wkd_night,DO
JED,Bolt,10-20 km,8753a9571ffffff,2,wked_night,DO
DOH,TaxiF Eco+,10-20 km,87536bc1bffffff,3,wkd_morning,DO
MUC,Bolt,40-50 km,871f8d716ffffff,3,wkd_day,DO
CDG,Bolt,10-20 km,871fb422effffff,2,wrek_evening,PU
SVQ,Cabify,10-20 km,87391c75affffff,2,wkd_evening,DO
ABV,Bolt,40-50 km,8758f0d05ffffff,3,wkd_late_evening,DO
FAO,Bolt,5-10 km,8739103aaffffff,1,wkd_morning,DO
RUH,Bolt,0-5 km,87537361effffff,1,wkd_late_evening,DO
OTP,Bolt,10-20 km,871eec791ffffff,1,wked_morning,DO
POZ,Bolt,5-10 km,871e24aa5ffffff,1,wrek_evening,DO
PRG,Bolt,20-30 km,871e354f4ffffff,1,wkd_night,DO
NCL,Bolt,5-10 km,871973313ffffff,2,wrek_late_evening,PU
FAO,Bolt,10-20 km,873911513ffffff,3,wked_morning,DO
DOH,TaxiF Eco+,5-10 km,87536bc19ffffff,7,wkd_late_evening,DO
LIS,Bolt,30-40 km,8739337a1ffffff,4,wked_night,DO
MAD,Cabify,20-30 km,87390cb1bffffff,3,wkd_late_evening,DO
AGP,Bolt,10-20 km,8739195b1ffffff,28,wrek_late_evening,PU
CDG,Bolt,20-30 km,871fb4644ffffff,1,wrek_late_evening,PU
ABV,Bolt,40-50 km,8758f0d05ffffff,2,wkd_night,DO
FAO,Bolt,20-30 km,873911403ffffff,5,wkd_day,PU
AMS,Bolt,10-20 km,871969530ffffff,14,wkd_day,PU
AMS,Bolt,5-10 km,8719695aeffffff,3,wrek_evening,PU
BEY,Bolt,5-10 km,872da24c6ffffff,5,wkd_late_evening,DO
BOD,Bolt,0-5 km,87186b6daffffff,4,wkd_night,DO
FRA,Bolt,20-30 km,871faeaa9ffffff,3,wkd_day,PU
KRK,Bolt,5-10 km,871e05b6dffffff,5,wkd_day,DO
LIS,Bolt,40-50 km,873915d6dffffff,2,wked_night,DO
AGP,Cabify,20-30 km,873919585ffffff,6,wked_night,PU
MUC,Bolt,40-50 km,871f8d7aeffffff,3,wkd_late_evening,DO
NTE,Bolt,10-20 km,87184584cffffff,2,wrek_evening,PU
NCE,Bolt,10-20 km,873969aa0ffffff,4,wked_night,PU
OSL,Bolt,30-40 km,8709992b5ffffff,3,wkd_late_evening,DO
OSL,Bolt,40-50 km,870999399ffffff,3,wked_morning,DO
CDG,Bolt,20-30 km,871fb4660ffffff,9,wkd_night,PU
CDG,Bolt,20-30 km,871fb4675ffffff,2,wkd_night,PU
CDG,Bolt,20-30 km,871fb4666ffffff,3,wked_night,DO
PRG,Bolt,5-10 km,871e35588ffffff,1,wkd_late_evening,PU
SVQ,Cabify,5-10 km,87391c708ffffff,31,wkd_evening,DO
VLC,Cabify,20-30 km,8739540f4ffffff,3,wkd_late_evening,DO
VLC,Cabify,10-20 km,873954081ffffff,3,wkd_morning,DO
VIE,Bolt,10-20 km,871e15b71ffffff,6,wrek_evening,PU
VNO,Bolt,10-20 km,871f40328ffffff,1,wkd_night,DO
DXB,Bolt,10-20 km,8743a136effffff,6,wkd_morning,DO
ATH,Bolt Taxi,40-50 km,871eda753ffffff,5,wkd_night,DO
NBO,Bolt Basic,30-40 km,877a6e58bffffff,4,wkd_night,DO
RUH,Bolt,30-40 km,87537369affffff,4,wked_day,PU
GOT,Bolt,30-40 km,871f25061ffffff,2,wkd_evening,PU
IAS,Bolt,5-10 km,871e556e2ffffff,5,wked_morning,DO
MUC,Bolt,40-50 km,871f8d44affffff,1,wkd_morning,DO
NTE,Bolt,40-50 km,871845886ffffff,3,wked_morning,PU
KTW,Bolt,40-50 km,871e232dcffffff,13,wkd_day,DO
OTP,Bolt,10-20 km,871eec793ffffff,1,wkd_night,DO
TLS,Bolt,20-30 km,8739601a8ffffff,1,wkd_evening,PU
JED,Bolt,10-20 km,8753a9576ffffff,1,wkd_evening,PU
FAO,Bolt,0-5 km,873911581ffffff,1,wrek_late_evening,PU
AMS,Bolt,20-30 km,871969520ffffff,1,wkd_day,PU
ZRH,Bolt,30-40 km,871f8ec90ffffff,4,wkd_night,DO
ZRH,Bolt,10-20 km,871f8336cffffff,2,wkd_evening,PU
ZRH,Bolt,5-10 km,871f8ed80ffffff,1,wkd_day,DO
AMS,Bolt,30-40 km,871969c9bffffff,5,wrek_evening,PU
CPH,Bolt,5-10 km,871f05831ffffff,16,wked_morning,DO
MRS,Bolt,20-30 km,873968c6dffffff,4,wrek_evening,DO
FAO,Bolt,30-40 km,87391020affffff,2,wked_morning,DO
BCN,Cabify,0-5 km,8739446acffffff,6,wkd_morning,DO
BCN,Cabify,10-20 km,8739446b4ffffff,4,wkd_day,PU
BER,Bolt,5-10 km,871f18b0bffffff,14,wkd_late_evening,DO
OTP,Bolt,20-30 km,871eec6a2ffffff,4,wkd_late_evening,DO
CPH,Bolt,20-30 km,871f05985ffffff,9,wkd_morning,DO
DUS,Bolt,5-10 km,871fa5212ffffff,4,wkd_late_evening,PU
FRA,Bolt,10-20 km,871faeaacffffff,4,wkd_night,DO
HEL,Bolt,20-30 km,870899682ffffff,6,wkd_night,PU
LYS,Bolt,20-30 km,871f90271ffffff,3,wkd_night,DO
LYS,Bolt,10-20 km,871f9025dffffff,2,wrek_evening,PU
MAD,Cabify,10-20 km,87390ca35ffffff,48,wkd_day,DO
MRS,Bolt,20-30 km,873968c6dffffff,1,wkd_morning,DO
MPL,Bolt,20-30 km,87396e974ffffff,4,wkd_evening,DO
MUC,Bolt,30-40 km,871f8d44affffff,18,wkd_morning,DO
NTE,Bolt,5-10 km,87184584affffff,3,wrek_evening,DO
NCE,Bolt,10-20 km,873969a09ffffff,5,wkd_night,DO
NCE,Bolt,0-5 km,873969a1effffff,1,wkd_evening,DO
ORY,Bolt,50-60 km,871fb0962ffffff,6,wkd_day,PU
CDG,Bolt,10-20 km,871fb4295ffffff,5,wked_night,PU
SVQ,Cabify,10-20 km,87391c623ffffff,2,wked_night,DO
SVQ,Cabify,10-20 km,87391c70effffff,2,wked_day,PU
ARN,Bolt,20-30 km,870886759ffffff,3,wkd_night,DO
VNO,Bolt,5-10 km,871f40308ffffff,3,wked_night,DO
WRO,Bolt,0-5 km,871e20429ffffff,1,wkd_late_evening,PU
DXB,Bolt,30-40 km,8743a1301ffffff,7,wkd_day,PU
DUR,BoltEco,20-30 km,87bcf59b4ffffff,4,wrek_evening,PU
JED,Bolt,20-30 km,8753a9576ffffff,2,wked_night,DO
FAO,Bolt,20-30 km,87391158effffff,1,wkd_late_evening,PU
BOD,Bolt,5-10 km,87184dd60ffffff,1,wkd_night,PU
DBV,Bolt,40-50 km,871ef2d5affffff,2,wkd_day,PU
DBV,Bolt,20-30 km,871e8db46ffffff,8,wked_day,PU
GOT,Bolt,0-5 km,871f25a83ffffff,1,wkd_morning,DO
MLA,Bolt,10-20 km,873f30408ffffff,1,wkd_evening,PU
MLA,Bolt,5-10 km,873f307b2ffffff,1,wked_day,DO
RTM,Bolt,5-10 km,87196bb08ffffff,4,wkd_morning,DO
DUR,BoltEco,30-40 km,87bc1b66affffff,2,wkd_day,DO
NBO,Bolt Basic,20-30 km,877a6e429ffffff,3,wkd_morning,DO
AMS,Bolt,5-10 km,8719695aaffffff,2,wkd_late_evening,PU
BER,Bolt,50-60 km,871f18a25ffffff,1,wkd_late_evening,PU
BOD,Bolt,10-20 km,87186b6ceffffff,2,wkd_morning,PU
CPH,Bolt,10-20 km,871f05988ffffff,3,wkd_morning,DO
LYS,Bolt,20-30 km,871f90acaffffff,1,wkd_night,PU
CLJ,Bolt,5-10 km,871e0b383ffffff,2,wrek_evening,DO
DUS,Bolt,30-40 km,871fa562dffffff,1,wkd_day,DO
NTE,Bolt,0-5 km,871845c43ffffff,1,wkd_evening,PU
DXB,Bolt,5-10 km,8743acd99ffffff,1,wkd_morning,DO
PLZ,BoltEco,20-30 km,87bc73b8affffff,1,wked_morning,DO
ZRH,Bolt,10-20 km,871f8ed92ffffff,6,wrek_late_evening,DO
BRS,Bolt,10-20 km,871958393ffffff,2,wked_day,PU
NCL,Bolt,5-10 km,871973201ffffff,2,wked_night,DO
BHX,Bolt,20-30 km,87195c01dffffff,2,wked_morning,DO
ZRH,Bolt,20-30 km,871f83364ffffff,1,wrek_late_evening,PU
AGP,Bolt,10-20 km,8739182dbffffff,37,wked_morning,DO
AGP,Bolt,20-30 km,873919585ffffff,17,wrek_late_evening,PU
MUC,Bolt,30-40 km,871f8d46bffffff,4,wked_day,DO
NTE,Bolt,10-20 km,87184584effffff,4,wked_morning,PU
FAO,Bolt,10-20 km,873911512ffffff,4,wkd_morning,PU
AMS,Bolt,30-40 km,871969524ffffff,1,wrek_evening,PU
BCN,Cabify,20-30 km,87394460dffffff,8,wkd_evening,PU
BER,Bolt,20-30 km,871f1d49dffffff,8,wkd_day,DO
CPH,Bolt,10-20 km,871f05833ffffff,8,wkd_day,PU
HEL,Bolt,10-20 km,871126d33ffffff,14,wkd_night,DO
LIL,Bolt,5-10 km,871949906ffffff,1,wrek_late_evening,PU
NCE,Bolt,0-5 km,873969a1effffff,4,wkd_late_evening,PU
OSL,Bolt,40-50 km,870999383ffffff,8,wked_day,PU
ORY,Bolt,10-20 km,871fb4644ffffff,7,wkd_evening,PU
CDG,Bolt,20-30 km,871fb4666ffffff,4,wrek_late_evening,DO
VIE,Bolt,10-20 km,871e15b74ffffff,1,wkd_morning,DO
DXB,Bolt,10-20 km,8743acd98ffffff,2,wked_night,DO
ATH,Bolt Taxi,0-5 km,871eda29affffff,3,wked_night,DO
ABV,Bolt,40-50 km,8758f4689ffffff,1,wked_morning,DO
AMS,Bolt,10-20 km,871969503ffffff,2,wkd_night,PU
OTP,Bolt,10-20 km,871eeeb68ffffff,1,wrek_evening,DO
CLJ,Bolt,5-10 km,871e0b383ffffff,2,wkd_day,DO
DBV,Bolt,20-30 km,871e8db46ffffff,5,wrek_late_evening,PU
LIS,Bolt,20-30 km,8739337acffffff,2,wkd_night,DO
LYS,Bolt,10-20 km,871f9025dffffff,3,wkd_day,PU
MUC,Bolt,50-60 km,871f8d7aaffffff,4,wkd_day,DO
SXB,Bolt,0-5 km,871f85614ffffff,1,wkd_morning,PU
RUH,Bolt,40-50 km,875355d06ffffff,3,wked_night,DO
HEL,Bolt,5-10 km,871126d29ffffff,1,wkd_morning,DO
KRK,Bolt,5-10 km,871e2e6b3ffffff,1,wkd_day,DO
AGP,Cabify,20-30 km,873919584ffffff,2,wkd_evening,PU
MRS,Bolt,0-5 km,87396802cffffff,1,wkd_night,PU
HEL,Bolt,30-40 km,871126d33ffffff,1,wked_morning,PU
CDG,Bolt,40-50 km,871fb4644ffffff,1,wkd_morning,PU
ZRH,Bolt,10-20 km,871f8ed95ffffff,14,wkd_day,PU
FAO,Bolt,5-10 km,87391158effffff,8,wkd_late_evening,PU
AMS,Bolt,10-20 km,87196952effffff,2,wrek_late_evening,PU
OTP,Bolt,5-10 km,871eec790ffffff,3,wked_day,PU
CPH,Bolt,5-10 km,871f05813ffffff,5,wked_day,DO
HEL,Bolt,10-20 km,871126d25ffffff,3,wrek_evening,PU
PRG,Bolt,10-20 km,871e355aeffffff,3,wked_morning,DO
PRG,Bolt,5-10 km,871e35418ffffff,2,wked_day,PU
SVQ,Cabify,10-20 km,87391c70affffff,7,wrek_evening,PU
ARN,Bolt,40-50 km,87088661dffffff,19,wked_day,PU
FAO,Bolt,20-30 km,87391025effffff,3,wkd_late_evening,PU
AMS,Bolt,5-10 km,871969535ffffff,1,wrek_late_evening,PU
BCN,Cabify,10-20 km,873944603ffffff,84,wkd_day,PU
BCN,Cabify,5-10 km,8739446acffffff,1,wkd_late_evening,DO
BER,Bolt,5-10 km,871f18b08ffffff,3,wked_night,DO
BER,Bolt,20-30 km,871f18b35ffffff,4,wked_morning,DO
BOD,Bolt,10-20 km,87184dd60ffffff,6,wkd_morning,PU
OTP,Bolt,20-30 km,871eeeb71ffffff,5,wkd_night,DO
OTP,Bolt,10-20 km,871eeeb68ffffff,3,wkd_day,DO
DOH,TaxiF Eco+,0-5 km,87536bc1bffffff,1,wkd_morning,DO
DOH,TaxiF Eco+,0-5 km,87536bc05ffffff,1,wrek_late_evening,DO
FRA,Bolt,10-20 km,871faeaa5ffffff,4,wked_morning,PU
LIS,Bolt,20-30 km,873933611ffffff,2,wked_day,PU
MAD,Cabify,10-20 km,87390ca35ffffff,37,wkd_late_evening,DO
MMX,Bolt,5-10 km,871f05b1cffffff,1,wkd_night,PU
MRS,Bolt,20-30 km,873968152ffffff,4,wkd_morning,PU
CDG,Bolt,30-40 km,871fb4666ffffff,5,wkd_morning,PU
SVQ,Cabify,5-10 km,87391c708ffffff,101,wkd_day,DO
ARN,Bolt,30-40 km,87088660cffffff,4,wkd_late_evening,PU
TLS,Bolt,10-20 km,873960c42ffffff,3,wkd_late_evening,DO
VIE,Bolt,10-20 km,871e15b45ffffff,6,wkd_night,PU
WRO,Bolt,5-10 km,871e20426ffffff,5,wkd_day,DO
BEY,Bolt,5-10 km,872da24c4ffffff,1,wkd_night,DO
OTP,Bolt,0-5 km,871eec7b2ffffff,1,wkd_night,PU
CLJ,Bolt,10-20 km,871e0b391ffffff,1,wkd_evening,DO
DUS,Bolt,30-40 km,871fa50d6ffffff,3,wrek_evening,DO
MLA,Bolt,5-10 km,873f30453ffffff,1,wked_night,PU
DXB,Bolt,30-40 km,8743acc13ffffff,1,wkd_morning,PU
HEL,Bolt,0-5 km,871126d29ffffff,4,wkd_day,DO
VIE,Bolt,20-30 km,871e15b40ffffff,1,wkd_night,DO
DXB,Bolt,20-30 km,8743a1368ffffff,1,wrek_evening,PU
JED,Bolt,10-20 km,8753a9cd9ffffff,1,wkd_day,DO
MUC,Bolt,40-50 km,871f8d713ffffff,1,wkd_night,DO
PLZ,BoltEco,0-5 km,87bc73848ffffff,1,wked_morning,DO
BER,Bolt,20-30 km,871f18b33ffffff,2,wrek_late_evening,DO
BOD,Bolt,5-10 km,87186b6dbffffff,4,wked_morning,DO
OTP,Bolt,30-40 km,871eec6b0ffffff,2,wkd_night,PU
JNB,BoltEco,10-20 km,87bcc3515ffffff,3,wrek_evening,PU
FAO,Bolt,40-50 km,87391020effffff,7,wkd_evening,PU
AMS,Bolt,5-10 km,8719695a3ffffff,7,wkd_morning,DO
BER,Bolt,40-50 km,871f1d4abffffff,2,wkd_late_evening,PU
DUS,Bolt,10-20 km,871fa52b1ffffff,3,wkd_morning,PU
GOT,Bolt,10-20 km,871f25325ffffff,4,wkd_day,DO
LIS,Bolt,10-20 km,873933755ffffff,3,wkd_night,DO
MAD,Cabify,10-20 km,87390cb1bffffff,25,wkd_morning,DO
MRS,Bolt,20-30 km,873968150ffffff,15,wkd_morning,PU
MUC,Bolt,40-50 km,871f8d7a4ffffff,3,wkd_morning,PU
MUC,Bolt,30-40 km,871f8d44dffffff,3,wrek_late_evening,PU
CDG,Bolt,40-50 km,871fb0942ffffff,2,wkd_late_evening,PU
CDG,Bolt,5-10 km,871fb4670ffffff,1,wkd_day,PU
RTM,Bolt,5-10 km,87196ba21ffffff,3,wkd_morning,DO
TLS,Bolt,10-20 km,87396018effffff,2,wrek_late_evening,PU
VIE,Bolt,30-40 km,871e15b46ffffff,2,wkd_day,PU
VNO,Bolt,10-20 km,871f4030affffff,1,wkd_night,PU
DXB,Bolt,30-40 km,8743a136effffff,1,wkd_morning,PU
AMS,Bolt,10-20 km,8719695a2ffffff,2,wkd_night,DO
CLJ,Bolt,10-20 km,871e0b381ffffff,1,wkd_late_evening,PU
MMX,Bolt,30-40 km,871f05ba3ffffff,4,wkd_night,PU
NTE,Bolt,5-10 km,87184584bffffff,3,wkd_day,PU
JED,Bolt,5-10 km,8753a9cdaffffff,2,wked_night,DO
AMS,Bolt,30-40 km,871969c9bffffff,3,wkd_morning,PU
BEY,Bolt,5-10 km,872da24e3ffffff,2,wrek_evening,PU
BOD,Bolt,5-10 km,87184dd0dffffff,1,wkd_morning,PU
GOT,Bolt,20-30 km,871f25a91ffffff,3,wkd_morning,PU
MUC,Bolt,20-30 km,871f8d54bffffff,2,wkd_morning,DO
ATH,Bolt Taxi,40-50 km,871eda75effffff,1,wkd_morning,PU
NBO,Bolt Basic,5-10 km,877a6e50affffff,1,wkd_night,PU
FAO,Bolt,30-40 km,873911470ffffff,1,wkd_late_evening,DO
CPH,Bolt,5-10 km,871f05830ffffff,1,wkd_day,DO
SVQ,Cabify,0-5 km,87391c708ffffff,1,wrek_evening,DO
CWL,Bolt,10-20 km,87195ab6dffffff,1,wkd_morning,DO
AMS,Bolt,20-30 km,871969526ffffff,9,wked_morning,DO
FRA,Bolt,30-40 km,871faeb09ffffff,4,wked_night,DO
VIE,Bolt,20-30 km,871e15b71ffffff,3,wkd_night,PU
DUR,BoltEco,30-40 km,87bc1b66effffff,1,wked_night,DO
ATH,Bolt Taxi,30-40 km,871eda75cffffff,6,wked_morning,DO
ATH,Bolt Taxi,30-40 km,871eda75dffffff,12,wrek_evening,DO
BCN,Cabify,10-20 km,873944601ffffff,27,wkd_night,PU
BCN,Cabify,20-30 km,87394462affffff,2,wked_day,PU
BER,Bolt,50-60 km,871f18870ffffff,3,wkd_late_evening,DO
OTP,Bolt,10-20 km,871eeeb4cffffff,5,wked_night,DO
FRA,Bolt,30-40 km,871fae3b5ffffff,3,wkd_night,DO
FRA,Bolt,10-20 km,871faeaf0ffffff,3,wked_morning,DO
HEL,Bolt,20-30 km,871126d33ffffff,15,wkd_day,PU
LIL,Bolt,20-30 km,87194d2a5ffffff,3,wked_day,DO
MRS,Bolt,0-5 km,8739688d6ffffff,3,wkd_evening,DO
MPL,Bolt,20-30 km,87396c596ffffff,3,wkd_night,DO
NTE,Bolt,5-10 km,871845848ffffff,3,wkd_evening,DO
OSL,Bolt,40-50 km,870999382ffffff,13,wkd_night,PU
CDG,Bolt,30-40 km,871fb4662ffffff,8,wkd_night,PU
SVQ,Cabify,10-20 km,87391c624ffffff,7,wkd_late_evening,PU
SVQ,Cabify,5-10 km,87391c708ffffff,21,wkd_late_evening,DO
TLS,Bolt,10-20 km,873960113ffffff,4,wkd_day,PU
TLS,Bolt,10-20 km,873960181ffffff,4,wkd_night,PU
VLC,Cabify,10-20 km,8739540a8ffffff,2,wrek_evening,PU
DXB,Bolt,20-30 km,8743a1368ffffff,12,wkd_day,PU
JNB,BoltEco,20-30 km,87bcc3cb3ffffff,3,wked_day,PU
DUR,BoltEco,50-60 km,87bc1b285ffffff,3,wkd_morning,DO
ATH,Bolt Taxi,30-40 km,871eda75dffffff,40,wkd_morning,DO
ATH,Bolt Taxi,20-30 km,871eda651ffffff,5,wkd_day,PU
NBO,Bolt Basic,30-40 km,877a6e412ffffff,3,wkd_day,DO
JED,Bolt,10-20 km,8753a9576ffffff,4,wkd_day,DO
ABV,Bolt,40-50 km,8758f46deffffff,2,wked_night,DO
FAO,Bolt,10-20 km,87391158effffff,7,wkd_night,DO
CPH,Bolt,50-60 km,871f05b36ffffff,2,wrek_late_evening,PU
KRK,Bolt,20-30 km,871e2e6aeffffff,1,wked_night,DO
MPL,Bolt,10-20 km,87396c59effffff,3,wkd_night,DO
NTE,Bolt,20-30 km,871845860ffffff,5,wkd_morning,DO
TLS,Bolt,20-30 km,873960ccaffffff,3,wked_day,DO
VIE,Bolt,20-30 km,871e15b6effffff,3,wkd_morning,PU
VNO,Bolt,0-5 km,871f4030affffff,3,wrek_late_evening,DO
ATH,Bolt Taxi,0-5 km,871eda743ffffff,1,wkd_day,PU
BCN,Cabify,40-50 km,87394476affffff,1,wkd_late_evening,PU
MPL,Bolt,10-20 km,87396c598ffffff,1,wkd_day,DO
BCN,Cabify,0-5 km,873944603ffffff,1,wked_night,PU
BER,Bolt,20-30 km,871f1d4f6ffffff,1,wkd_morning,PU
CDG,Bolt,20-30 km,871fb4759ffffff,1,wked_day,PU
TLS,Bolt,0-5 km,8739601aeffffff,2,wkd_late_evening,PU
VLC,Cabify,0-5 km,8739540f4ffffff,1,wkd_night,PU
ZRH,Bolt,10-20 km,871f8ed95ffffff,11,wrek_evening,PU
EMA,Bolt,20-30 km,8719434daffffff,1,wked_morning,DO
ZRH,Bolt,0-5 km,871f8edb2ffffff,2,wkd_day,DO
BRS,Bolt,10-20 km,871958392ffffff,2,wkd_night,DO
MAN,Bolt,10-20 km,871951b71ffffff,2,wked_night,DO
AMS,Bolt,0-5 km,8719695aeffffff,4,wrek_evening,PU
BEY,Bolt,30-40 km,872da2785ffffff,1,wked_day,DO
LIS,Bolt,0-5 km,87393375affffff,4,wrek_evening,DO
MAD,Cabify,5-10 km,87390cb5affffff,15,wked_night,PU
NCE,Bolt,10-20 km,873969a08ffffff,14,wked_morning,DO
OSL,Bolt,40-50 km,870999398ffffff,3,wrek_late_evening,DO
PRG,Bolt,10-20 km,871e3541effffff,30,wked_morning,DO
AMS,Bolt,10-20 km,871969536ffffff,3,wked_night,PU
BCN,Cabify,10-20 km,87394460dffffff,4,wked_day,PU
BER,Bolt,20-30 km,871f18b15ffffff,1,wkd_day,DO
BER,Bolt,20-30 km,871f1d49dffffff,18,wkd_day,PU
BER,Bolt,30-40 km,871f1d49effffff,4,wkd_evening,DO
BOD,Bolt,10-20 km,87184dd64ffffff,3,wkd_evening,DO
OTP,Bolt,20-30 km,871eeeb6dffffff,5,wkd_day,PU
CGN,Bolt,10-20 km,871fa1999ffffff,26,wkd_evening,DO
CGN,Bolt,10-20 km,871fa1999ffffff,22,wkd_late_evening,PU
DUS,Bolt,20-30 km,871fa5744ffffff,4,wkd_evening,DO
DUS,Bolt,5-10 km,871fa52b3ffffff,10,wkd_night,DO
LIS,Bolt,5-10 km,87393362bffffff,32,wkd_day,PU
LIS,Bolt,20-30 km,873933611ffffff,5,wkd_night,PU
AGP,Cabify,20-30 km,8739195aaffffff,11,wrek_late_evening,DO
MPL,Bolt,10-20 km,87396e968ffffff,8,wkd_morning,DO
MPL,Bolt,0-5 km,87396c4b0ffffff,1,wkd_night,DO
NCE,Bolt,10-20 km,873969aa0ffffff,2,wkd_day,DO
SVQ,Cabify,10-20 km,87391c719ffffff,3,wkd_morning,DO
VLC,Cabify,10-20 km,873954006ffffff,1,wkd_morning,PU
VIE,Bolt,10-20 km,871e15b55ffffff,12,wkd_day,DO
WAW,Bolt,5-10 km,871f53c93ffffff,99,wkd_morning,DO
DXB,Bolt,5-10 km,8743acca2ffffff,4,wked_night,PU
ATH,Bolt Taxi,50-60 km,871eda75cffffff,8,wkd_evening,PU
NBO,Bolt Basic,20-30 km,877a6e476ffffff,4,wkd_day,PU
AMS,Bolt,0-5 km,8719695aeffffff,8,wkd_day,PU
CLJ,Bolt,5-10 km,871e0b38cffffff,5,wked_night,PU
HEL,Bolt,30-40 km,871126d30ffffff,3,wkd_evening,DO
MLA,Bolt,10-20 km,873f30450ffffff,2,wkd_late_evening,PU
SVQ,Cabify,0-5 km,87391c708ffffff,3,wkd_day,DO
KTW,Bolt,50-60 km,871e232dcffffff,2,wked_morning,DO
SXB,Bolt,10-20 km,871f856aeffffff,2,wkd_morning,DO
DXB,Bolt,10-20 km,8743a132cffffff,1,wkd_morning,DO
DXB,Bolt,20-30 km,8743a1369ffffff,3,wkd_morning,PU
JED,Bolt,10-20 km,8753a9529ffffff,1,wkd_morning,DO
OTP,Bolt,30-40 km,871eeeb6bffffff,1,wked_day,PU
VIE,Bolt,0-5 km,871e15a64ffffff,2,wkd_morning,DO
AMS,Bolt,0-5 km,871969c8bffffff,1,wkd_day,DO
BCN,Cabify,20-30 km,873944601ffffff,1,wkd_evening,PU
LYS,Bolt,40-50 km,871f90209ffffff,1,wkd_late_evening,PU
NCE,Bolt,10-20 km,873969a20ffffff,1,wkd_evening,DO
ZRH,Bolt,30-40 km,871f8ec8affffff,6,wkd_morning,DO
LIS,Bolt,5-10 km,873933676ffffff,22,wrek_late_evening,PU
DUR,BoltEco,30-40 km,87bc1b6edffffff,1,wrek_evening,PU
NBO,Bolt Basic,5-10 km,877a6e501ffffff,2,wkd_night,DO
AMS,Bolt,10-20 km,871968269ffffff,14,wkd_day,DO
DUS,Bolt,10-20 km,871fa5282ffffff,4,wked_night,DO
GOT,Bolt,20-30 km,871f25a9effffff,8,wkd_morning,DO
HEL,Bolt,10-20 km,87089968affffff,4,wked_day,PU
KRK,Bolt,20-30 km,871e2e685ffffff,4,wkd_day,DO
MRS,Bolt,20-30 km,87396802cffffff,5,wkd_night,PU
MRS,Bolt,40-50 km,873968068ffffff,3,wked_day,PU
SVQ,Cabify,10-20 km,87391c70affffff,43,wkd_day,PU
TLS,Bolt,5-10 km,873960184ffffff,3,wked_night,DO
VIE,Bolt,10-20 km,871e15b44ffffff,22,wkd_day,PU
VIE,Bolt,10-20 km,871e15b46ffffff,8,wked_night,PU
WRO,Bolt,30-40 km,871e20469ffffff,3,wkd_late_evening,PU
DXB,Bolt,10-20 km,8743a1368ffffff,24,wkd_night,DO
ATH,Bolt Taxi,30-40 km,871eda74cffffff,10,wkd_evening,PU
AMS,Bolt,20-30 km,87196952effffff,6,wkd_day,PU
BEY,Bolt,5-10 km,872da24c5ffffff,1,wkd_late_evening,DO
DBV,Bolt,10-20 km,871e8db48ffffff,2,wkd_night,DO
DBV,Bolt,10-20 km,871e8db4bffffff,3,wkd_night,DO
HEL,Bolt,5-10 km,871126d71ffffff,2,wrek_evening,DO
PRG,Bolt,5-10 km,871e35418ffffff,1,wrek_late_evening,PU
SXB,Bolt,5-10 km,871f8569cffffff,1,wkd_late_evening,PU
VLC,Cabify,20-30 km,8739540f4ffffff,1,wkd_night,PU
DXB,Bolt,0-5 km,8743acca2ffffff,3,wkd_morning,DO
DXB,Bolt,10-20 km,8743accb1ffffff,1,wkd_night,PU
ATH,Bolt Taxi,20-30 km,871eda673ffffff,3,wkd_night,PU
ATH,Bolt Taxi,10-20 km,871eda752ffffff,1,wkd_day,PU
AMS,Bolt,20-30 km,871968254ffffff,1,wrek_evening,PU
BCN,Cabify,20-30 km,873944619ffffff,1,wked_morning,PU
HEL,Bolt,10-20 km,8708996d0ffffff,3,wkd_day,DO
VIE,Bolt,20-30 km,871e15b44ffffff,1,wkd_morning,DO
DUR,BoltEco,30-40 km,87bc1b66bffffff,1,wked_day,PU
BEY,Bolt,0-5 km,872da24f1ffffff,1,wked_morning,PU
SXB,Bolt,10-20 km,871f8561effffff,1,wrek_evening,PU
LHR,Bolt,10-20 km,87195da4bffffff,2,wrek_evening,PU
BOD,Bolt,5-10 km,87186b6d3ffffff,2,wrek_late_evening,DO
DUS,Bolt,5-10 km,871fa52b3ffffff,16,wked_day,DO
GOT,Bolt,20-30 km,871f25336ffffff,3,wked_morning,DO
KRK,Bolt,10-20 km,871e2e6b1ffffff,46,wked_day,DO
KRK,Bolt,5-10 km,871e2e686ffffff,1,wked_day,PU
OSL,Bolt,40-50 km,870999386ffffff,6,wrek_evening,PU
OSL,Bolt,50-60 km,870999386ffffff,3,wrek_late_evening,PU
CAI,Didi FLEX,20-30 km,873e628e6ffffff,4,wkd_night,DO
ABV,Bolt,40-50 km,8758f4681ffffff,3,wkd_morning,DO
FAO,Bolt,5-10 km,873911583ffffff,8,wkd_morning,PU
FAO,Bolt,30-40 km,87391020bffffff,2,wkd_morning,DO
AMS,Bolt,10-20 km,871969526ffffff,7,wkd_morning,DO
BOD,Bolt,20-30 km,87186b6c8ffffff,8,wkd_evening,PU
CGN,Bolt,10-20 km,871fa18e4ffffff,1,wkd_morning,DO
CGN,Bolt,20-30 km,871fa1d4dffffff,1,wkd_day,PU
CPH,Bolt,10-20 km,871f0591bffffff,3,wkd_late_evening,PU
DUS,Bolt,10-20 km,871fa5769ffffff,5,wkd_morning,DO
HEL,Bolt,5-10 km,871126d71ffffff,7,wkd_day,PU
KRK,Bolt,10-20 km,871e2e694ffffff,3,wkd_night,PU
LIS,Bolt,0-5 km,87393375bffffff,5,wkd_night,PU
LYS,Bolt,10-20 km,871f914a0ffffff,2,wkd_late_evening,DO
AGP,Cabify,20-30 km,8739195aaffffff,35,wkd_night,DO
MRS,Bolt,5-10 km,8739688d5ffffff,4,wked_morning,PU
MUC,Bolt,40-50 km,871f8d42affffff,6,wkd_night,PU
GDN,Bolt,10-20 km,871f7248cffffff,3,wkd_night,PU
VLC,Cabify,10-20 km,8739540adffffff,5,wrek_evening,DO
VNO,Bolt,10-20 km,871f40323ffffff,4,wkd_day,PU
DXB,Bolt,10-20 km,8743acd9affffff,4,wkd_day,PU
DXB,Bolt,30-40 km,8743a1223ffffff,4,wkd_night,DO
DXB,Bolt,20-30 km,8743a1368ffffff,4,wkd_late_evening,PU
DXB,Bolt,30-40 km,8743a1300ffffff,6,wked_morning,PU
DUR,BoltEco,10-20 km,87bc1b6ecffffff,13,wkd_morning,PU
ABV,Bolt,40-50 km,8758f0d21ffffff,1,wkd_morning,DO
LIS,Bolt,10-20 km,87393362dffffff,1,wkd_morning,PU
LIS,Bolt,5-10 km,873933666ffffff,3,wked_morning,DO
AGP,Cabify,20-30 km,8739195aaffffff,18,wked_day,DO
MLA,Bolt,10-20 km,873f30450ffffff,5,wkd_evening,DO
MLA,Bolt,5-10 km,873f30450ffffff,1,wked_night,PU
MUC,Bolt,5-10 km,871f8d44affffff,1,wkd_day,PU
TLS,Bolt,0-5 km,87396011cffffff,1,wkd_morning,DO
DXB,Bolt,40-50 km,8743a1300ffffff,3,wkd_morning,PU
PLZ,BoltEco,5-10 km,87bc7385cffffff,2,wkd_day,DO
ATH,Bolt Taxi,50-60 km,871eda75dffffff,3,wked_day,PU
ABV,Bolt,20-30 km,8758f469dffffff,1,wkd_morning,DO
DUS,Bolt,30-40 km,871fa5335ffffff,1,wkd_night,DO
FRA,Bolt,5-10 km,871faeab3ffffff,2,wkd_day,PU
LYS,Bolt,10-20 km,871f90275ffffff,2,wkd_day,PU
VIE,Bolt,0-5 km,871e15b45ffffff,2,wkd_night,DO
VNO,Bolt,10-20 km,871f40308ffffff,2,wkd_day,DO
DXB,Bolt,20-30 km,8743a1271ffffff,1,wkd_late_evening,PU
BER,Bolt,20-30 km,871f18b20ffffff,1,wkd_evening,PU
CDG,Bolt,40-50 km,871fb422effffff,2,wkd_night,PU
ZRH,Bolt,5-10 km,871f8edb1ffffff,10,wkd_day,DO
ZRH,Bolt,10-20 km,871f8ed92ffffff,2,wked_night,PU
LHR,Bolt,20-30 km,87194ad05ffffff,2,wkd_evening,PU
LHR,Bolt,5-10 km,87195d309ffffff,1,wkd_day,DO
AMS,Bolt,10-20 km,871969504ffffff,6,wked_day,PU
AMS,Bolt,10-20 km,871969535ffffff,38,wked_day,DO
BER,Bolt,20-30 km,871f1d489ffffff,3,wrek_late_evening,PU
FRA,Bolt,30-40 km,871fae156ffffff,3,wked_morning,DO
TLS,Bolt,20-30 km,873960564ffffff,4,wked_morning,DO
AMS,Bolt,10-20 km,871969523ffffff,9,wkd_late_evening,PU
BCN,Cabify,10-20 km,87394461effffff,8,wkd_evening,DO
DOH,TaxiF Eco+,40-50 km,87536bd9effffff,2,wkd_evening,DO
FRA,Bolt,10-20 km,871faeaf1ffffff,7,wkd_day,DO
FRA,Bolt,10-20 km,871faeaabffffff,4,wkd_day,DO
GOT,Bolt,5-10 km,871f2532affffff,4,wked_morning,DO
HEL,Bolt,20-30 km,871126d33ffffff,9,wkd_morning,PU
LIS,Bolt,0-5 km,87393375bffffff,47,wkd_day,DO
LYS,Bolt,50-60 km,871f90acaffffff,3,wkd_night,PU
LYS,Bolt,0-5 km,871f90254ffffff,5,wkd_day,DO
MAD,Cabify,30-40 km,87390ca84ffffff,4,wrek_late_evening,PU
NCE,Bolt,10-20 km,873969a2affffff,9,wkd_morning,DO
PRG,Bolt,30-40 km,871e3541effffff,1,wkd_day,PU
SVQ,Cabify,5-10 km,87391c708ffffff,8,wrek_late_evening,PU
ARN,Bolt,30-40 km,87088661dffffff,1,wkd_morning,DO
TLS,Bolt,10-20 km,873960136ffffff,7,wkd_day,DO
GDN,Bolt,0-5 km,871f72589ffffff,1,wkd_night,PU
VLC,Cabify,5-10 km,8739540a8ffffff,3,wkd_morning,DO
VIE,Bolt,20-30 km,871e15b73ffffff,5,wrek_evening,PU
DXB,Bolt,10-20 km,8743a1368ffffff,5,wkd_evening,PU
ATH,Bolt Taxi,50-60 km,871eda75cffffff,23,wkd_day,PU
NBO,Bolt Basic,10-20 km,877a6e428ffffff,6,wkd_day,PU
AMS,Bolt,40-50 km,87196909cffffff,2,wkd_evening,PU
AMS,Bolt,10-20 km,871969534ffffff,3,wked_morning,DO
CLJ,Bolt,5-10 km,871e0b381ffffff,6,wkd_day,PU
DBV,Bolt,20-30 km,871e8db42ffffff,2,wkd_evening,DO
HEL,Bolt,10-20 km,871126d26ffffff,4,wkd_late_evening,DO
NCE,Bolt,10-20 km,873969a0effffff,3,wkd_morning,DO
SXB,Bolt,10-20 km,871f85606ffffff,1,wkd_morning,DO
TLS,Bolt,0-5 km,873960c4affffff,3,wkd_night,DO
AMS,Bolt,10-20 km,87196825effffff,1,wrek_late_evening,PU
HEL,Bolt,30-40 km,871126d33ffffff,1,wked_day,PU
RTM,Bolt,0-5 km,87196bb0bffffff,2,wkd_late_evening,DO
GDN,Bolt,10-20 km,871f72488ffffff,2,wkd_night,DO
JED,Bolt,10-20 km,8753a9cd3ffffff,1,wkd_late_evening,DO
HEL,Bolt,10-20 km,871126d1cffffff,2,wkd_morning,DO
NCE,Bolt,20-30 km,873969a69ffffff,1,wrek_evening,PU
NCL,Bolt,10-20 km,87197322dffffff,3,wkd_day,DO
BRS,Bolt,0-5 km,8719580c9ffffff,1,wrek_evening,DO
ZRH,Bolt,10-20 km,871f8ed91ffffff,2,wked_morning,PU
ZRH,Bolt,40-50 km,871f8ed94ffffff,1,wkd_day,PU
DOH,TaxiF Eco+,10-20 km,87536bc0effffff,3,wkd_late_evening,DO
VIE,Bolt,5-10 km,871e15b59ffffff,3,wked_morning,DO
CAI,Didi FLEX,50-60 km,873e6288effffff,7,wkd_late_evening,PU
ABV,Bolt,50-60 km,8758f0d29ffffff,1,wkd_morning,DO
FAO,Bolt,10-20 km,8739115b0ffffff,2,wkd_morning,DO
AMS,Bolt,20-30 km,871969591ffffff,2,wkd_night,PU
BCN,Cabify,10-20 km,87394461cffffff,4,wkd_late_evening,DO
BER,Bolt,20-30 km,871f18ba9ffffff,3,wkd_morning,DO
BER,Bolt,20-30 km,871f1d48affffff,6,wrek_evening,DO
CGN,Bolt,20-30 km,871fa1115ffffff,1,wkd_night,DO
CGN,Bolt,50-60 km,871fa52b1ffffff,2,wkd_night,PU
CPH,Bolt,10-20 km,871f05836ffffff,2,wkd_day,DO
HEL,Bolt,20-30 km,871126d30ffffff,11,wkd_late_evening,DO
HEL,Bolt,10-20 km,871126d31ffffff,11,wkd_morning,DO
HEL,Bolt,10-20 km,871126d0affffff,3,wkd_late_evening,DO
NTE,Bolt,20-30 km,87184586affffff,5,wkd_day,DO
OSL,Bolt,40-50 km,87099939effffff,3,wkd_day,DO
TLS,Bolt,10-20 km,87396018cffffff,12,wkd_night,DO
TLS,Bolt,0-5 km,8739601a3ffffff,1,wkd_evening,PU
GDN,Bolt,10-20 km,871f72481ffffff,10,wkd_night,PU
DXB,Bolt,30-40 km,8743a132affffff,7,wkd_late_evening,PU
ATH,Bolt Taxi,0-5 km,871eda29affffff,19,wkd_day,DO
NBO,Bolt Basic,10-20 km,877a6e519ffffff,11,wkd_night,DO
NBO,Bolt Basic,30-40 km,877a6e46affffff,3,wkd_night,DO
NBO,Bolt Basic,20-30 km,877a6e428ffffff,3,wked_night,DO
DBV,Bolt,10-20 km,871e8db43ffffff,5,wked_day,DO
GOT,Bolt,20-30 km,871f2506dffffff,6,wkd_evening,DO
GOT,Bolt,10-20 km,871f25a96ffffff,1,wkd_morning,DO
POZ,Bolt,10-20 km,871e24aa1ffffff,1,wkd_morning,DO
ATH,Bolt Taxi,30-40 km,871eda74cffffff,3,wked_day,DO
NBO,Bolt Basic,10-20 km,877a6e42cffffff,2,wkd_morning,PU
RUH,Bolt,40-50 km,875355d35ffffff,1,wkd_day,DO
AMS,Bolt,10-20 km,871969514ffffff,2,wked_morning,PU
NTE,Bolt,5-10 km,87184586affffff,1,wkd_day,PU
NTE,Bolt,0-5 km,87184584cffffff,1,wkd_late_evening,PU
ARN,Bolt,30-40 km,870886758ffffff,1,wkd_day,DO
VIE,Bolt,10-20 km,871e15b40ffffff,3,wkd_morning,PU
DXB,Bolt,20-30 km,8743a136affffff,2,wked_morning,PU
JED,Bolt,20-30 km,8753a9573ffffff,1,wked_morning,DO
DOH,TaxiF Eco+,20-30 km,87536bc05ffffff,1,wrek_late_evening,DO
LYS,Bolt,10-20 km,871f9159dffffff,1,wkd_day,DO
AGP,Bolt,5-10 km,8739195aaffffff,1,wked_morning,DO
MPL,Bolt,5-10 km,87396e96dffffff,1,wkd_night,PU
DXB,Bolt,30-40 km,8743a130effffff,2,wked_day,PU
BRS,Bolt,10-20 km,871958390ffffff,1,wkd_morning,DO
EDI,Bolt,5-10 km,871972765ffffff,1,wkd_evening,PU
BCN,Cabify,10-20 km,87394460effffff,38,wked_morning,PU
FRA,Bolt,10-20 km,871faeaa9ffffff,15,wkd_late_evening,DO
MRS,Bolt,30-40 km,87396800dffffff,3,wrek_late_evening,PU
NTE,Bolt,20-30 km,871845840ffffff,5,wked_morning,PU
OSL,Bolt,40-50 km,8709992a5ffffff,4,wrek_evening,DO
BCN,Cabify,10-20 km,873944602ffffff,9,wkd_morning,PU
BER,Bolt,20-30 km,871f1d499ffffff,3,wkd_late_evening,PU
BER,Bolt,0-5 km,871f18a25ffffff,7,wkd_morning,DO
BER,Bolt,20-30 km,871f1d48bffffff,9,wkd_late_evening,PU
BER,Bolt,0-5 km,871f18a25ffffff,4,wked_night,DO
BOD,Bolt,5-10 km,87184dd62ffffff,1,wkd_night,DO
DUS,Bolt,30-40 km,871fa5a9dffffff,3,wkd_morning,DO
DUS,Bolt,5-10 km,871fa52b6ffffff,4,wkd_day,PU
FRA,Bolt,20-30 km,871faea35ffffff,3,wkd_day,PU
HEL,Bolt,20-30 km,871126c50ffffff,6,wkd_morning,DO
LIL,Bolt,10-20 km,87194d282ffffff,4,wkd_morning,DO
MAD,Cabify,10-20 km,87390cb0affffff,12,wkd_evening,PU
NTE,Bolt,5-10 km,87184584effffff,11,wkd_day,DO
NTE,Bolt,5-10 km,871845b12ffffff,1,wkd_day,PU
ORY,Bolt,20-30 km,871fb4666ffffff,10,wkd_evening,PU
ORY,Bolt,50-60 km,871fb0962ffffff,3,wkd_evening,PU
PRG,Bolt,10-20 km,871e35412ffffff,1,wrek_late_evening,PU
TLS,Bolt,10-20 km,873960196ffffff,4,wkd_late_evening,DO
VLC,Cabify,10-20 km,8739540adffffff,14,wkd_late_evening,DO
VIE,Bolt,5-10 km,871e15b44ffffff,2,wkd_night,DO
VIE,Bolt,10-20 km,871e15b55ffffff,3,wkd_evening,DO
WAW,Bolt,5-10 km,871f52261ffffff,61,wkd_evening,DO
DXB,Bolt,5-10 km,8743acca0ffffff,3,wkd_night,DO
DXB,Bolt,10-20 km,8743acd9dffffff,1,wked_day,PU
DXB,Bolt,10-20 km,8743a136effffff,2,wked_day,PU
BEY,Bolt,5-10 km,872da24e0ffffff,2,wkd_late_evening,DO
BER,Bolt,20-30 km,871f18b26ffffff,2,wkd_late_evening,DO
OTP,Bolt,20-30 km,871eec790ffffff,1,wkd_evening,DO
TLS,Bolt,0-5 km,8739601aeffffff,1,wkd_late_evening,DO
VNO,Bolt,20-30 km,871f4030cffffff,1,wkd_late_evening,PU
DXB,Bolt,20-30 km,8743acca2ffffff,1,wked_morning,PU
WIL,Bolt Basic,10-20 km,877a6e429ffffff,3,wked_day,DO
JED,Bolt,30-40 km,8753a9521ffffff,4,wkd_day,DO
BOD,Bolt,20-30 km,87184d996ffffff,3,wrek_evening,PU
CGN,Bolt,10-20 km,871fa18b4ffffff,3,wkd_night,PU
BCN,Cabify,30-40 km,87394460dffffff,1,wkd_day,DO
CLJ,Bolt,5-10 km,871e0b38effffff,1,wrek_evening,DO
HEL,Bolt,20-30 km,87089969cffffff,2,wkd_day,DO
SXB,Bolt,20-30 km,871f85752ffffff,1,wkd_day,DO
TLS,Bolt,5-10 km,8739601b0ffffff,1,wkd_day,DO
DXB,Bolt,10-20 km,8743accb6ffffff,1,wkd_late_evening,PU
EDI,Bolt,10-20 km,871972392ffffff,3,wked_morning,DO
ZRH,Bolt,20-30 km,871f83a0affffff,2,wkd_late_evening,DO
AMS,Bolt,10-20 km,8719695aaffffff,3,wrek_late_evening,PU
DUS,Bolt,10-20 km,871fa52b2ffffff,7,wkd_late_evening,PU
FRA,Bolt,20-30 km,871faead5ffffff,4,wked_day,PU
KRK,Bolt,10-20 km,871e05b73ffffff,2,wkd_night,PU
LYS,Bolt,10-20 km,871f9025affffff,9,wrek_evening,DO
ORY,Bolt,20-30 km,871fb4666ffffff,4,wrek_evening,PU
WAW,Bolt,5-10 km,871f53c93ffffff,76,wkd_late_evening,DO
DUR,BoltEco,30-40 km,87bc1b66effffff,5,wked_morning,DO
GOT,Bolt,30-40 km,871f25312ffffff,5,wkd_night,DO
GOT,Bolt,20-30 km,871f25a90ffffff,4,wkd_night,DO
HEL,Bolt,20-30 km,870899698ffffff,3,wkd_night,PU
HEL,Bolt,20-30 km,871126d32ffffff,4,wkd_late_evening,DO
KRK,Bolt,10-20 km,871e2e686ffffff,1,wkd_morning,DO
LIS,Bolt,10-20 km,8739332b2ffffff,1,wkd_morning,DO
LIS,Bolt,5-10 km,873933628ffffff,7,wked_morning,DO
LYS,Bolt,10-20 km,871f9025affffff,21,wkd_day,DO
LYS,Bolt,30-40 km,871f9020cffffff,2,wkd_evening,PU
AGP,Cabify,10-20 km,873919584ffffff,14,wrek_late_evening,PU
MMX,Bolt,30-40 km,871f05bb1ffffff,2,wkd_late_evening,PU
MRS,Bolt,20-30 km,873968150ffffff,6,wkd_late_evening,PU
MRS,Bolt,20-30 km,873968150ffffff,9,wkd_day,PU
MPL,Bolt,0-5 km,87396c59effffff,1,wkd_day,PU
MUC,Bolt,30-40 km,871f8d44cffffff,6,wkd_night,DO
MUC,Bolt,40-50 km,871f8d45dffffff,4,wkd_day,DO
MUC,Bolt,40-50 km,871f8d44affffff,3,wrek_evening,PU
NCE,Bolt,0-5 km,873969a0cffffff,1,wkd_day,PU
OSL,Bolt,40-50 km,870999398ffffff,3,wkd_day,PU
CDG,Bolt,40-50 km,871fb4674ffffff,1,wkd_evening,PU
CDG,Bolt,40-50 km,871fb0963ffffff,2,wrek_late_evening,PU
SVQ,Cabify,5-10 km,87391c750ffffff,2,wkd_late_evening,DO
VLC,Cabify,10-20 km,87395401affffff,3,wkd_day,PU
VLC,Cabify,10-20 km,8739540a8ffffff,3,wkd_day,PU
DXB,Bolt,30-40 km,8743a132affffff,14,wkd_night,PU
DXB,Bolt,10-20 km,8743acca6ffffff,5,wkd_morning,PU
ATH,Bolt Taxi,40-50 km,871eda743ffffff,30,wkd_evening,DO
NBO,Bolt Basic,10-20 km,877a6e42cffffff,2,wked_night,PU
JED,Bolt,5-10 km,8753a952dffffff,1,wkd_night,DO
JED,Bolt,20-30 km,8753a9c2bffffff,3,wkd_night,DO
OTP,Bolt,0-5 km,871eec7b0ffffff,2,wkd_late_evening,DO
OTP,Bolt,0-5 km,871eec7b0ffffff,1,wkd_day,DO
MPL,Bolt,10-20 km,87396c593ffffff,6,wkd_day,DO
VIE,Bolt,20-30 km,871e15b45ffffff,3,wkd_night,DO
AMS,Bolt,10-20 km,871969526ffffff,2,wrek_evening,DO
GOT,Bolt,30-40 km,871f25065ffffff,2,wkd_day,DO
MAD,Cabify,10-20 km,87390cb1bffffff,1,wked_night,PU
AGP,Cabify,20-30 km,873919584ffffff,4,wkd_day,PU
ARN,Bolt,30-40 km,87088666dffffff,2,wkd_day,DO
ARN,Bolt,50-60 km,87088661affffff,1,wkd_day,DO
GDN,Bolt,30-40 km,871f09b20ffffff,1,wkd_day,PU
CAI,Didi FLEX,20-30 km,873e60490ffffff,1,wked_night,DO
CAI,Didi FLEX,10-20 km,873e62c66ffffff,1,wked_night,DO
POZ,Bolt,5-10 km,871e24a12ffffff,1,wked_day,DO
DUR,BoltEco,5-10 km,87bc1b6e8ffffff,1,wkd_night,DO
MAN,Bolt,5-10 km,871951a29ffffff,4,wked_morning,PU
NCL,Bolt,20-30 km,871946c94ffffff,3,wkd_day,DO
ZRH,Bolt,10-20 km,871f8ed88ffffff,4,wkd_morning,DO
BCN,Cabify,0-5 km,8739446acffffff,1,wrek_late_evening,DO
OTP,Bolt,10-20 km,871eec793ffffff,2,wrek_late_evening,PU
CPH,Bolt,10-20 km,871f05832ffffff,4,wrek_evening,DO
LYS,Bolt,20-30 km,871f90254ffffff,4,wked_day,PU
CDG,Bolt,20-30 km,871fb4666ffffff,12,wrek_evening,PU
PRG,Bolt,10-20 km,871e35418ffffff,75,wked_day,PU
TLS,Bolt,5-10 km,8739601aaffffff,4,wked_day,DO
FAO,Bolt,20-30 km,873910251ffffff,4,wkd_late_evening,PU
FAO,Bolt,0-5 km,873911581ffffff,6,wkd_night,DO
FAO,Bolt,5-10 km,873911583ffffff,13,wked_morning,PU
AMS,Bolt,20-30 km,871969c9bffffff,5,wrek_evening,PU
BEY,Bolt,0-5 km,872da24e2ffffff,2,wkd_late_evening,DO
BER,Bolt,20-30 km,871f1d499ffffff,1,wkd_day,PU
BER,Bolt,20-30 km,871f1d48affffff,8,wkd_day,PU
DUS,Bolt,50-60 km,871fa1999ffffff,4,wkd_day,PU
DUS,Bolt,5-10 km,871fa52b6ffffff,2,wkd_late_evening,PU
LIL,Bolt,10-20 km,87194d29effffff,14,wkd_late_evening,PU
LIS,Bolt,30-40 km,873933715ffffff,8,wkd_day,PU
AGP,Cabify,0-5 km,873919585ffffff,1,wkd_day,PU
MRS,Bolt,20-30 km,873968153ffffff,5,wkd_night,DO
MRS,Bolt,30-40 km,87396802dffffff,4,wkd_day,DO
OSL,Bolt,50-60 km,870999761ffffff,2,wkd_morning,DO
ORY,Bolt,20-30 km,871fb4644ffffff,3,wkd_evening,DO
CDG,Bolt,10-20 km,871fb4295ffffff,6,wkd_day,DO
CDG,Bolt,20-30 km,871fb4660ffffff,3,wkd_morning,DO
TLS,Bolt,5-10 km,8739601aeffffff,12,wkd_evening,PU
TLS,Bolt,5-10 km,8739601a2ffffff,17,wkd_morning,DO
GDN,Bolt,10-20 km,871f09b20ffffff,6,wkd_night,DO
VIE,Bolt,20-30 km,871e15b45ffffff,1,wked_day,DO
VNO,Bolt,5-10 km,871f40308ffffff,32,wkd_day,DO
VNO,Bolt,5-10 km,871f40308ffffff,8,wkd_late_evening,DO
DXB,Bolt,30-40 km,8743a1305ffffff,2,wked_morning,PU
DXB,Bolt,10-20 km,8743a136affffff,5,wrek_late_evening,DO
DXB,Bolt,5-10 km,8743accb5ffffff,2,wked_night,PU
CPH,Bolt,20-30 km,871f05981ffffff,5,wked_morning,DO
HEL,Bolt,5-10 km,8708996d0ffffff,2,wkd_day,DO
ARN,Bolt,30-40 km,87088662affffff,1,wkd_morning,DO
NBO,Bolt Basic,10-20 km,877a6e55affffff,1,wked_morning,DO
DUS,Bolt,10-20 km,871fa52b2ffffff,2,wkd_night,PU
NCE,Bolt,20-30 km,873969ab0ffffff,1,wked_night,DO
VIE,Bolt,10-20 km,871e15b45ffffff,1,wrek_late_evening,DO
DUR,BoltEco,5-10 km,87bc1b66effffff,1,wked_night,DO
AMS,Bolt,30-40 km,871969500ffffff,1,wrek_late_evening,PU
AMS,Bolt,20-30 km,8719695aaffffff,1,wked_day,PU
HEL,Bolt,5-10 km,871126d33ffffff,1,wkd_day,DO
AGP,Cabify,20-30 km,8739195b1ffffff,1,wkd_evening,DO
VLC,Cabify,30-40 km,87395401effffff,1,wkd_morning,PU
DXB,Bolt,30-40 km,8743a132affffff,2,wkd_day,PU
DXB,Bolt,20-30 km,8743acd98ffffff,1,wrek_late_evening,PU
JED,Bolt,10-20 km,8753a9544ffffff,1,wked_morning,DO
ZRH,Bolt,10-20 km,871f8ed91ffffff,6,wked_day,DO
LGW,Bolt,40-50 km,87194ad32ffffff,3,wkd_morning,PU
MAN,Bolt,10-20 km,871951b62ffffff,3,wkd_evening,DO
ZRH,Bolt,10-20 km,871f8edb0ffffff,3,wkd_night,DO
EDI,Bolt,5-10 km,871972742ffffff,1,wked_day,DO
EDI,Bolt,5-10 km,871972742ffffff,1,wkd_night,DO
FRA,Bolt,10-20 km,871faea9effffff,7,wked_morning,DO
PRG,Bolt,10-20 km,871e354adffffff,1,wrek_evening,DO
ARN,Bolt,30-40 km,87088662cffffff,3,wked_day,PU
ATH,Bolt Taxi,40-50 km,871eda743ffffff,15,wkd_night,PU
NBO,Bolt Basic,10-20 km,877a6e505ffffff,4,wrek_late_evening,DO
RUH,Bolt,20-30 km,875373682ffffff,4,wkd_morning,PU
JED,Bolt,20-30 km,8753a9554ffffff,3,wkd_night,DO
AMS,Bolt,10-20 km,871969535ffffff,3,wkd_night,DO
BCN,Cabify,20-30 km,873944628ffffff,4,wkd_evening,DO
BEY,Bolt,50-60 km,872db1ae5ffffff,4,wkd_evening,PU
BER,Bolt,20-30 km,871f1d4c4ffffff,5,wkd_morning,DO
DOH,TaxiF Eco+,0-5 km,87536bc03ffffff,1,wked_morning,DO
FRA,Bolt,10-20 km,871faeaa9ffffff,25,wkd_day,DO
HEL,Bolt,0-5 km,871126d29ffffff,7,wkd_morning,DO
HEL,Bolt,20-30 km,870899698ffffff,6,wkd_day,PU
HEL,Bolt,20-30 km,871126d33ffffff,2,wked_night,PU
KRK,Bolt,10-20 km,871e2e6a3ffffff,4,wkd_evening,DO
LIS,Bolt,5-10 km,87393362cffffff,11,wkd_day,DO
LIS,Bolt,5-10 km,873933629ffffff,9,wkd_day,DO
LYS,Bolt,20-30 km,871f9020bffffff,9,wkd_night,DO
MUC,Bolt,30-40 km,871f8d734ffffff,8,wkd_evening,PU
NCE,Bolt,0-5 km,873969a1cffffff,3,wkd_evening,DO
PRG,Bolt,10-20 km,871e35418ffffff,32,wkd_evening,DO
SVQ,Cabify,10-20 km,87391c70effffff,4,wked_morning,DO
DXB,Bolt,0-5 km,8743a136effffff,1,wrek_late_evening,PU
AMS,Bolt,10-20 km,871969535ffffff,5,wked_morning,PU
DBV,Bolt,10-20 km,871e8db4bffffff,1,wkd_evening,PU
MPL,Bolt,0-5 km,87396c4b0ffffff,5,wkd_morning,DO
NCE,Bolt,0-5 km,873969a03ffffff,4,wkd_day,DO
CDG,Bolt,40-50 km,871fb4674ffffff,12,wkd_night,PU
POZ,Bolt,5-10 km,871e24a16ffffff,1,wkd_night,DO
SXB,Bolt,10-20 km,871f85602ffffff,3,wkd_day,DO
BER,Bolt,20-30 km,871f1d48effffff,1,wkd_day,PU
DUS,Bolt,60-70 km,871fa1999ffffff,2,wkd_night,PU
KRK,Bolt,5-10 km,871e2e6b4ffffff,2,wrek_late_evening,PU
TLS,Bolt,5-10 km,87396056bffffff,1,wkd_late_evening,DO
DUS,Bolt,10-20 km,871fa52b3ffffff,2,wkd_evening,DO
NCL,Bolt,0-5 km,871973226ffffff,1,wkd_night,DO
BRS,Bolt,10-20 km,871958212ffffff,4,wkd_morning,DO
ZRH,Bolt,0-5 km,871f8eda2ffffff,4,wkd_night,DO
ZRH,Bolt,5-10 km,871f8edb1ffffff,3,wked_morning,PU
SVQ,Cabify,10-20 km,87391c70affffff,24,wked_day,DO
GDN,Bolt,10-20 km,871f7248affffff,8,wkd_late_evening,DO
JED,Bolt,20-30 km,8753a9552ffffff,6,wkd_morning,PU
AMS,Bolt,10-20 km,871969526ffffff,7,wkd_day,DO
AMS,Bolt,30-40 km,871969492ffffff,4,wkd_day,PU
AMS,Bolt,10-20 km,871969c9affffff,9,wkd_evening,PU
AMS,Bolt,0-5 km,871969523ffffff,1,wrek_late_evening,PU
BCN,Cabify,10-20 km,87394461effffff,15,wkd_day,PU
BCN,Cabify,10-20 km,87394461cffffff,3,wkd_day,DO
BCN,Cabify,10-20 km,87394460effffff,13,wkd_night,DO
BER,Bolt,20-30 km,871f1d4f2ffffff,4,wkd_evening,DO
BOD,Bolt,20-30 km,87186b6c8ffffff,8,wkd_day,PU
DUS,Bolt,20-30 km,871fa5314ffffff,4,wrek_late_evening,DO
HEL,Bolt,20-30 km,870899695ffffff,7,wkd_day,DO
HEL,Bolt,20-30 km,870899681ffffff,2,wkd_day,PU
KRK,Bolt,0-5 km,871e2e6b1ffffff,1,wkd_morning,PU
LIL,Bolt,20-30 km,87194d2b3ffffff,3,wrek_late_evening,PU
OSL,Bolt,40-50 km,870999284ffffff,4,wkd_morning,PU
CDG,Bolt,20-30 km,871fb4666ffffff,23,wkd_evening,PU
CDG,Bolt,40-50 km,871fb4674ffffff,6,wkd_day,PU
RTM,Bolt,5-10 km,87196bb52ffffff,3,wked_day,DO
ARN,Bolt,30-40 km,87088662bffffff,11,wkd_day,PU
VLC,Cabify,10-20 km,87395401affffff,4,wkd_evening,PU
VLC,Cabify,10-20 km,873954013ffffff,3,wkd_late_evening,DO
VLC,Cabify,10-20 km,8739540a9ffffff,2,wked_night,DO
DXB,Bolt,10-20 km,8743a136bffffff,9,wkd_late_evening,PU
DXB,Bolt,40-50 km,8743a132cffffff,12,wkd_night,PU
DXB,Bolt,30-40 km,8743a1300ffffff,2,wked_night,PU
DXB,Bolt,0-5 km,8743accaeffffff,2,wked_day,PU
DXB,Bolt,30-40 km,8743a132affffff,3,wked_day,PU
DUR,BoltEco,10-20 km,87bc1b6eeffffff,4,wrek_late_evening,PU
ATH,Bolt Taxi,40-50 km,871eda743ffffff,13,wkd_late_evening,PU
ATH,Bolt Taxi,20-30 km,871eda743ffffff,2,wkd_day,PU
ABV,Bolt,10-20 km,8758f4693ffffff,1,wkd_night,DO
DBV,Bolt,5-10 km,871e8da61ffffff,1,wked_morning,PU
NCE,Bolt,40-50 km,873969b95ffffff,1,wked_night,DO
TLS,Bolt,5-10 km,873960130ffffff,1,wrek_evening,DO
VNO,Bolt,20-30 km,871f4030cffffff,1,wkd_night,DO
PLZ,BoltEco,5-10 km,87bc73843ffffff,2,wkd_evening,DO
HEL,Bolt,20-30 km,871126d02ffffff,2,wkd_evening,DO
NTE,Bolt,10-20 km,87184584cffffff,1,wrek_late_evening,PU
SVQ,Cabify,5-10 km,87391c70affffff,1,wkd_morning,DO
RUH,Bolt,10-20 km,8753736a0ffffff,2,wkd_night,DO
JED,Bolt,10-20 km,8753a952cffffff,1,wkd_night,DO
JED,Bolt,20-30 km,8753a9554ffffff,1,wkd_day,DO
AMS,Bolt,20-30 km,871969531ffffff,1,wked_day,DO
DBV,Bolt,20-30 km,871e8db40ffffff,2,wked_night,DO
VIE,Bolt,20-30 km,871e15b44ffffff,3,wked_morning,PU
PLZ,BoltEco,5-10 km,87bc73842ffffff,1,wked_morning,PU
BHX,Bolt,5-10 km,87195c318ffffff,3,wkd_night,DO
ZRH,Bolt,20-30 km,871f83ac3ffffff,3,wkd_day,PU
FAO,Bolt,40-50 km,87391020bffffff,3,wked_day,PU
BCN,Cabify,10-20 km,87394460cffffff,2,wked_morning,PU
BCN,Cabify,10-20 km,873944618ffffff,4,wrek_late_evening,PU
KRK,Bolt,20-30 km,871e2e6b1ffffff,15,wked_morning,DO
LIS,Bolt,20-30 km,87393371bffffff,2,wked_morning,PU
MAD,Cabify,20-30 km,87390cb1bffffff,9,wrek_late_evening,DO
PRG,Bolt,20-30 km,871e3540effffff,4,wkd_night,PU
VIE,Bolt,0-5 km,871e15a68ffffff,2,wrek_evening,DO
FAO,Bolt,40-50 km,873911470ffffff,3,wkd_late_evening,DO
AMS,Bolt,30-40 km,871969526ffffff,2,wkd_day,DO
CPH,Bolt,20-30 km,871f059b4ffffff,4,wkd_evening,DO
DUS,Bolt,5-10 km,871fa539affffff,11,wkd_morning,PU
DUS,Bolt,30-40 km,871fa1926ffffff,2,wkd_day,DO
GOT,Bolt,20-30 km,871f25a8affffff,2,wkd_evening,PU
HEL,Bolt,5-10 km,871126d72ffffff,2,wkd_day,PU
LIS,Bolt,40-50 km,8739330f6ffffff,5,wkd_late_evening,PU
LYS,Bolt,20-30 km,871f90254ffffff,45,wkd_evening,DO
LYS,Bolt,20-30 km,871f90272ffffff,6,wkd_day,DO
MUC,Bolt,40-50 km,871f8d7a4ffffff,4,wkd_day,PU
MUC,Bolt,40-50 km,871f8d7a4ffffff,5,wkd_late_evening,PU
NCE,Bolt,5-10 km,873969a08ffffff,14,wkd_morning,PU
ARN,Bolt,10-20 km,870886280ffffff,3,wkd_night,PU
ARN,Bolt,40-50 km,870886612ffffff,3,wrek_late_evening,DO
TLS,Bolt,10-20 km,8739601acffffff,2,wkd_night,DO
VLC,Cabify,10-20 km,87395401effffff,3,wked_morning,DO
VIE,Bolt,20-30 km,871e15b72ffffff,4,wkd_night,PU
VIE,Bolt,20-30 km,871e15b46ffffff,2,wked_day,DO
VNO,Bolt,5-10 km,871f4030cffffff,6,wrek_evening,PU
DXB,Bolt,0-5 km,8743acca2ffffff,5,wkd_morning,PU
DXB,Bolt,30-40 km,8743a1300ffffff,6,wkd_morning,PU
DXB,Bolt,30-40 km,8743a132dffffff,5,wked_night,PU
DXB,Bolt,10-20 km,8743acd9affffff,7,wked_morning,DO
JNB,BoltEco,0-5 km,87bcc2248ffffff,51,wkd_evening,DO
DUR,BoltEco,40-50 km,87bc1b293ffffff,4,wkd_night,DO
DUR,BoltEco,10-20 km,87bcf5d01ffffff,3,wkd_morning,PU
NBO,Bolt Basic,20-30 km,877a6e429ffffff,4,wrek_late_evening,DO
AMS,Bolt,20-30 km,871969521ffffff,1,wkd_night,PU
CGN,Bolt,30-40 km,871fa1c66ffffff,2,wkd_morning,PU
LIS,Bolt,5-10 km,873933666ffffff,1,wkd_night,PU
NTE,Bolt,0-5 km,871845842ffffff,1,wkd_late_evening,PU
CDG,Bolt,30-40 km,871fb4662ffffff,2,wkd_morning,PU
POZ,Bolt,5-10 km,871e24a12ffffff,1,wkd_day,DO
DXB,Bolt,40-50 km,8743a1301ffffff,2,wkd_night,PU
OTP,Bolt,10-20 km,871eeeb41ffffff,1,wkd_morning,DO
DUS,Bolt,30-40 km,871fa574dffffff,2,wkd_day,PU
DUS,Bolt,20-30 km,871fa5310ffffff,2,wkd_late_evening,DO
DXB,Bolt,10-20 km,8743accb5ffffff,2,wkd_day,PU
HEL,Bolt,0-5 km,871126d31ffffff,1,wkd_day,PU
MUC,Bolt,10-20 km,871f8d019ffffff,1,wrek_late_evening,DO
AMS,Bolt,10-20 km,871969522ffffff,3,wrek_late_evening,PU
CPH,Bolt,10-20 km,871f05831ffffff,10,wked_morning,DO
LYS,Bolt,10-20 km,871f902e9ffffff,4,wrek_late_evening,PU
AGP,Bolt,10-20 km,873919585ffffff,1,wked_day,PU
MRS,Bolt,20-30 km,873968152ffffff,5,wked_morning,PU
SVQ,Cabify,10-20 km,87391c708ffffff,19,wked_morning,DO
GDN,Bolt,10-20 km,871f09b24ffffff,5,wrek_evening,PU
DXB,Bolt,10-20 km,8743acd9effffff,3,wked_night,DO
DUR,BoltEco,30-40 km,87bc1b663ffffff,5,wked_morning,DO
ATH,Bolt Taxi,10-20 km,871eda295ffffff,7,wked_morning,DO
ATH,Bolt Taxi,30-40 km,871eda2b6ffffff,2,wkd_night,DO
ABV,Bolt,30-40 km,8758f0d20ffffff,1,wkd_morning,PU
AMS,Bolt,5-10 km,871969532ffffff,1,wked_day,PU
BCN,Cabify,10-20 km,8739446a1ffffff,1,wkd_night,PU
CPH,Bolt,10-20 km,871f05836ffffff,4,wkd_late_evening,DO
DIA,TaxiF Eco+,0-5 km,87536bce2ffffff,5,wkd_late_evening,DO
DUS,Bolt,10-20 km,871fa52b3ffffff,4,wkd_night,PU
FRA,Bolt,10-20 km,871faeaadffffff,4,wkd_morning,DO
HEL,Bolt,10-20 km,871126d04ffffff,3,wkd_morning,DO
AGP,Cabify,20-30 km,873919585ffffff,33,wkd_evening,PU
MMX,Bolt,10-20 km,871f05af3ffffff,2,wkd_late_evening,PU
MUC,Bolt,5-10 km,871f8d0f3ffffff,3,wkd_late_evening,PU
NCE,Bolt,10-20 km,873969aa6ffffff,3,wkd_late_evening,PU
OSL,Bolt,40-50 km,87099939effffff,4,wkd_late_evening,DO
PRG,Bolt,10-20 km,871e354adffffff,4,wkd_day,PU
RTM,Bolt,5-10 km,87196bb52ffffff,7,wkd_day,DO
TLS,Bolt,0-5 km,87396018effffff,1,wkd_morning,DO
VNO,Bolt,0-5 km,871f40319ffffff,8,wkd_night,PU
DXB,Bolt,10-20 km,8743a136effffff,7,wkd_night,PU
ATH,Bolt Taxi,10-20 km,871eda282ffffff,3,wkd_night,DO
NBO,Bolt Basic,10-20 km,877a6e5a8ffffff,4,wkd_night,PU
NBO,Bolt Basic,5-10 km,877a6e50bffffff,4,wkd_evening,DO
DOH,TaxiF Eco+,20-30 km,87536bc2affffff,3,wkd_late_evening,DO
KRK,Bolt,20-30 km,871e2e6aeffffff,2,wrek_late_evening,DO
MLA,Bolt,5-10 km,873f304edffffff,1,wrek_evening,DO
NCE,Bolt,10-20 km,873969a0dffffff,1,wrek_late_evening,DO
SXB,Bolt,30-40 km,871f8562effffff,1,wkd_day,PU
PLZ,BoltEco,0-5 km,87bc7385dffffff,1,wkd_evening,PU
HEL,Bolt,20-30 km,871126d30ffffff,3,wkd_day,DO
VIE,Bolt,20-30 km,871e15b46ffffff,1,wkd_night,DO
DXB,Bolt,30-40 km,8743a130dffffff,1,wkd_day,DO
AMS,Bolt,0-5 km,871969c9bffffff,1,wked_day,DO
SVQ,Cabify,10-20 km,87391c626ffffff,1,wkd_late_evening,DO
VIE,Bolt,20-30 km,871e15b54ffffff,1,wked_morning,DO
VNO,Bolt,10-20 km,871f40306ffffff,1,wkd_late_evening,PU
RUH,Bolt,20-30 km,87537361effffff,1,wked_night,DO
ZRH,Bolt,0-5 km,871f8eda3ffffff,6,wkd_morning,DO
ZRH,Bolt,5-10 km,871f8ed80ffffff,3,wkd_day,PU
ZRH,Bolt,5-10 km,871f83a59ffffff,4,wkd_day,PU
ZRH,Bolt,5-10 km,871f8ed81ffffff,4,wkd_evening,DO
ZRH,Bolt,10-20 km,871f8ec95ffffff,1,wkd_late_evening,PU
EDI,Bolt,5-10 km,87197262cffffff,2,wkd_day,PU
EDI,Bolt,10-20 km,8719720cbffffff,1,wkd_day,DO
LIS,Bolt,0-5 km,87393375affffff,5,wked_morning,DO
MRS,Bolt,20-30 km,873968153ffffff,4,wked_day,DO
OSL,Bolt,50-60 km,8709993a2ffffff,1,wked_morning,DO
GDN,Bolt,10-20 km,871f09b20ffffff,38,wked_day,DO
ABV,Bolt,40-50 km,8758f469dffffff,3,wkd_day,DO
FAO,Bolt,20-30 km,8739102edffffff,2,wkd_morning,DO
AMS,Bolt,30-40 km,871969504ffffff,1,wkd_late_evening,PU
BCN,Cabify,50-60 km,87394429dffffff,1,wkd_day,PU
BER,Bolt,20-30 km,871f1d4ceffffff,4,wkd_night,DO
BER,Bolt,30-40 km,871f1d488ffffff,7,wkd_late_evening,PU
DUS,Bolt,5-10 km,871fa5351ffffff,1,wkd_day,PU
FRA,Bolt,10-20 km,871faeaf6ffffff,4,wked_day,DO
KRK,Bolt,10-20 km,871e2e6b0ffffff,6,wkd_late_evening,DO
NTE,Bolt,10-20 km,87184585effffff,3,wkd_morning,PU
NTE,Bolt,0-5 km,87184584bffffff,4,wkd_night,DO
NTE,Bolt,10-20 km,87184584cffffff,14,wkd_morning,DO
PRG,Bolt,10-20 km,871e3541affffff,5,wkd_night,PU
ARN,Bolt,40-50 km,87088660effffff,1,wkd_evening,DO
ARN,Bolt,40-50 km,870886619ffffff,3,wkd_evening,PU
VLC,Cabify,5-10 km,873954199ffffff,2,wkd_day,DO
VLC,Cabify,5-10 km,8739540acffffff,1,wkd_evening,DO
DXB,Bolt,5-10 km,8743acc82ffffff,4,wkd_night,PU
DXB,Bolt,30-40 km,8743a1328ffffff,5,wkd_morning,PU
ATH,Bolt Taxi,30-40 km,871eda75cffffff,8,wkd_night,DO
JED,Bolt,20-30 km,8753a950bffffff,7,wked_morning,DO
JED,Bolt,10-20 km,8753a9525ffffff,5,wked_day,PU
CAI,Didi FLEX,10-20 km,873e6288effffff,1,wked_day,PU
AMS,Bolt,30-40 km,871969535ffffff,1,wkd_day,DO
BER,Bolt,10-20 km,871f18b04ffffff,1,wkd_night,DO
CLJ,Bolt,5-10 km,871e0b38effffff,5,wkd_day,PU
DBV,Bolt,10-20 km,871e8db43ffffff,10,wkd_night,DO
GOT,Bolt,20-30 km,871f25a8effffff,2,wkd_morning,DO
TSR,Bolt,10-20 km,871e19281ffffff,1,wkd_night,DO
TSR,Bolt,10-20 km,871e192aaffffff,2,wkd_night,PU
VIE,Bolt,30-40 km,871e15b71ffffff,1,wkd_morning,DO
RUH,Bolt,30-40 km,875373696ffffff,4,wked_night,DO
FAO,Bolt,0-5 km,87391020dffffff,1,wkd_night,DO
BCN,Cabify,5-10 km,873944601ffffff,2,wkd_night,PU
KRK,Bolt,10-20 km,871e05b6dffffff,1,wkd_morning,DO
KRK,Bolt,5-10 km,871e05b69ffffff,1,wked_night,DO
NCE,Bolt,10-20 km,873969a86ffffff,3,wkd_day,DO
NCE,Bolt,20-30 km,873969a94ffffff,3,wkd_day,DO
DUR,BoltEco,30-40 km,87bc1b6ecffffff,2,wkd_day,PU
BER,Bolt,10-20 km,871f1d488ffffff,1,wked_day,PU
DBV,Bolt,10-20 km,871ef6696ffffff,1,wked_morning,DO
BHX,Bolt,10-20 km,87195cadcffffff,2,wkd_day,PU
ZRH,Bolt,10-20 km,871f8ed95ffffff,15,wkd_morning,PU
ZRH,Bolt,50-60 km,871f816a8ffffff,4,wkd_late_evening,PU
AMS,Bolt,10-20 km,871969500ffffff,6,wrek_late_evening,PU
BER,Bolt,20-30 km,871f1d49dffffff,5,wrek_evening,PU
FRA,Bolt,20-30 km,871faeaa9ffffff,4,wrek_late_evening,PU
KRK,Bolt,20-30 km,871e2e680ffffff,2,wked_night,DO
VIE,Bolt,10-20 km,871e15b44ffffff,8,wrek_evening,PU
FAO,Bolt,5-10 km,873911583ffffff,8,wkd_day,DO
AMS,Bolt,10-20 km,871968269ffffff,19,wkd_morning,DO
CPH,Bolt,10-20 km,871f05822ffffff,8,wkd_day,PU
DUS,Bolt,30-40 km,871fa5646ffffff,3,wkd_day,PU
GOT,Bolt,20-30 km,871f25a9affffff,6,wkd_day,DO
HEL,Bolt,10-20 km,871126d22ffffff,2,wkd_night,PU
LIL,Bolt,10-20 km,87194d29cffffff,4,wkd_day,DO
LIS,Bolt,10-20 km,873933629ffffff,5,wkd_evening,PU
LIS,Bolt,40-50 km,8739330f0ffffff,6,wked_day,PU
AGP,Bolt,10-20 km,873919585ffffff,56,wkd_night,PU
NTE,Bolt,5-10 km,87184584effffff,8,wkd_night,DO
PRG,Bolt,10-20 km,871e3541affffff,5,wked_day,PU
RTM,Bolt,10-20 km,87196bb70ffffff,5,wkd_day,PU
ARN,Bolt,30-40 km,870886620ffffff,5,wkd_evening,PU
VLC,Cabify,10-20 km,8739540f4ffffff,3,wkd_late_evening,DO
VLC,Cabify,20-30 km,87395401bffffff,2,wkd_day,DO
VIE,Bolt,30-40 km,871e02c06ffffff,3,wkd_morning,PU
VNO,Bolt,5-10 km,871f4030affffff,1,wkd_day,PU
DUR,BoltEco,20-30 km,87bc1b6ecffffff,1,wkd_morning,DO
JED,Bolt,10-20 km,8753a9521ffffff,8,wkd_day,PU
CAI,Didi FLEX,20-30 km,873e628f2ffffff,2,wked_day,DO
CLJ,Bolt,5-10 km,871e0b38effffff,2,wkd_evening,DO
DOH,TaxiF Eco+,10-20 km,87536bc0effffff,3,wkd_night,DO
IAS,Bolt,10-20 km,871e556e2ffffff,2,wked_night,DO
MAD,Cabify,20-30 km,87390cb1cffffff,2,wkd_morning,DO
POZ,Bolt,5-10 km,871e2416cffffff,1,wkd_day,DO
PLZ,BoltEco,10-20 km,87bc73b11ffffff,2,wked_day,PU
KRK,Bolt,20-30 km,871e2e616ffffff,1,wked_day,DO
NTE,Bolt,5-10 km,87184584effffff,2,wked_day,DO
NTE,Bolt,0-5 km,87184584dffffff,1,wked_day,DO
DXB,Bolt,40-50 km,8743a132affffff,2,wked_night,PU
LYS,Bolt,20-30 km,871f90256ffffff,1,wkd_morning,DO
LYS,Bolt,0-5 km,871f90254ffffff,1,wkd_day,PU
NCE,Bolt,0-5 km,873969aa0ffffff,1,wked_night,PU
TLS,Bolt,0-5 km,8739601aaffffff,1,wrek_late_evening,PU
PLZ,BoltEco,10-20 km,87bc73b80ffffff,1,wked_morning,PU
NCL,Bolt,10-20 km,871973373ffffff,1,wked_morning,DO
ZRH,Bolt,0-5 km,871f83a0affffff,1,wkd_day,DO
AMS,Bolt,10-20 km,871969530ffffff,2,wrek_late_evening,PU
BCN,Cabify,10-20 km,87394460effffff,18,wked_day,DO
CGN,Bolt,10-20 km,871fa1998ffffff,6,wked_day,PU
KRK,Bolt,10-20 km,871e2e6b0ffffff,8,wked_day,DO
TLS,Bolt,10-20 km,87396018cffffff,4,wked_day,PU
FAO,Bolt,50-60 km,87391031bffffff,2,wkd_evening,DO
AMS,Bolt,20-30 km,871968269ffffff,1,wkd_night,PU
AMS,Bolt,20-30 km,871969535ffffff,4,wrek_late_evening,PU
BCN,Cabify,5-10 km,8739446acffffff,7,wkd_morning,DO
BOD,Bolt,10-20 km,87186b6caffffff,7,wkd_morning,PU
OTP,Bolt,10-20 km,871eeeb6cffffff,10,wkd_night,PU
CGN,Bolt,10-20 km,871fa1812ffffff,4,wkd_night,PU
CPH,Bolt,30-40 km,871f0592affffff,3,wked_day,PU
DUS,Bolt,0-5 km,871fa5398ffffff,4,wkd_night,DO
DUS,Bolt,20-30 km,871fa5310ffffff,6,wked_day,DO
FRA,Bolt,20-30 km,871faeae4ffffff,3,wkd_evening,PU
HEL,Bolt,20-30 km,871126d30ffffff,1,wkd_night,DO
KRK,Bolt,10-20 km,871e2e6b1ffffff,21,wkd_evening,PU
LIS,Bolt,0-5 km,873933759ffffff,3,wked_night,DO
LIS,Bolt,5-10 km,873933629ffffff,9,wked_morning,PU
MAD,Cabify,10-20 km,87390ca35ffffff,23,wkd_morning,DO
MUC,Bolt,40-50 km,871f8d45dffffff,3,wkd_late_evening,PU
MUC,Bolt,30-40 km,871f8d448ffffff,9,wkd_day,PU
NTE,Bolt,5-10 km,871845858ffffff,6,wkd_day,DO
NCE,Bolt,10-20 km,873969a16ffffff,3,wkd_morning,DO
OSL,Bolt,50-60 km,870999386ffffff,11,wked_morning,DO
ORY,Bolt,20-30 km,871fb4674ffffff,31,wkd_day,PU
CDG,Bolt,40-50 km,871fb0962ffffff,3,wkd_late_evening,DO
CDG,Bolt,20-30 km,871fb4644ffffff,9,wkd_evening,DO
SVQ,Cabify,10-20 km,87391c70bffffff,3,wkd_evening,DO
TLS,Bolt,5-10 km,87396018effffff,1,wkd_day,PU
TLS,Bolt,5-10 km,8739601a8ffffff,12,wkd_day,DO
GDN,Bolt,10-20 km,871f72488ffffff,2,wked_day,DO
VLC,Cabify,10-20 km,8739540adffffff,23,wkd_day,DO
VIE,Bolt,10-20 km,871e15b5dffffff,7,wkd_night,PU
ATH,Bolt Taxi,20-30 km,871eda769ffffff,5,wked_day,DO
NBO,Bolt Basic,20-30 km,877a6e40cffffff,1,wkd_night,PU
NBO,Bolt Basic,10-20 km,877a6e428ffffff,8,wkd_late_evening,PU
NBO,Bolt Basic,10-20 km,877a6e428ffffff,4,wkd_day,DO
FAO,Bolt,50-60 km,873910233ffffff,3,wkd_day,DO
BCN,Cabify,5-10 km,8739446a0ffffff,2,wkd_night,DO
CPH,Bolt,10-20 km,871f05919ffffff,2,wkd_night,PU
CPH,Bolt,40-50 km,871f05923ffffff,3,wkd_day,DO
DUS,Bolt,30-40 km,871fa5314ffffff,2,wkd_morning,DO
HEL,Bolt,30-40 km,870899604ffffff,2,wkd_evening,PU
KRK,Bolt,10-20 km,871e2e6b5ffffff,4,wkd_late_evening,PU
MLA,Bolt,5-10 km,873f304cdffffff,2,wkd_morning,DO
NCE,Bolt,0-5 km,873969a03ffffff,2,wkd_night,DO
RTM,Bolt,10-20 km,87196bb53ffffff,3,wkd_day,DO
ARN,Bolt,30-40 km,870886601ffffff,2,wkd_evening,DO
SXB,Bolt,10-20 km,871f85603ffffff,3,wkd_morning,DO
FAO,Bolt,40-50 km,87391020bffffff,1,wkd_day,PU
AMS,Bolt,20-30 km,871968261ffffff,1,wkd_night,PU
AMS,Bolt,20-30 km,871969c9affffff,1,wkd_day,DO
BER,Bolt,20-30 km,871f18b35ffffff,1,wked_night,DO
TLS,Bolt,5-10 km,8739601aaffffff,1,wkd_night,DO
DXB,Bolt,30-40 km,8743a1224ffffff,2,wkd_morning,DO
VIE,Bolt,5-10 km,871e15b75ffffff,1,wkd_late_evening,DO
DXB,Bolt,30-40 km,8743a1328ffffff,1,wked_night,PU
ZRH,Bolt,5-10 km,871f8edb0ffffff,4,wkd_morning,PU
FAO,Bolt,20-30 km,87391024effffff,4,wked_morning,DO
BEY,Bolt,5-10 km,872da24e1ffffff,5,wrek_evening,PU
BOD,Bolt,5-10 km,87186b6dbffffff,1,wkd_night,PU
LIS,Bolt,0-5 km,873933666ffffff,6,wked_night,PU
LIS,Bolt,10-20 km,87393362affffff,5,wked_morning,DO
ORY,Bolt,10-20 km,871fb4670ffffff,3,wked_day,DO
ARN,Bolt,30-40 km,870886601ffffff,4,wrek_evening,PU
DXB,Bolt,10-20 km,8743a136bffffff,10,wrek_evening,DO
CAI,Didi FLEX,20-30 km,873e62badffffff,2,wkd_late_evening,PU
ABV,Bolt,20-30 km,8758f6a42ffffff,2,wkd_day,PU
FAO,Bolt,40-50 km,87391021cffffff,4,wkd_evening,PU
AMS,Bolt,40-50 km,871968308ffffff,3,wkd_morning,PU
BCN,Cabify,10-20 km,873944611ffffff,4,wkd_morning,DO
BCN,Cabify,10-20 km,873944602ffffff,5,wkd_morning,DO
BCN,Cabify,10-20 km,87394460cffffff,11,wkd_day,PU
BCN,Cabify,5-10 km,8739446a4ffffff,4,wkd_evening,PU
BCN,Cabify,10-20 km,873944619ffffff,11,wkd_late_evening,PU
HEL,Bolt,10-20 km,871126d26ffffff,7,wkd_night,DO
LYS,Bolt,20-30 km,871f90254ffffff,29,wkd_day,PU
MRS,Bolt,10-20 km,873968170ffffff,3,wkd_night,PU
MUC,Bolt,40-50 km,871f8d44affffff,5,wkd_evening,DO
CDG,Bolt,20-30 km,871fb4644ffffff,4,wkd_day,PU
TLS,Bolt,10-20 km,8739601a8ffffff,11,wkd_evening,PU
DXB,Bolt,20-30 km,8743a1368ffffff,10,wkd_morning,PU
DXB,Bolt,40-50 km,8743a1329ffffff,4,wked_night,PU
ATH,Bolt Taxi,30-40 km,871eda74effffff,6,wked_night,DO
ATH,Bolt Taxi,0-5 km,871eda29affffff,2,wked_morning,DO
NBO,Bolt Basic,20-30 km,877a6e55affffff,2,wrek_late_evening,PU
AMS,Bolt,20-30 km,871969c91ffffff,4,wkd_night,PU
BCN,Cabify,20-30 km,87394460cffffff,2,wkd_morning,DO
CLJ,Bolt,5-10 km,871e0b38cffffff,7,wkd_late_evening,DO
KRK,Bolt,0-5 km,871e2e690ffffff,1,wkd_morning,DO
KRK,Bolt,10-20 km,871e05b4bffffff,4,wkd_morning,DO
KRK,Bolt,5-10 km,871e2e6b0ffffff,3,wkd_morning,DO
NTE,Bolt,5-10 km,87184585affffff,6,wkd_day,PU
RTM,Bolt,5-10 km,87196ba21ffffff,3,wkd_day,DO
SVQ,Cabify,10-20 km,87391c70bffffff,3,wkd_day,PU
VIE,Bolt,20-30 km,871e15b44ffffff,4,wkd_late_evening,DO
CPH,Bolt,30-40 km,871f05815ffffff,1,wkd_evening,PU
MAD,Cabify,5-10 km,87390cb1cffffff,1,wkd_day,DO
RUH,Bolt,40-50 km,875373656ffffff,1,wked_morning,DO
OTP,Bolt,0-5 km,871eec7b0ffffff,1,wrek_evening,DO
CGN,Bolt,20-30 km,871fa1996ffffff,1,wkd_late_evening,DO
DXB,Bolt,5-10 km,8743acd99ffffff,1,wkd_late_evening,DO
JED,Bolt,10-20 km,8753a9cdeffffff,1,wked_morning,DO
ZRH,Bolt,10-20 km,871f83a5dffffff,4,wkd_morning,DO
ZRH,Bolt,5-10 km,871f8ed80ffffff,1,wkd_late_evening,PU
BCN,Cabify,10-20 km,87394461dffffff,14,wked_morning,DO
BCN,Cabify,10-20 km,87394461dffffff,11,wked_morning,PU
DUS,Bolt,10-20 km,871fa52b2ffffff,3,wrek_evening,DO
HEL,Bolt,30-40 km,8708996b0ffffff,4,wrek_late_evening,PU
MPL,Bolt,5-10 km,87396c4b4ffffff,4,wked_morning,DO
NCE,Bolt,30-40 km,873969a45ffffff,6,wked_day,PU
AMS,Bolt,10-20 km,87196826bffffff,4,wkd_evening,DO
BCN,Cabify,10-20 km,873944603ffffff,14,wkd_evening,DO
DOH,TaxiF Eco+,40-50 km,87536bd9effffff,7,wrek_evening,DO
KRK,Bolt,5-10 km,871e2e6b0ffffff,1,wked_night,PU
KRK,Bolt,20-30 km,871e2e686ffffff,4,wked_day,PU
SVQ,Cabify,10-20 km,87391c621ffffff,3,wkd_evening,DO
VIE,Bolt,20-30 km,871e15b75ffffff,4,wkd_day,DO
DXB,Bolt,10-20 km,8743a136bffffff,2,wkd_day,PU
DXB,Bolt,10-20 km,8743a136bffffff,2,wkd_evening,DO
RUH,Bolt,30-40 km,8753736f1ffffff,4,wkd_night,DO
AMS,Bolt,5-10 km,8719695aeffffff,2,wkd_morning,DO
IAS,Bolt,5-10 km,871e556e2ffffff,3,wrek_late_evening,DO
NCE,Bolt,20-30 km,873969a94ffffff,1,wkd_night,DO
SVQ,Cabify,0-5 km,87391c624ffffff,1,wked_night,PU
SXB,Bolt,10-20 km,871f85602ffffff,1,wkd_late_evening,PU
JED,Bolt,30-40 km,8753a9cdaffffff,1,wkd_night,DO
AMS,Bolt,10-20 km,871969503ffffff,2,wked_morning,DO
BER,Bolt,30-40 km,871f1d488ffffff,1,wkd_night,DO
DOH,TaxiF Eco+,20-30 km,87536bd9effffff,3,wrek_evening,DO
GOT,Bolt,0-5 km,871f250e1ffffff,1,wked_day,DO
HEL,Bolt,30-40 km,870899695ffffff,1,wkd_night,PU
LIL,Bolt,0-5 km,87194d284ffffff,1,wkd_day,PU
LYS,Bolt,50-60 km,871f90acaffffff,1,wkd_late_evening,PU
NCE,Bolt,20-30 km,873969ab2ffffff,1,wked_day,DO
DXB,Bolt,30-40 km,8743a1369ffffff,1,wked_morning,PU
JED,Bolt,20-30 km,8753a9509ffffff,1,wkd_day,DO
ORY,Bolt,20-30 km,871fb4674ffffff,2,wrek_evening,PU
DXB,Bolt,30-40 km,8743a136effffff,1,wkd_late_evening,PU
STN,Bolt,60-70 km,87195d8d0ffffff,3,wkd_morning,DO
MAN,Bolt,5-10 km,871951b54ffffff,2,wkd_morning,DO
EMA,Bolt,5-10 km,87194349dffffff,2,wrek_late_evening,DO
SOU,Bolt,5-10 km,871959155ffffff,4,wkd_day,DO
ZRH,Bolt,0-5 km,871f8eda0ffffff,3,wkd_late_evening,DO
AMS,Bolt,10-20 km,871969520ffffff,1,wked_morning,DO
LIS,Bolt,0-5 km,87393375bffffff,3,wked_morning,DO
NTE,Bolt,10-20 km,871845848ffffff,2,wrek_late_evening,PU
OSL,Bolt,0-5 km,8708a4510ffffff,1,wked_day,PU
ABV,Bolt,30-40 km,8758f0d33ffffff,1,wkd_late_evening,DO
AMS,Bolt,40-50 km,87196909cffffff,7,wkd_night,PU
AMS,Bolt,30-40 km,871969535ffffff,1,wkd_day,PU
AMS,Bolt,10-20 km,871969526ffffff,2,wkd_late_evening,DO
BCN,Cabify,20-30 km,873944619ffffff,6,wkd_morning,DO
BCN,Cabify,10-20 km,873944602ffffff,4,wked_night,PU
BEY,Bolt,5-10 km,872da24e1ffffff,14,wkd_day,PU
BEY,Bolt,20-30 km,872da27b1ffffff,2,wkd_morning,DO
BEY,Bolt,5-10 km,872da24e5ffffff,4,wked_night,PU
BER,Bolt,10-20 km,871f18b72ffffff,4,wkd_day,DO
OTP,Bolt,20-30 km,871eeeb45ffffff,1,wrek_late_evening,PU
CPH,Bolt,30-40 km,871f0590effffff,4,wkd_morning,DO
DUS,Bolt,5-10 km,871fa539dffffff,4,wkd_night,DO
GOT,Bolt,20-30 km,871f25a93ffffff,8,wkd_late_evening,DO
GOT,Bolt,20-30 km,871f2506dffffff,8,wkd_night,PU
HEL,Bolt,10-20 km,871126d0affffff,1,wkd_night,DO
MAD,Cabify,10-20 km,87390cb8bffffff,1,wkd_night,PU
NTE,Bolt,20-30 km,871845864ffffff,10,wkd_evening,DO
NCE,Bolt,10-20 km,873969aa1ffffff,2,wkd_late_evening,DO
OSL,Bolt,50-60 km,870999381ffffff,4,wkd_night,DO
PRG,Bolt,10-20 km,871e3541bffffff,7,wkd_night,PU
GDN,Bolt,10-20 km,871f7248affffff,3,wked_night,PU
ATH,Bolt Taxi,30-40 km,871eda75cffffff,6,wkd_night,PU
ATH,Bolt Taxi,30-40 km,871eda75cffffff,8,wked_day,PU
RUH,Bolt,50-60 km,875355da0ffffff,3,wkd_night,DO
JED,Bolt,20-30 km,8753a950cffffff,4,wked_morning,DO
AMS,Bolt,20-30 km,871969523ffffff,3,wrek_late_evening,PU
CLJ,Bolt,5-10 km,871e0b38effffff,1,wkd_late_evening,PU
KTW,Bolt,40-50 km,871e232dcffffff,2,wrek_late_evening,DO
DXB,Bolt,5-10 km,8743accb5ffffff,3,wkd_morning,DO
BCN,Cabify,10-20 km,873944632ffffff,2,wkd_evening,DO
CPH,Bolt,5-10 km,871f05831ffffff,1,wked_night,DO
ZRH,Bolt,10-20 km,871f8ed9effffff,3,wked_day,PU
BHX,Bolt,0-5 km,87195c333ffffff,2,wkd_night,DO
ZRH,Bolt,5-10 km,871f8edb1ffffff,3,wkd_late_evening,DO
MAN,Bolt,0-5 km,871951b5bffffff,2,wkd_night,DO
BCN,Cabify,10-20 km,873944603ffffff,5,wrek_evening,PU
TLS,Bolt,10-20 km,87396011bffffff,5,wked_day,DO
BOD,Bolt,10-20 km,87184dd64ffffff,6,wkd_morning,PU
OTP,Bolt,20-30 km,871eec6b5ffffff,4,wkd_night,DO
CPH,Bolt,10-20 km,871f05831ffffff,11,wkd_morning,PU
CPH,Bolt,10-20 km,871f05832ffffff,7,wkd_night,PU
KRK,Bolt,10-20 km,871e2e6b0ffffff,12,wkd_day,PU
LYS,Bolt,30-40 km,871f90209ffffff,5,wked_morning,PU
MAD,Cabify,10-20 km,87390cb1bffffff,14,wkd_late_evening,DO
MRS,Bolt,5-10 km,8739688f0ffffff,2,wrek_late_evening,PU
CDG,Bolt,30-40 km,871fb0905ffffff,2,wkd_night,DO
CDG,Bolt,40-50 km,871fb0962ffffff,14,wked_morning,PU
SVQ,Cabify,5-10 km,87391c708ffffff,99,wkd_morning,DO
SVQ,Cabify,5-10 km,87391c756ffffff,4,wkd_morning,PU
TLS,Bolt,10-20 km,87396018dffffff,3,wkd_night,DO
VLC,Cabify,20-30 km,87395401bffffff,3,wkd_late_evening,DO
VIE,Bolt,20-30 km,871e15b75ffffff,4,wkd_late_evening,DO
DXB,Bolt,10-20 km,8743a1369ffffff,4,wkd_night,DO
DXB,Bolt,5-10 km,8743a1368ffffff,2,wkd_late_evening,PU
DUR,BoltEco,40-50 km,87bcf5903ffffff,1,wkd_morning,DO
GOT,Bolt,10-20 km,871f25315ffffff,2,wkd_morning,DO
LIS,Bolt,5-10 km,87393362bffffff,7,wkd_morning,PU
LIS,Bolt,10-20 km,87393362bffffff,1,wked_day,PU
MAD,Cabify,20-30 km,87390ca32ffffff,13,wkd_morning,DO
MLA,Bolt,10-20 km,873f30450ffffff,1,wrek_evening,PU
GDN,Bolt,10-20 km,871f7249affffff,4,wkd_day,DO
ATH,Bolt Taxi,20-30 km,871eda74cffffff,4,wked_night,DO
JED,Bolt,20-30 km,8753a9c1cffffff,5,wkd_night,PU
AMS,Bolt,20-30 km,871969494ffffff,3,wkd_day,PU
MAD,Cabify,5-10 km,87390cb8bffffff,1,wkd_morning,PU
MPL,Bolt,40-50 km,87396c589ffffff,1,wkd_late_evening,DO
MUC,Bolt,0-5 km,871f8d54bffffff,1,wkd_morning,DO
MUC,Bolt,40-50 km,871f8d7acffffff,1,wked_morning,DO
JNB,BoltEco,20-30 km,87bcc35a9ffffff,1,wkd_evening,PU
BEY,Bolt,0-5 km,872da24c6ffffff,1,wked_morning,PU
HEL,Bolt,10-20 km,8708996d6ffffff,1,wkd_morning,DO
KRK,Bolt,10-20 km,871e2e6b4ffffff,1,wked_night,PU
OSL,Bolt,5-10 km,870999284ffffff,1,wkd_morning,PU
DXB,Bolt,50-60 km,8743a1329ffffff,1,wrek_evening,PU
MAN,Bolt,10-20 km,871951b2dffffff,3,wkd_late_evening,PU
ZRH,Bolt,10-20 km,871f8ed18ffffff,2,wrek_late_evening,PU
BHX,Bolt,5-10 km,87195c049ffffff,2,wkd_day,DO
ZRH,Bolt,20-30 km,871f83365ffffff,1,wkd_day,DO
BER,Bolt,0-5 km,871f18b26ffffff,1,wked_morning,DO
MUC,Bolt,30-40 km,871f8d44affffff,12,wked_morning,DO
PRG,Bolt,10-20 km,871e3541effffff,5,wrek_late_evening,DO
ARN,Bolt,50-60 km,870886632ffffff,4,wked_day,PU
VNO,Bolt,5-10 km,871f40308ffffff,5,wrek_evening,DO
WAW,Bolt,5-10 km,871f52261ffffff,116,wkd_night,DO
FAO,Bolt,5-10 km,87391158effffff,10,wked_day,DO
BER,Bolt,30-40 km,871f1d488ffffff,1,wkd_day,DO
BER,Bolt,20-30 km,871f1d48bffffff,2,wrek_late_evening,DO
BOD,Bolt,10-20 km,87186b6cbffffff,4,wkd_late_evening,PU
CPH,Bolt,30-40 km,871f0590effffff,3,wkd_night,DO
FRA,Bolt,20-30 km,871faeb81ffffff,4,wrek_late_evening,DO
HEL,Bolt,20-30 km,870899698ffffff,6,wkd_morning,DO
HEL,Bolt,0-5 km,871126d33ffffff,1,wked_day,DO
LIL,Bolt,10-20 km,87194d29cffffff,1,wkd_late_evening,PU
LIS,Bolt,40-50 km,873915d2effffff,4,wkd_day,PU
LIS,Bolt,20-30 km,87393361cffffff,3,wkd_evening,PU
LIS,Bolt,10-20 km,87393361dffffff,3,wked_day,PU
LYS,Bolt,10-20 km,871f9024affffff,4,wkd_late_evening,PU
LYS,Bolt,40-50 km,871f9035effffff,3,wkd_day,DO
AGP,Bolt,10-20 km,873919585ffffff,2,wked_morning,PU
OSL,Bolt,50-60 km,870999382ffffff,4,wkd_evening,DO
CDG,Bolt,40-50 km,871fb4674ffffff,18,wkd_morning,PU
PRG,Bolt,0-5 km,871e35418ffffff,1,wked_day,PU
ARN,Bolt,40-50 km,8708866e4ffffff,4,wkd_late_evening,PU
ARN,Bolt,40-50 km,87088661dffffff,15,wkd_night,DO
TLS,Bolt,5-10 km,8739601aeffffff,4,wkd_evening,DO
GDN,Bolt,10-20 km,871f724aeffffff,11,wkd_late_evening,PU
VLC,Cabify,10-20 km,873954033ffffff,1,wkd_evening,PU
VLC,Cabify,5-10 km,8739540acffffff,1,wkd_evening,PU
VLC,Cabify,10-20 km,8739540b1ffffff,2,wrek_evening,PU
VNO,Bolt,10-20 km,871f4032bffffff,5,wkd_night,PU
DUR,BoltEco,0-5 km,87bcf5d03ffffff,1,wkd_day,PU
DUR,BoltEco,0-5 km,87bc1b6edffffff,1,wked_day,PU
ATH,Bolt Taxi,30-40 km,871eda74cffffff,4,wked_morning,DO
NBO,Bolt Basic,5-10 km,877a6e50effffff,4,wked_morning,DO
JED,Bolt,20-30 km,8753a9556ffffff,2,wkd_evening,DO
HEL,Bolt,5-10 km,8708996b0ffffff,1,wked_day,DO
NCE,Bolt,10-20 km,873969a0effffff,2,wkd_night,DO
NCE,Bolt,30-40 km,873969a94ffffff,1,wkd_morning,DO
SVQ,Cabify,10-20 km,87391c750ffffff,1,wkd_late_evening,DO
KTW,Bolt,40-50 km,871e232dcffffff,13,wkd_night,DO
TLS,Bolt,5-10 km,873960c59ffffff,3,wkd_day,DO
TLS,Bolt,10-20 km,87396018effffff,2,wkd_morning,DO
DUR,BoltEco,20-30 km,87bcf5d1cffffff,3,wkd_day,PU
AMS,Bolt,10-20 km,87196952effffff,2,wkd_morning,DO
DXB,Bolt,10-20 km,8743a136effffff,2,wkd_evening,PU
RUH,Bolt,5-10 km,8753736d1ffffff,1,wked_night,DO
BCN,Cabify,10-20 km,873944619ffffff,1,wrek_late_evening,PU
KRK,Bolt,0-5 km,871e2e6b1ffffff,1,wkd_late_evening,PU
CDG,Bolt,40-50 km,871fb4674ffffff,4,wkd_night,DO
SXB,Bolt,10-20 km,871f85603ffffff,2,wrek_evening,DO
CAI,Didi FLEX,10-20 km,873e62873ffffff,1,wkd_night,DO
ZRH,Bolt,10-20 km,871f8ed94ffffff,7,wrek_late_evening,PU
BHX,Bolt,10-20 km,87195cad1ffffff,2,wked_night,DO
ZRH,Bolt,5-10 km,871f8eda6ffffff,4,wkd_night,DO
ZRH,Bolt,20-30 km,871f8edb2ffffff,2,wkd_morning,PU
BHX,Bolt,10-20 km,87195c002ffffff,2,wkd_day,DO
BHX,Bolt,10-20 km,87195c059ffffff,1,wkd_day,PU
KRK,Bolt,20-30 km,871e2e6b1ffffff,20,wked_day,DO
LIS,Bolt,40-50 km,8739330f4ffffff,2,wked_morning,DO
LIS,Bolt,5-10 km,87393362bffffff,7,wked_day,DO
CDG,Bolt,30-40 km,871fb4674ffffff,93,wkd_late_evening,PU
WAW,Bolt,5-10 km,871f52261ffffff,48,wked_day,DO
DXB,Bolt,5-10 km,8743a136affffff,4,wked_night,PU
DXB,Bolt,5-10 km,8743a1363ffffff,2,wked_night,DO
NBO,Bolt Basic,20-30 km,877a6e42bffffff,3,wkd_night,DO
FAO,Bolt,50-60 km,87391031bffffff,2,wkd_day,DO
OTP,Bolt,0-5 km,871eec7b4ffffff,2,wkd_day,DO
OTP,Bolt,5-10 km,871eec4e9ffffff,5,wkd_late_evening,DO
DUS,Bolt,5-10 km,871fa52b6ffffff,4,wkd_day,DO
DUS,Bolt,10-20 km,871fa5748ffffff,2,wkd_night,PU
FRA,Bolt,10-20 km,871faeaf5ffffff,4,wkd_morning,DO
GOT,Bolt,40-50 km,871f25a14ffffff,4,wkd_day,DO
HEL,Bolt,20-30 km,870899698ffffff,5,wkd_day,DO
HEL,Bolt,20-30 km,87089969cffffff,4,wrek_evening,DO
KRK,Bolt,5-10 km,871e2e6b1ffffff,1,wkd_evening,DO
KRK,Bolt,5-10 km,871e05b69ffffff,5,wkd_night,DO
MAD,Cabify,0-5 km,87390cb53ffffff,23,wkd_day,PU
CDG,Bolt,40-50 km,871fb0962ffffff,1,wkd_night,DO
PRG,Bolt,10-20 km,871e354adffffff,5,wkd_day,DO
SVQ,Cabify,20-30 km,87391c70affffff,3,wkd_evening,DO
SVQ,Cabify,5-10 km,87391c70affffff,4,wked_day,DO
ARN,Bolt,40-50 km,87088661affffff,3,wkd_day,DO
TLS,Bolt,10-20 km,873960180ffffff,4,wkd_day,DO
VLC,Cabify,10-20 km,873954013ffffff,3,wkd_morning,PU
VIE,Bolt,10-20 km,871e15b40ffffff,4,wked_night,DO
VIE,Bolt,10-20 km,871e15b71ffffff,4,wked_day,PU
DXB,Bolt,10-20 km,8743a136dffffff,3,wked_morning,PU
DUR,BoltEco,40-50 km,87bc1b283ffffff,2,wkd_morning,DO
DUR,BoltEco,20-30 km,87bc1b65dffffff,4,wkd_day,DO
DUR,BoltEco,10-20 km,87bc1b6e8ffffff,1,wkd_night,DO
ATH,Bolt Taxi,30-40 km,871eda75cffffff,18,wkd_morning,DO
JED,Bolt,5-10 km,8753a9cd9ffffff,2,wkd_late_evening,DO
FAO,Bolt,10-20 km,873911588ffffff,2,wkd_late_evening,DO
BCN,Cabify,10-20 km,8739446a4ffffff,3,wked_night,PU
BCN,Cabify,10-20 km,87394460effffff,3,wked_night,DO
CPH,Bolt,10-20 km,871f05835ffffff,3,wked_night,DO
NTE,Bolt,20-30 km,871845845ffffff,2,wkd_evening,DO
NCE,Bolt,5-10 km,873969a03ffffff,2,wked_morning,DO
CDG,Bolt,40-50 km,871fb4670ffffff,8,wkd_late_evening,PU
SVQ,Cabify,5-10 km,87391c70bffffff,1,wkd_late_evening,DO
ARN,Bolt,50-60 km,8708866a9ffffff,2,wkd_night,DO
SXB,Bolt,5-10 km,871f85602ffffff,1,wkd_late_evening,PU
ATH,Bolt Taxi,50-60 km,871eda752ffffff,5,wkd_day,PU
ATH,Bolt Taxi,30-40 km,871eda75affffff,2,wked_night,DO
RUH,Bolt,40-50 km,875354a6cffffff,1,wkd_night,DO
CPH,Bolt,20-30 km,871f0599dffffff,1,wkd_night,DO
DUS,Bolt,5-10 km,871fa5769ffffff,3,wkd_day,PU
VIE,Bolt,30-40 km,871e15b71ffffff,1,wkd_day,PU
DXB,Bolt,0-5 km,8743a1368ffffff,1,wked_night,PU
DXB,Bolt,20-30 km,8743a136bffffff,1,wrek_evening,DO
ATH,Bolt Taxi,40-50 km,871eda75affffff,1,wked_morning,DO
CAI,Didi FLEX,40-50 km,873e604dbffffff,1,wkd_night,DO
AMS,Bolt,40-50 km,87196919cffffff,1,wkd_morning,PU
KTW,Bolt,40-50 km,871e232dcffffff,1,wked_day,DO
JNB,BoltEco,5-10 km,87bcc224affffff,1,wkd_day,PU
BOD,Bolt,10-20 km,87186b6c3ffffff,2,wrek_late_evening,DO
MAD,Cabify,20-30 km,87390ca36ffffff,21,wked_day,DO
DXB,Bolt,20-30 km,8743a136affffff,1,wked_night,DO
NBO,Bolt Basic,10-20 km,877a6e505ffffff,2,wrek_evening,DO
FAO,Bolt,5-10 km,87391158effffff,4,wked_night,PU
AMS,Bolt,10-20 km,871969522ffffff,9,wkd_morning,DO
BER,Bolt,0-5 km,871f18b0affffff,2,wked_night,PU
BER,Bolt,20-30 km,871f1d49dffffff,3,wked_night,DO
OTP,Bolt,10-20 km,871eeeb4cffffff,5,wkd_day,DO
CPH,Bolt,10-20 km,871f05832ffffff,4,wkd_late_evening,DO
DUS,Bolt,10-20 km,871fa52b2ffffff,3,wkd_night,DO
GOT,Bolt,20-30 km,871f25a8effffff,2,wkd_morning,PU
MRS,Bolt,30-40 km,873968028ffffff,4,wkd_evening,DO
NCE,Bolt,5-10 km,873969a08ffffff,27,wkd_morning,DO
RTM,Bolt,20-30 km,87196b85dffffff,4,wkd_day,PU
SVQ,Cabify,0-5 km,87391c70affffff,2,wkd_late_evening,DO
ARN,Bolt,60-70 km,870880d5effffff,4,wkd_day,PU
VLC,Cabify,10-20 km,87395401effffff,1,wkd_evening,PU
VLC,Cabify,10-20 km,8739540a9ffffff,8,wkd_late_evening,PU
VIE,Bolt,10-20 km,871e15b44ffffff,70,wkd_day,DO
VIE,Bolt,10-20 km,871e15b58ffffff,3,wkd_evening,DO
DXB,Bolt,10-20 km,8743a136affffff,6,wkd_day,PU
DXB,Bolt,10-20 km,8743acd9dffffff,3,wked_morning,PU
DUR,BoltEco,30-40 km,87bcf5934ffffff,5,wkd_night,DO
ATH,Bolt Taxi,20-30 km,871eda743ffffff,4,wkd_day,DO
RUH,Bolt,20-30 km,8753736a8ffffff,3,wkd_night,DO
FAO,Bolt,40-50 km,87391020effffff,2,wkd_late_evening,PU
DBV,Bolt,10-20 km,871e8db4bffffff,3,wkd_evening,DO
MUC,Bolt,30-40 km,871f8d471ffffff,4,wkd_day,PU
ARN,Bolt,30-40 km,870886620ffffff,3,wkd_day,PU
VLC,Cabify,10-20 km,8739540acffffff,4,wkd_night,DO
FAO,Bolt,40-50 km,873910229ffffff,1,wked_day,DO
CGN,Bolt,10-20 km,871fa1999ffffff,1,wkd_night,PU
LIS,Bolt,10-20 km,87393362bffffff,1,wked_night,PU
TLS,Bolt,0-5 km,873960181ffffff,2,wkd_evening,DO
GDN,Bolt,20-30 km,871f7249effffff,1,wkd_night,PU
LIS,Bolt,5-10 km,87393362dffffff,1,wkd_late_evening,DO
SXB,Bolt,10-20 km,871f85600ffffff,1,wked_morning,DO
EDI,Bolt,5-10 km,871972761ffffff,3,wkd_evening,PU
ZRH,Bolt,10-20 km,871f83aeeffffff,3,wked_night,PU
ZRH,Bolt,10-20 km,871f8edb2ffffff,2,wkd_morning,DO
BRS,Bolt,10-20 km,871958765ffffff,2,wkd_evening,PU
BCN,Cabify,10-20 km,873944603ffffff,8,wrek_evening,DO
HEL,Bolt,20-30 km,871126d30ffffff,1,wrek_evening,DO
AGP,Cabify,10-20 km,873919585ffffff,10,wked_night,PU
MPL,Bolt,40-50 km,87396e830ffffff,4,wked_day,PU
AMS,Bolt,10-20 km,871969504ffffff,9,wkd_evening,PU
BCN,Cabify,20-30 km,87394460cffffff,3,wkd_day,DO
BCN,Cabify,10-20 km,87394461cffffff,3,wkd_morning,PU
BEY,Bolt,5-10 km,872da24e1ffffff,7,wkd_late_evening,PU
CGN,Bolt,20-30 km,871fa1136ffffff,2,wkd_day,PU
DOH,TaxiF Eco+,20-30 km,87536bc20ffffff,2,wkd_morning,DO
FRA,Bolt,20-30 km,871faea18ffffff,4,wkd_day,DO
GOT,Bolt,50-60 km,871f2574dffffff,3,wkd_morning,DO
GOT,Bolt,20-30 km,871f25a90ffffff,6,wked_day,DO
KRK,Bolt,20-30 km,871e2e6b0ffffff,1,wrek_evening,PU
LIS,Bolt,40-50 km,873915d6dffffff,3,wkd_evening,PU
MRS,Bolt,20-30 km,87396802dffffff,4,wkd_day,DO
MRS,Bolt,40-50 km,87396815bffffff,3,wkd_evening,DO
MUC,Bolt,30-40 km,871f8d716ffffff,5,wkd_evening,DO
NCE,Bolt,20-30 km,873969a41ffffff,2,wked_morning,PU
OSL,Bolt,0-5 km,870999386ffffff,2,wked_morning,DO
PRG,Bolt,10-20 km,871e35418ffffff,67,wkd_evening,PU
SVQ,Cabify,10-20 km,87391c70affffff,1,wked_night,PU
ARN,Bolt,40-50 km,870886606ffffff,4,wkd_morning,DO
TLS,Bolt,20-30 km,87396018bffffff,3,wkd_evening,PU
TLS,Bolt,10-20 km,873960185ffffff,4,wkd_morning,PU
VLC,Cabify,10-20 km,8739540f4ffffff,2,wkd_evening,PU
VNO,Bolt,10-20 km,871f4032bffffff,3,wkd_evening,DO
WRO,Bolt,20-30 km,871e20408ffffff,10,wkd_day,DO
DXB,Bolt,5-10 km,8743acd9bffffff,2,wkd_late_evening,PU
NBO,Bolt Basic,0-5 km,877a6e55affffff,2,wked_morning,DO
NBO,Bolt Basic,20-30 km,877a6e406ffffff,5,wked_day,PU
DOH,TaxiF Eco+,20-30 km,87536bc00ffffff,3,wrek_evening,DO
LIS,Bolt,20-30 km,873933634ffffff,2,wkd_late_evening,PU
WRO,Bolt,20-30 km,871e2040bffffff,2,wkd_day,DO
CPH,Bolt,20-30 km,871f05985ffffff,1,wkd_day,DO
CPH,Bolt,0-5 km,871f05831ffffff,1,wkd_morning,DO
NTE,Bolt,0-5 km,871845841ffffff,2,wrek_evening,DO
NCE,Bolt,20-30 km,873969a86ffffff,1,wked_night,DO
GDN,Bolt,30-40 km,871f72589ffffff,1,wkd_late_evening,PU
JED,Bolt,10-20 km,8753a9cc5ffffff,1,wkd_late_evening,DO
BEY,Bolt,5-10 km,872da24c1ffffff,1,wrek_late_evening,DO
LYS,Bolt,10-20 km,871f9024bffffff,1,wked_day,DO
PLZ,BoltEco,5-10 km,87bc7385cffffff,1,wkd_day,PU
BRS,Bolt,10-20 km,871958392ffffff,4,wkd_morning,DO
LHR,Bolt,10-20 km,87195daf6ffffff,2,wkd_morning,PU
LCY,Bolt,10-20 km,87194ad14ffffff,2,wkd_late_evening,DO
ZRH,Bolt,10-20 km,871f8ed82ffffff,3,wkd_day,DO
ZRH,Bolt,20-30 km,871f83a0affffff,3,wkd_night,DO
BRS,Bolt,60-70 km,871958851ffffff,1,wked_day,DO
LHR,Bolt,0-5 km,87195d36effffff,1,wked_night,DO
NCL,Bolt,5-10 km,87197322cffffff,2,wkd_morning,PU
BER,Bolt,0-5 km,871f18a20ffffff,3,wrek_late_evening,DO
DOH,TaxiF Eco+,10-20 km,87536bc19ffffff,14,wkd_day,DO
TLS,Bolt,5-10 km,8739601a2ffffff,6,wrek_late_evening,PU
WRO,Bolt,10-20 km,871e20408ffffff,10,wrek_late_evening,DO
DXB,Bolt,0-5 km,8743a1368ffffff,2,wked_night,DO
ABV,Bolt,40-50 km,8758f46d2ffffff,6,wkd_night,DO
FAO,Bolt,20-30 km,8739102edffffff,3,wkd_day,DO
AMS,Bolt,10-20 km,871969535ffffff,13,wkd_evening,PU
AMS,Bolt,20-30 km,871969536ffffff,2,wrek_evening,PU
BEY,Bolt,5-10 km,872da24eeffffff,9,wkd_night,PU
BEY,Bolt,5-10 km,872da24e5ffffff,3,wked_day,DO
BOD,Bolt,10-20 km,87184dd64ffffff,3,wked_morning,DO
CPH,Bolt,10-20 km,871f05806ffffff,4,wrek_evening,PU
FRA,Bolt,20-30 km,871faeaa9ffffff,4,wkd_morning,DO
GOT,Bolt,30-40 km,871f25a93ffffff,4,wkd_evening,DO
HEL,Bolt,20-30 km,871126d33ffffff,4,wked_night,DO
LIS,Bolt,40-50 km,8739330f4ffffff,4,wkd_day,DO
LYS,Bolt,10-20 km,871f90242ffffff,3,wkd_morning,DO
MUC,Bolt,30-40 km,871f8d732ffffff,1,wked_morning,DO
NCE,Bolt,10-20 km,873969a0cffffff,21,wkd_morning,DO
NCE,Bolt,20-30 km,873969ab2ffffff,3,wked_morning,PU
ORY,Bolt,40-50 km,871fb0962ffffff,28,wkd_day,PU
PRG,Bolt,30-40 km,871e354e6ffffff,4,wkd_late_evening,PU
RTM,Bolt,5-10 km,87196bb0affffff,5,wkd_morning,PU
SVQ,Cabify,10-20 km,87391c70effffff,8,wkd_late_evening,PU
ARN,Bolt,10-20 km,8708862b3ffffff,4,wkd_day,DO
GDN,Bolt,10-20 km,871f09b20ffffff,16,wkd_evening,PU
GDN,Bolt,5-10 km,871f7249dffffff,4,wkd_morning,DO
VLC,Cabify,10-20 km,8739540adffffff,4,wked_day,PU
WRO,Bolt,10-20 km,871e2040cffffff,4,wkd_day,PU
DXB,Bolt,10-20 km,8743a136effffff,17,wkd_late_evening,PU
ATH,Bolt Taxi,10-20 km,873f74925ffffff,6,wkd_late_evening,DO
NBO,Bolt Basic,20-30 km,877a6e55affffff,5,wkd_morning,DO
RUH,Bolt,40-50 km,875355d34ffffff,3,wkd_day,DO
JED,Bolt,10-20 km,8753a9cf0ffffff,2,wkd_night,DO
JED,Bolt,20-30 km,8753a9572ffffff,6,wkd_day,DO
JED,Bolt,20-30 km,8753a952bffffff,3,wked_morning,DO
FAO,Bolt,0-5 km,873911580ffffff,2,wked_night,DO
BEY,Bolt,0-5 km,872da24c6ffffff,1,wkd_day,PU
DBV,Bolt,20-30 km,871e8db46ffffff,17,wkd_morning,DO
DBV,Bolt,20-30 km,871e8db46ffffff,14,wkd_day,DO
DBV,Bolt,20-30 km,871e8db46ffffff,2,wkd_late_evening,PU
DBV,Bolt,20-30 km,871e8db40ffffff,3,wkd_morning,PU
FRA,Bolt,20-30 km,871fae8daffffff,1,wkd_day,PU
HEL,Bolt,5-10 km,871126d33ffffff,1,wkd_night,PU
LIS,Bolt,20-30 km,873933611ffffff,2,wkd_late_evening,PU
OSL,Bolt,50-60 km,870999386ffffff,3,wkd_morning,PU
CDG,Bolt,40-50 km,871fb0942ffffff,2,wkd_night,PU
CPH,Bolt,0-5 km,871f05826ffffff,1,wkd_morning,DO
VNO,Bolt,5-10 km,871f4030effffff,1,wkd_day,PU
DXB,Bolt,40-50 km,8743a1315ffffff,1,wrek_evening,PU
ATH,Bolt Taxi,30-40 km,873f74925ffffff,1,wkd_night,DO
ABV,Bolt,40-50 km,8758f0d25ffffff,1,wkd_morning,PU
BCN,Cabify,30-40 km,873944603ffffff,1,wkd_late_evening,PU
MPL,Bolt,20-30 km,87396c590ffffff,1,wked_morning,DO
ARN,Bolt,0-5 km,87088661dffffff,1,wrek_evening,PU
JED,Bolt,20-30 km,8753a9572ffffff,1,wrek_evening,DO
JED,Bolt,5-10 km,8753a9cdaffffff,1,wkd_day,PU
MAN,Bolt,10-20 km,871951b71ffffff,2,wkd_evening,DO
SOU,Bolt,0-5 km,871959172ffffff,4,wkd_morning,DO
ZRH,Bolt,5-10 km,871f8ed84ffffff,4,wkd_evening,PU
SOU,Bolt,10-20 km,871959142ffffff,2,wkd_night,DO
LHR,Bolt,5-10 km,87195daddffffff,1,wkd_morning,PU
FAO,Bolt,50-60 km,8739103a9ffffff,3,wrek_evening,DO
LYS,Bolt,20-30 km,871f902e8ffffff,5,wked_morning,DO
LYS,Bolt,20-30 km,871f90256ffffff,7,wked_day,DO
MPL,Bolt,10-20 km,87396c593ffffff,6,wked_day,PU
OSL,Bolt,40-50 km,870999382ffffff,6,wkd_late_evening,PU
VIE,Bolt,20-30 km,871e15b44ffffff,1,wked_day,DO
JED,Bolt,30-40 km,8753a9556ffffff,3,wkd_night,DO
BER,Bolt,20-30 km,871f1d4f0ffffff,3,wked_night,DO
OTP,Bolt,5-10 km,871eec790ffffff,11,wkd_evening,DO
DUS,Bolt,5-10 km,871fa5769ffffff,5,wkd_late_evening,PU
GOT,Bolt,20-30 km,871f25a9cffffff,4,wked_morning,DO
HEL,Bolt,5-10 km,8708996deffffff,1,wkd_morning,DO
LYS,Bolt,0-5 km,871f915a0ffffff,3,wkd_late_evening,DO
LYS,Bolt,20-30 km,871f90250ffffff,4,wked_morning,DO
MRS,Bolt,10-20 km,873968172ffffff,1,wked_morning,PU
MPL,Bolt,5-10 km,87396e96dffffff,10,wkd_evening,PU
MUC,Bolt,30-40 km,871f8d7a5ffffff,4,wkd_late_evening,PU
NCE,Bolt,0-5 km,873969a1cffffff,9,wkd_night,PU
TLS,Bolt,10-20 km,8739601a3ffffff,4,wkd_morning,PU
TLS,Bolt,10-20 km,873960c43ffffff,4,wkd_late_evening,PU
TLS,Bolt,10-20 km,8739601aaffffff,12,wkd_evening,PU
TLS,Bolt,5-10 km,8739601acffffff,8,wked_night,DO
DXB,Bolt,10-20 km,8743a136bffffff,8,wkd_night,PU
DXB,Bolt,20-30 km,8743accaeffffff,1,wkd_late_evening,PU
ATH,Bolt Taxi,30-40 km,871eda75cffffff,39,wkd_day,PU
RUH,Bolt,20-30 km,875354b6bffffff,3,wkd_night,DO
RUH,Bolt,20-30 km,8753736b0ffffff,4,wrek_late_evening,DO
JED,Bolt,10-20 km,8753a9570ffffff,3,wked_night,DO
ABV,Bolt,40-50 km,8758f0d2cffffff,2,wked_night,DO
AMS,Bolt,10-20 km,871969531ffffff,3,wkd_evening,DO
AMS,Bolt,10-20 km,871969534ffffff,2,wkd_night,DO
AMS,Bolt,10-20 km,871969582ffffff,2,wkd_day,PU
CPH,Bolt,50-60 km,871f232a4ffffff,3,wkd_morning,DO
CPH,Bolt,5-10 km,871f05804ffffff,3,wked_night,DO
GOT,Bolt,20-30 km,871f25336ffffff,2,wkd_evening,DO
LIS,Bolt,10-20 km,87393362affffff,2,wkd_morning,PU
MAD,Cabify,40-50 km,87390ca84ffffff,4,wkd_day,PU
CDG,Bolt,20-30 km,871fb4644ffffff,5,wkd_night,PU
PRG,Bolt,30-40 km,871e354f5ffffff,3,wkd_morning,PU
VIE,Bolt,10-20 km,871e15b46ffffff,6,wrek_late_evening,DO
DUR,BoltEco,5-10 km,87bc1b293ffffff,1,wked_day,DO
HEL,Bolt,10-20 km,871126d23ffffff,2,wkd_late_evening,PU
VIE,Bolt,20-30 km,871e15b54ffffff,1,wked_night,DO
FAO,Bolt,0-5 km,87391025affffff,1,wrek_late_evening,PU
GOT,Bolt,20-30 km,871f25a93ffffff,1,wkd_night,DO
MUC,Bolt,40-50 km,871f8d456ffffff,1,wkd_late_evening,DO
GDN,Bolt,10-20 km,871f72488ffffff,1,wkd_late_evening,DO
VNO,Bolt,10-20 km,871f40376ffffff,1,wkd_late_evening,PU
EDI,Bolt,5-10 km,871972765ffffff,2,wrek_evening,DO
ZRH,Bolt,5-10 km,871f8eda6ffffff,4,wkd_morning,PU
BHX,Bolt,5-10 km,87195c323ffffff,1,wked_day,DO
BCN,Cabify,20-30 km,873944603ffffff,2,wked_day,DO
BER,Bolt,0-5 km,871f18a25ffffff,2,wrek_late_evening,DO
PRG,Bolt,10-20 km,871e35418ffffff,16,wkd_night,DO
WAW,Bolt,5-10 km,871f53c93ffffff,48,wked_day,DO
JED,Bolt,5-10 km,8753a9cc3ffffff,4,wkd_morning,PU
JED,Bolt,5-10 km,8753a9cdaffffff,2,wkd_morning,PU
FAO,Bolt,5-10 km,873911583ffffff,4,wked_day,PU
BER,Bolt,20-30 km,871f1d4f3ffffff,3,wkd_late_evening,PU
BOD,Bolt,10-20 km,87186b6ccffffff,3,wked_day,DO
CPH,Bolt,10-20 km,871f0590effffff,1,wkd_morning,DO
CPH,Bolt,30-40 km,871f236ebffffff,4,wkd_evening,DO
GOT,Bolt,20-30 km,871f25a9effffff,4,wkd_night,DO
KRK,Bolt,10-20 km,871e2e6b3ffffff,10,wkd_morning,DO
LIS,Bolt,10-20 km,87393362affffff,11,wkd_day,PU
NTE,Bolt,10-20 km,871845869ffffff,4,wkd_late_evening,DO
NTE,Bolt,10-20 km,871845bb3ffffff,1,wrek_late_evening,PU
NCE,Bolt,10-20 km,873969a08ffffff,1,wkd_day,PU
OSL,Bolt,50-60 km,870999765ffffff,2,wkd_night,PU
CDG,Bolt,30-40 km,871fb4644ffffff,9,wkd_evening,PU
RTM,Bolt,10-20 km,87196bb56ffffff,4,wkd_late_evening,DO
ARN,Bolt,30-40 km,87088662bffffff,4,wkd_night,PU
VLC,Cabify,10-20 km,873954013ffffff,6,wkd_night,DO
VIE,Bolt,20-30 km,871e15b50ffffff,4,wkd_late_evening,PU
VIE,Bolt,10-20 km,871e15b55ffffff,3,wked_day,DO
VNO,Bolt,10-20 km,871f40321ffffff,5,wkd_evening,PU
ATH,Bolt Taxi,10-20 km,871eda74cffffff,1,wked_day,DO
BER,Bolt,20-30 km,871f1d48bffffff,7,wkd_night,DO
VLC,Cabify,5-10 km,8739540adffffff,3,wkd_morning,PU
DXB,Bolt,0-5 km,8743a1301ffffff,1,wkd_morning,PU
DUR,BoltEco,10-20 km,87bc1b6eeffffff,1,wkd_morning,DO
PLZ,BoltEco,5-10 km,87bc73842ffffff,2,wkd_day,PU
AMS,Bolt,40-50 km,87196909cffffff,3,wkd_late_evening,PU
AMS,Bolt,0-5 km,871969c9bffffff,1,wkd_day,DO
HEL,Bolt,10-20 km,870899682ffffff,1,wkd_night,DO
LYS,Bolt,20-30 km,871f90254ffffff,1,wkd_night,PU
SVQ,Cabify,10-20 km,87391c754ffffff,1,wkd_late_evening,DO
ARN,Bolt,10-20 km,870886601ffffff,1,wkd_evening,PU
LHR,Bolt,20-30 km,87194ac10ffffff,2,wkd_morning,PU
LCY,Bolt,20-30 km,87195da5effffff,1,wkd_evening,DO
MAD,Cabify,0-5 km,87390ca36ffffff,1,wked_night,DO
MAD,Cabify,20-30 km,87390ca36ffffff,12,wked_night,DO
AGP,Bolt,10-20 km,8739195b1ffffff,75,wkd_late_evening,PU
PRG,Bolt,10-20 km,871e3541effffff,58,wkd_late_evening,PU
SVQ,Cabify,10-20 km,87391c70affffff,9,wked_morning,PU
AMS,Bolt,10-20 km,8719695acffffff,1,wkd_late_evening,PU
BCN,Cabify,20-30 km,873944605ffffff,3,wkd_day,DO
BCN,Cabify,10-20 km,87394460effffff,5,wkd_late_evening,DO
BEY,Bolt,0-5 km,872da24c6ffffff,4,wkd_evening,PU
CPH,Bolt,0-5 km,871f05830ffffff,1,wked_night,DO
DUS,Bolt,5-10 km,871fa52b3ffffff,22,wkd_morning,DO
KRK,Bolt,20-30 km,871e2e686ffffff,10,wkd_day,DO
LIL,Bolt,5-10 km,87194d29dffffff,4,wkd_late_evening,PU
MRS,Bolt,20-30 km,87396802cffffff,4,wkd_morning,PU
NCE,Bolt,20-30 km,873969b83ffffff,3,wkd_day,PU
NCE,Bolt,5-10 km,873969a00ffffff,3,wkd_day,DO
NCE,Bolt,5-10 km,873969a08ffffff,5,wked_night,PU
NCE,Bolt,20-30 km,87396914dffffff,1,wkd_late_evening,DO
ORY,Bolt,10-20 km,871fb4670ffffff,3,wkd_late_evening,DO
CDG,Bolt,30-40 km,871fb4670ffffff,2,wkd_night,DO
ORY,Bolt,40-50 km,871fb4670ffffff,1,wrek_late_evening,PU
SVQ,Cabify,0-5 km,87391c709ffffff,4,wkd_day,DO
ARN,Bolt,30-40 km,870886628ffffff,5,wkd_night,DO
ARN,Bolt,0-5 km,87088661dffffff,1,wkd_day,PU
TLS,Bolt,10-20 km,87396018cffffff,1,wkd_late_evening,PU
GDN,Bolt,20-30 km,871f725a4ffffff,2,wkd_day,PU
VLC,Cabify,10-20 km,8739540f4ffffff,2,wked_day,DO
VIE,Bolt,10-20 km,871e15b46ffffff,12,wkd_evening,PU
VIE,Bolt,20-30 km,871e15b71ffffff,10,wkd_evening,DO
JNB,BoltEco,40-50 km,87bcc34a4ffffff,4,wkd_late_evening,PU
NBO,Bolt Basic,10-20 km,877a6e42cffffff,10,wkd_night,DO
RUH,Bolt,30-40 km,87537369bffffff,4,wkd_morning,DO
AMS,Bolt,10-20 km,871969506ffffff,2,wrek_late_evening,PU
BCN,Cabify,20-30 km,873944601ffffff,2,wkd_day,DO
FRA,Bolt,0-5 km,871faeadeffffff,1,wkd_day,PU
LYS,Bolt,10-20 km,871f90254ffffff,1,wkd_morning,DO
SXB,Bolt,0-5 km,871f85616ffffff,4,wkd_day,DO
TLS,Bolt,10-20 km,8739601a8ffffff,3,wked_morning,PU
VNO,Bolt,10-20 km,871f40308ffffff,1,wkd_night,PU
WRO,Bolt,10-20 km,871e2040dffffff,3,wked_morning,PU
ABV,Bolt,10-20 km,8758f0d2cffffff,1,wkd_morning,DO
BCN,Cabify,20-30 km,87394460affffff,1,wkd_night,DO
LIS,Bolt,0-5 km,873933676ffffff,1,wkd_late_evening,PU
LIS,Bolt,5-10 km,87393375bffffff,2,wrek_evening,DO
PRG,Bolt,0-5 km,871e35588ffffff,3,wkd_day,PU
DUR,BoltEco,5-10 km,87bc1b6ecffffff,1,wked_day,DO
DUR,BoltEco,10-20 km,87bc1b6edffffff,1,wrek_evening,PU
CPH,Bolt,10-20 km,871f05800ffffff,1,wkd_night,DO
SVQ,Cabify,0-5 km,87391c709ffffff,1,wkd_morning,DO
DXB,Bolt,10-20 km,8743a1303ffffff,1,wkd_morning,DO
ATH,Bolt Taxi,5-10 km,871eda29cffffff,1,wrek_late_evening,DO
BHX,Bolt,10-20 km,87195c3a6ffffff,4,wkd_day,DO
ZRH,Bolt,10-20 km,871f8ed94ffffff,3,wkd_evening,PU
ZRH,Bolt,20-30 km,871f8eca5ffffff,4,wkd_evening,PU
LIS,Bolt,5-10 km,87393362bffffff,8,wked_night,DO
AGP,Cabify,10-20 km,8739195b1ffffff,32,wked_night,PU
ATH,Bolt Taxi,30-40 km,871eda75cffffff,11,wrek_evening,PU
AMS,Bolt,10-20 km,871969522ffffff,9,wkd_morning,PU
AMS,Bolt,10-20 km,87196826bffffff,4,wkd_night,PU
BCN,Cabify,10-20 km,87394460cffffff,4,wkd_night,PU
BER,Bolt,20-30 km,871f18a25ffffff,1,wkd_day,PU
CPH,Bolt,0-5 km,871f05802ffffff,7,wkd_night,DO
CPH,Bolt,10-20 km,871f05806ffffff,2,wkd_morning,PU
FRA,Bolt,10-20 km,871faeab6ffffff,4,wkd_day,PU
FRA,Bolt,20-30 km,871faea04ffffff,4,wkd_morning,DO
FRA,Bolt,10-20 km,871faeaa5ffffff,4,wkd_evening,PU
GOT,Bolt,30-40 km,871f2504effffff,5,wkd_night,DO
LIS,Bolt,5-10 km,873933666ffffff,7,wkd_evening,DO
LIS,Bolt,10-20 km,87393362bffffff,10,wkd_late_evening,PU
NTE,Bolt,20-30 km,871845845ffffff,13,wkd_day,PU
NCE,Bolt,20-30 km,873969ab2ffffff,17,wkd_day,DO
PRG,Bolt,5-10 km,871e35418ffffff,1,wkd_late_evening,PU
PRG,Bolt,10-20 km,871e3541affffff,8,wkd_late_evening,DO
SVQ,Cabify,10-20 km,87391c70effffff,25,wkd_day,DO
ARN,Bolt,30-40 km,870886644ffffff,4,wkd_day,DO
VNO,Bolt,10-20 km,871f4030cffffff,11,wkd_evening,PU
VNO,Bolt,0-5 km,871f4030effffff,4,wkd_day,PU
WRO,Bolt,10-20 km,871e20408ffffff,9,wkd_evening,PU
DXB,Bolt,5-10 km,8743a136affffff,1,wkd_late_evening,PU
RUH,Bolt,40-50 km,875355d16ffffff,2,wkd_night,DO
JED,Bolt,20-30 km,8753a952effffff,6,wked_night,DO
FRA,Bolt,20-30 km,871faeaf4ffffff,2,wkd_evening,DO
NTE,Bolt,10-20 km,871845844ffffff,2,wkd_day,DO
NTE,Bolt,0-5 km,87184584affffff,1,wked_morning,DO
NCE,Bolt,0-5 km,873969a11ffffff,5,wkd_night,DO
TLS,Bolt,10-20 km,87396018cffffff,3,wkd_day,DO
VLC,Cabify,0-5 km,8739540f4ffffff,1,wkd_late_evening,PU
PLZ,BoltEco,5-10 km,87bc73849ffffff,2,wkd_late_evening,PU
ATH,Bolt Taxi,30-40 km,871eda75cffffff,1,wkd_morning,PU
NBO,Bolt Basic,30-40 km,877a6e4a5ffffff,4,wkd_night,DO
BOD,Bolt,20-30 km,87186b6c1ffffff,1,wrek_evening,PU
PRG,Bolt,20-30 km,871e3540affffff,1,wkd_late_evening,DO
ZRH,Bolt,20-30 km,871f83ae3ffffff,4,wked_day,DO
BHX,Bolt,10-20 km,87195c055ffffff,3,wkd_late_evening,DO
ZRH,Bolt,10-20 km,871f8ec32ffffff,4,wkd_morning,PU
BHX,Bolt,10-20 km,87195c05bffffff,3,wrek_evening,DO
NCL,Bolt,5-10 km,871973205ffffff,2,wkd_morning,DO
CGN,Bolt,10-20 km,871fa199bffffff,3,wrek_late_evening,PU
DOH,TaxiF Eco+,10-20 km,87536bc19ffffff,3,wkd_morning,DO
NCE,Bolt,0-5 km,873969a02ffffff,1,wrek_evening,PU
NCE,Bolt,20-30 km,873969ab4ffffff,3,wrek_late_evening,PU
PRG,Bolt,10-20 km,871e35418ffffff,51,wked_day,DO
AMS,Bolt,10-20 km,871969520ffffff,7,wkd_day,PU
AMS,Bolt,30-40 km,871969c98ffffff,1,wrek_late_evening,PU
BCN,Cabify,20-30 km,873944601ffffff,1,wrek_evening,DO
LIS,Bolt,5-10 km,87393362cffffff,6,wkd_evening,DO
MRS,Bolt,20-30 km,873968150ffffff,3,wked_morning,DO
MUC,Bolt,40-50 km,871f8d7aeffffff,4,wked_night,DO
NTE,Bolt,20-30 km,87184586cffffff,3,wkd_morning,DO
OSL,Bolt,40-50 km,87099939effffff,3,wkd_night,PU
RTM,Bolt,0-5 km,87196bb0affffff,1,wkd_day,PU
GDN,Bolt,30-40 km,871f725a6ffffff,5,wkd_night,PU
WRO,Bolt,20-30 km,871e20553ffffff,3,wkd_evening,DO
DXB,Bolt,40-50 km,8743a12e4ffffff,3,wkd_late_evening,PU
DXB,Bolt,5-10 km,8743a1368ffffff,1,wked_day,PU
DXB,Bolt,20-30 km,8743a1315ffffff,1,wrek_evening,PU
NBO,Bolt Basic,10-20 km,877a6e55effffff,4,wkd_night,DO
AMS,Bolt,5-10 km,871969534ffffff,1,wkd_morning,DO
MUC,Bolt,30-40 km,871f8d713ffffff,4,wked_morning,DO
NCE,Bolt,20-30 km,873969ab3ffffff,2,wkd_night,DO
ORY,Bolt,20-30 km,871fb4644ffffff,1,wkd_night,PU
VNO,Bolt,0-5 km,871f4030affffff,7,wkd_morning,DO
PLZ,BoltEco,0-5 km,87bc7384bffffff,1,wkd_night,DO
AMS,Bolt,10-20 km,87196ba25ffffff,1,wkd_late_evening,PU
BOD,Bolt,5-10 km,87184dd66ffffff,1,wkd_night,DO
HEL,Bolt,20-30 km,8708996a4ffffff,1,wkd_night,DO
JED,Bolt,5-10 km,8753a9cc1ffffff,1,wrek_late_evening,DO
HEL,Bolt,10-20 km,871126d00ffffff,1,wkd_day,PU
JED,Bolt,30-40 km,8753a9cacffffff,1,wkd_day,PU
LCY,Bolt,10-20 km,87194ad36ffffff,3,wkd_morning,DO
ZRH,Bolt,20-30 km,871f83ae3ffffff,4,wkd_night,DO
FAO,Bolt,20-30 km,87391025affffff,2,wrek_late_evening,PU
BCN,Cabify,20-30 km,873944601ffffff,1,wked_morning,PU
DUS,Bolt,5-10 km,871fa539affffff,18,wked_day,DO
CDG,Bolt,20-30 km,871fb4666ffffff,16,wked_morning,PU
ARN,Bolt,40-50 km,87088661dffffff,10,wrek_evening,PU
AMS,Bolt,20-30 km,871968261ffffff,6,wkd_late_evening,PU
AMS,Bolt,20-30 km,871968269ffffff,5,wkd_day,PU
AMS,Bolt,10-20 km,871968251ffffff,5,wkd_day,PU
BER,Bolt,20-30 km,871f18b24ffffff,9,wkd_morning,DO
BOD,Bolt,5-10 km,87186b6c8ffffff,1,wked_morning,DO
CPH,Bolt,10-20 km,871f05806ffffff,3,wkd_day,PU
CPH,Bolt,20-30 km,871f059b0ffffff,4,wkd_day,DO
FRA,Bolt,10-20 km,871faeaacffffff,2,wkd_morning,DO
FRA,Bolt,10-20 km,871faeaaaffffff,4,wkd_morning,DO
LOS,Bolt,20-30 km,87589c8a4ffffff,1,wkd_morning,DO
LIS,Bolt,10-20 km,87393362bffffff,2,wkd_evening,DO
AGP,Bolt,10-20 km,8739195b1ffffff,18,wkd_evening,DO
MRS,Bolt,20-30 km,873968bb5ffffff,7,wkd_day,DO
MUC,Bolt,30-40 km,871f8d45dffffff,5,wrek_evening,PU
NCE,Bolt,30-40 km,873969143ffffff,5,wkd_morning,PU
OSL,Bolt,40-50 km,87099938bffffff,4,wkd_night,DO
OSL,Bolt,30-40 km,870999280ffffff,3,wkd_day,DO
SVQ,Cabify,20-30 km,87391c71dffffff,3,wkd_morning,DO
SVQ,Cabify,10-20 km,87391c70effffff,2,wrek_evening,DO
ARN,Bolt,30-40 km,870880d9dffffff,4,wkd_day,PU
GDN,Bolt,10-20 km,871f724a3ffffff,5,wkd_late_evening,DO
VLC,Cabify,10-20 km,8739540a9ffffff,5,wkd_morning,PU
FAO,Bolt,30-40 km,87391020effffff,3,wkd_night,DO
CLJ,Bolt,10-20 km,871e0b381ffffff,2,wkd_night,PU
GOT,Bolt,5-10 km,871f25a93ffffff,2,wkd_night,DO
LIL,Bolt,10-20 km,871949936ffffff,3,wkd_late_evening,DO
LIS,Bolt,10-20 km,873933742ffffff,2,wkd_night,DO
AMS,Bolt,10-20 km,871969528ffffff,1,wkd_night,PU
HEL,Bolt,0-5 km,8708996daffffff,4,wkd_late_evening,PU
HEL,Bolt,10-20 km,871126d30ffffff,1,wrek_late_evening,DO
HEL,Bolt,5-10 km,871126d33ffffff,1,wked_day,PU
LIS,Bolt,10-20 km,87393360dffffff,1,wkd_day,PU
AGP,Bolt,30-40 km,8739195aaffffff,1,wkd_day,DO
SXB,Bolt,5-10 km,871f85602ffffff,2,wrek_late_evening,DO
SXB,Bolt,10-20 km,871f85600ffffff,2,wked_morning,PU
DUR,BoltEco,40-50 km,87bc1b293ffffff,2,wked_day,DO
ZRH,Bolt,10-20 km,871f8ed95ffffff,4,wked_night,DO
BHX,Bolt,5-10 km,87195c06bffffff,4,wked_day,DO
BCN,Cabify,30-40 km,873944772ffffff,2,wrek_late_evening,PU
MRS,Bolt,20-30 km,873968152ffffff,7,wked_morning,DO
ORY,Bolt,20-30 km,871fb4674ffffff,32,wkd_night,PU
TLS,Bolt,5-10 km,8739601a2ffffff,4,wked_morning,DO
VNO,Bolt,10-20 km,871f4030cffffff,2,wrek_late_evening,DO
ATH,Bolt Taxi,10-20 km,871eda280ffffff,5,wrek_late_evening,DO
AMS,Bolt,10-20 km,871969504ffffff,3,wkd_night,DO
BCN,Cabify,10-20 km,873944619ffffff,4,wkd_night,PU
BCN,Cabify,20-30 km,87394460affffff,3,wked_day,DO
BER,Bolt,70-80 km,871f1d4e4ffffff,3,wked_day,DO
OTP,Bolt,20-30 km,871eeeb4dffffff,2,wkd_day,DO
HEL,Bolt,10-20 km,871126d05ffffff,4,wkd_late_evening,DO
KRK,Bolt,10-20 km,871e2e6a6ffffff,4,wkd_evening,PU
MAD,Cabify,10-20 km,87390ca35ffffff,46,wkd_night,DO
NTE,Bolt,10-20 km,871845841ffffff,3,wkd_late_evening,DO
ORY,Bolt,20-30 km,871fb4666ffffff,8,wkd_night,PU
CDG,Bolt,10-20 km,871fb4670ffffff,1,wkd_morning,PU
PRG,Bolt,10-20 km,871e3541effffff,27,wkd_evening,DO
SVQ,Cabify,20-30 km,87391c604ffffff,1,wkd_morning,PU
SVQ,Cabify,10-20 km,87391c708ffffff,5,wked_night,PU
TLS,Bolt,10-20 km,8739601aaffffff,10,wkd_day,PU
VIE,Bolt,20-30 km,871e15b46ffffff,10,wkd_morning,PU
VIE,Bolt,20-30 km,871e15b72ffffff,5,wkd_late_evening,DO
DXB,Bolt,40-50 km,8743a1368ffffff,1,wkd_night,PU
DXB,Bolt,40-50 km,8743a132bffffff,2,wkd_late_evening,PU
DXB,Bolt,10-20 km,8743a136affffff,7,wrek_late_evening,PU
DXB,Bolt,10-20 km,8743a1369ffffff,2,wked_morning,PU
DUR,BoltEco,10-20 km,87bc1b6e8ffffff,9,wkd_evening,PU
BER,Bolt,20-30 km,871f1d489ffffff,1,wked_night,DO
KRK,Bolt,10-20 km,871e2e6b5ffffff,3,wkd_night,PU
MUC,Bolt,30-40 km,871f8d7a5ffffff,2,wkd_evening,DO
NCE,Bolt,10-20 km,873969a21ffffff,3,wkd_night,DO
SXB,Bolt,10-20 km,871f85600ffffff,5,wkd_morning,DO
TLS,Bolt,10-20 km,8739601a3ffffff,2,wkd_day,PU
VIE,Bolt,20-30 km,871e15b42ffffff,2,wkd_evening,DO
DWC,Bolt,60-70 km,8743a1368ffffff,1,wkd_morning,PU
AMS,Bolt,20-30 km,871969503ffffff,1,wkd_morning,DO
MRS,Bolt,20-30 km,873968bb5ffffff,1,wkd_late_evening,PU
VIE,Bolt,30-40 km,871e15b44ffffff,1,wkd_evening,DO
ATH,Bolt Taxi,5-10 km,871eda2adffffff,1,wkd_evening,PU
CLJ,Bolt,5-10 km,871e0b38cffffff,1,wked_day,DO
CDG,Bolt,40-50 km,871fb4671ffffff,1,wkd_night,PU
CDG,Bolt,20-30 km,871fb4660ffffff,1,wked_night,PU
PLZ,BoltEco,10-20 km,87bc73ba0ffffff,2,wked_morning,DO
ZRH,Bolt,10-20 km,871f8ed90ffffff,4,wked_night,DO
ZRH,Bolt,10-20 km,871f8edb2ffffff,7,wkd_day,DO
BHX,Bolt,5-10 km,87195c04bffffff,3,wked_day,DO
EMA,Bolt,0-5 km,871943491ffffff,1,wkd_day,PU
AMS,Bolt,10-20 km,87196952affffff,4,wked_morning,PU
HEL,Bolt,10-20 km,871126d26ffffff,2,wkd_late_evening,PU
MAD,Cabify,20-30 km,87390cb1bffffff,9,wrek_evening,DO
SVQ,Cabify,10-20 km,87391c708ffffff,8,wked_morning,PU
RUH,Bolt,20-30 km,8753736acffffff,4,wkd_day,PU
FAO,Bolt,0-5 km,873911580ffffff,6,wkd_morning,PU
AMS,Bolt,30-40 km,871969c9dffffff,2,wkd_late_evening,PU
BCN,Cabify,10-20 km,87394461cffffff,18,wkd_day,PU
OTP,Bolt,20-30 km,871eeeb41ffffff,3,wkd_night,PU
HEL,Bolt,0-5 km,871126d29ffffff,5,wkd_day,PU
LIS,Bolt,5-10 km,87393362dffffff,5,wrek_evening,PU
LYS,Bolt,10-20 km,871f9025affffff,22,wkd_day,PU
LYS,Bolt,30-40 km,871f9020dffffff,2,wkd_evening,DO
LYS,Bolt,10-20 km,871f9025affffff,24,wkd_morning,PU
LYS,Bolt,30-40 km,871f90276ffffff,6,wkd_day,PU
NTE,Bolt,10-20 km,87184584cffffff,2,wkd_late_evening,PU
NCE,Bolt,20-30 km,873969a94ffffff,7,wkd_late_evening,PU
OSL,Bolt,50-60 km,870999386ffffff,20,wkd_day,DO
OSL,Bolt,50-60 km,870999058ffffff,4,wkd_evening,DO
OSL,Bolt,50-60 km,8709993b1ffffff,3,wked_morning,DO
SVQ,Cabify,10-20 km,87391c70affffff,8,wkd_morning,PU
SVQ,Cabify,10-20 km,87391c70affffff,2,wkd_night,DO
GDN,Bolt,10-20 km,871f72488ffffff,2,wkd_morning,DO
VIE,Bolt,20-30 km,871e15b5effffff,4,wkd_night,DO
JNB,BoltEco,30-40 km,87bcc350affffff,3,wkd_day,PU
ATH,Bolt Taxi,10-20 km,871eda295ffffff,5,wkd_night,DO
OTP,Bolt,20-30 km,871eeeb40ffffff,1,wkd_day,DO
CLJ,Bolt,10-20 km,871e0b380ffffff,2,wkd_night,PU
CPH,Bolt,5-10 km,871f05806ffffff,3,wked_day,PU
DUS,Bolt,5-10 km,871fa52b6ffffff,4,wkd_morning,DO
GOT,Bolt,30-40 km,871f25a80ffffff,5,wkd_day,DO
HEL,Bolt,5-10 km,871126d76ffffff,3,wkd_morning,DO
TLS,Bolt,5-10 km,873960185ffffff,3,wkd_night,DO
JED,Bolt,20-30 km,8753a9542ffffff,2,wked_morning,DO
FAO,Bolt,0-5 km,873910253ffffff,1,wkd_morning,PU
AMS,Bolt,30-40 km,871969c98ffffff,1,wked_night,DO
KRK,Bolt,30-40 km,871e2e6aaffffff,3,wkd_late_evening,DO
LIS,Bolt,40-50 km,8739337a1ffffff,1,wkd_evening,PU
MUC,Bolt,10-20 km,871f8d71effffff,1,wkd_night,PU
LYS,Bolt,30-40 km,871f9025affffff,1,wkd_evening,PU
MUC,Bolt,40-50 km,871f8d730ffffff,1,wkd_morning,PU
NTE,Bolt,5-10 km,871845b16ffffff,1,wrek_late_evening,DO
VIE,Bolt,10-20 km,871e15b73ffffff,1,wkd_day,DO
EDI,Bolt,10-20 km,871972392ffffff,2,wkd_day,DO
LTN,Bolt,40-50 km,87195d31effffff,2,wrek_late_evening,PU
ZRH,Bolt,10-20 km,871f8eda2ffffff,2,wkd_evening,PU
EDI,Bolt,10-20 km,8719720cbffffff,2,wrek_late_evening,PU
FAO,Bolt,50-60 km,873910231ffffff,2,wked_day,PU
DUS,Bolt,50-60 km,871fa18a4ffffff,3,wked_morning,PU
HEL,Bolt,20-30 km,87089968cffffff,2,wrek_late_evening,PU
TLS,Bolt,5-10 km,873960185ffffff,4,wked_day,DO
VIE,Bolt,20-30 km,871e15b73ffffff,3,wrek_evening,DO
VIE,Bolt,20-30 km,871e15b71ffffff,14,wrek_late_evening,DO
WRO,Bolt,10-20 km,871e204e4ffffff,4,wked_day,PU
FAO,Bolt,5-10 km,87391158effffff,31,wkd_night,DO
AMS,Bolt,20-30 km,87196825effffff,5,wkd_day,PU
BEY,Bolt,5-10 km,872da24eeffffff,4,wkd_morning,PU
BEY,Bolt,10-20 km,872da24ebffffff,3,wked_night,DO
BEY,Bolt,20-30 km,872da2785ffffff,5,wked_morning,DO
DUS,Bolt,40-50 km,871fa570affffff,3,wkd_night,DO
FRA,Bolt,20-30 km,871fae8dbffffff,4,wkd_late_evening,DO
GOT,Bolt,30-40 km,871f25332ffffff,1,wkd_day,PU
HEL,Bolt,20-30 km,87089968effffff,1,wkd_morning,DO
KRK,Bolt,20-30 km,871e2e695ffffff,3,wkd_day,PU
LIS,Bolt,5-10 km,873933676ffffff,13,wkd_evening,PU
LIS,Bolt,10-20 km,873933751ffffff,4,wrek_late_evening,PU
AGP,Cabify,10-20 km,8739195b1ffffff,12,wrek_late_evening,DO
MPL,Bolt,10-20 km,87396c598ffffff,4,wked_morning,DO
MPL,Bolt,5-10 km,87396c59affffff,5,wked_morning,DO
NCE,Bolt,30-40 km,873969a45ffffff,6,wkd_morning,DO
OSL,Bolt,50-60 km,870999386ffffff,8,wkd_morning,DO
OSL,Bolt,50-60 km,8709993b4ffffff,2,wkd_day,PU
OSL,Bolt,50-60 km,8709993a8ffffff,3,wrek_evening,DO
CDG,Bolt,10-20 km,871fb4295ffffff,5,wkd_morning,PU
CDG,Bolt,20-30 km,871fb4666ffffff,7,wrek_late_evening,PU
ARN,Bolt,30-40 km,87088660effffff,8,wkd_day,PU
GDN,Bolt,10-20 km,871f72489ffffff,4,wkd_late_evening,DO
VLC,Cabify,5-10 km,873954013ffffff,3,wked_night,PU
VIE,Bolt,20-30 km,871e15a23ffffff,3,wkd_day,PU
VIE,Bolt,20-30 km,871e15b70ffffff,5,wkd_evening,PU
VNO,Bolt,10-20 km,871f4032affffff,5,wkd_evening,DO
VNO,Bolt,10-20 km,871f40323ffffff,2,wkd_night,DO
DXB,Bolt,5-10 km,8743a1369ffffff,3,wkd_late_evening,PU
ATH,Bolt Taxi,10-20 km,871eda295ffffff,10,wked_day,DO
NBO,Bolt Basic,10-20 km,877a6e42cffffff,4,wkd_morning,DO
NBO,Bolt Basic,20-30 km,877a6e40dffffff,2,wkd_night,PU
RUH,Bolt,30-40 km,875373793ffffff,3,wkd_morning,PU
RUH,Bolt,20-30 km,875373799ffffff,3,wkd_night,DO
AMS,Bolt,10-20 km,871969500ffffff,2,wkd_evening,PU
DBV,Bolt,5-10 km,871e8da61ffffff,4,wkd_day,PU
GOT,Bolt,10-20 km,871f2506dffffff,1,wkd_morning,DO
LYS,Bolt,20-30 km,871f90275ffffff,1,wkd_day,PU
BCN,Cabify,10-20 km,87394460dffffff,1,wked_morning,DO
GDN,Bolt,5-10 km,871f7248cffffff,1,wkd_night,PU
DUR,BoltEco,20-30 km,87bcf5d1cffffff,2,wkd_morning,PU
BER,Bolt,20-30 km,871f1d4c1ffffff,1,wkd_day,DO
MRS,Bolt,30-40 km,873968bb2ffffff,1,wkd_morning,DO
MUC,Bolt,40-50 km,871f8d45bffffff,1,wked_night,DO
EDI,Bolt,5-10 km,871972765ffffff,1,wked_morning,DO
ZRH,Bolt,10-20 km,871f83ae8ffffff,3,wkd_morning,DO
BHX,Bolt,0-5 km,87195c326ffffff,2,wkd_day,DO
AMS,Bolt,10-20 km,871969535ffffff,20,wked_morning,DO
BCN,Cabify,10-20 km,87394460affffff,1,wrek_late_evening,DO
LIS,Bolt,5-10 km,873933629ffffff,3,wrek_evening,DO
AGP,Cabify,10-20 km,873919584ffffff,42,wkd_late_evening,PU
ARN,Bolt,40-50 km,870886619ffffff,6,wked_day,PU
GDN,Bolt,10-20 km,871f09b20ffffff,25,wked_morning,DO
AMS,Bolt,20-30 km,871968269ffffff,1,wrek_late_evening,PU
BCN,Cabify,10-20 km,873944602ffffff,8,wkd_day,DO
BEY,Bolt,10-20 km,872da24e5ffffff,4,wrek_late_evening,DO
CGN,Bolt,0-5 km,871fa1881ffffff,4,wkd_night,DO
DOH,TaxiF Eco+,10-20 km,87536bc00ffffff,2,wkd_day,DO
FRA,Bolt,10-20 km,871faeaf1ffffff,3,wkd_late_evening,PU
KRK,Bolt,20-30 km,871e2e6b1ffffff,20,wkd_night,DO
NTE,Bolt,10-20 km,87184585dffffff,2,wked_morning,DO
ORY,Bolt,10-20 km,871fb4670ffffff,10,wkd_day,DO
ARN,Bolt,40-50 km,87088661effffff,4,wkd_night,DO
TLS,Bolt,10-20 km,8739601a9ffffff,5,wkd_day,DO
VIE,Bolt,10-20 km,871e15b44ffffff,30,wkd_morning,DO
VIE,Bolt,10-20 km,871e15b42ffffff,3,wkd_evening,PU
VNO,Bolt,10-20 km,871f4030cffffff,6,wkd_evening,DO
WRO,Bolt,5-10 km,871e20403ffffff,3,wkd_morning,DO
DXB,Bolt,10-20 km,8743a136affffff,15,wkd_morning,PU
ATH,Bolt Taxi,30-40 km,871eda75cffffff,2,wked_night,DO
RUH,Bolt,30-40 km,875355d26ffffff,5,wkd_night,DO
HEL,Bolt,20-30 km,871126d31ffffff,1,wkd_night,PU
MAD,Cabify,0-5 km,87390cb53ffffff,16,wkd_morning,PU
POZ,Bolt,10-20 km,871e24a14ffffff,1,wked_morning,DO
DXB,Bolt,0-5 km,8743a1368ffffff,2,wkd_morning,PU
PLZ,BoltEco,5-10 km,87bc7385cffffff,1,wkd_morning,PU
JED,Bolt,10-20 km,8753a9529ffffff,2,wked_morning,PU
DUS,Bolt,20-30 km,871fa5a9dffffff,1,wrek_late_evening,DO
NCE,Bolt,10-20 km,873969a84ffffff,2,wkd_night,DO
GDN,Bolt,30-40 km,871f09b20ffffff,1,wkd_late_evening,PU
GDN,Bolt,10-20 km,871f09b24ffffff,1,wrek_late_evening,PU
AMS,Bolt,20-30 km,871968269ffffff,1,wrek_evening,DO
DBV,Bolt,20-30 km,871e8db42ffffff,2,wked_day,DO
KRK,Bolt,20-30 km,871e2e6b0ffffff,1,wkd_morning,DO
LIS,Bolt,50-60 km,8739337a1ffffff,1,wkd_day,PU
MUC,Bolt,10-20 km,871f8d44affffff,1,wkd_late_evening,DO
CDG,Bolt,30-40 km,871fb4660ffffff,1,wkd_night,PU
NCL,Bolt,5-10 km,87197322cffffff,7,wkd_day,DO
SOU,Bolt,0-5 km,871959129ffffff,2,wkd_morning,DO
LHR,Bolt,10-20 km,87194ad9dffffff,3,wkd_evening,PU
ZRH,Bolt,30-40 km,871f8336effffff,1,wkd_evening,PU
AMS,Bolt,20-30 km,871969c9bffffff,8,wrek_late_evening,PU
BOD,Bolt,10-20 km,87186b6c8ffffff,2,wked_day,DO
DOH,TaxiF Eco+,10-20 km,87536bc03ffffff,9,wkd_evening,DO
KRK,Bolt,10-20 km,871e2e6b1ffffff,5,wrek_evening,PU
KRK,Bolt,10-20 km,871e2e6b1ffffff,33,wkd_late_evening,DO
LIS,Bolt,5-10 km,873933629ffffff,12,wrek_late_evening,PU
AGP,Bolt,10-20 km,8739195b1ffffff,26,wked_night,DO
AGP,Bolt,10-20 km,8739182dbffffff,21,wrek_evening,DO
OSL,Bolt,40-50 km,870999381ffffff,6,wkd_late_evening,PU
ORY,Bolt,10-20 km,871fb4644ffffff,4,wked_morning,DO
JNB,BoltEco,0-5 km,87bcc226bffffff,4,wked_day,DO
ABV,Bolt,40-50 km,8758f4680ffffff,3,wkd_night,DO
AMS,Bolt,20-30 km,871969526ffffff,4,wked_morning,PU
BER,Bolt,10-20 km,871f18b28ffffff,2,wkd_night,PU
DUS,Bolt,20-30 km,871fa5354ffffff,1,wkd_day,PU
HEL,Bolt,5-10 km,871126d71ffffff,1,wked_night,DO
MAD,Cabify,20-30 km,87390cb1bffffff,4,wrek_late_evening,PU
AGP,Bolt,10-20 km,873919584ffffff,94,wkd_morning,PU
AGP,Cabify,10-20 km,873919585ffffff,10,wkd_morning,PU
MRS,Bolt,20-30 km,873968170ffffff,2,wkd_night,DO
MPL,Bolt,10-20 km,87396c582ffffff,3,wkd_evening,PU
NCE,Bolt,5-10 km,873969a08ffffff,6,wkd_day,DO
CDG,Bolt,30-40 km,871fb0963ffffff,2,wrek_evening,PU
RTM,Bolt,5-10 km,87196ba25ffffff,4,wked_morning,DO
VLC,Cabify,10-20 km,873954013ffffff,3,wkd_day,PU
VIE,Bolt,20-30 km,871e15b75ffffff,9,wkd_night,DO
VIE,Bolt,10-20 km,871e15b46ffffff,9,wkd_night,DO
VNO,Bolt,10-20 km,871f4032affffff,5,wked_day,PU
WRO,Bolt,10-20 km,871e2040cffffff,2,wkd_night,DO
DXB,Bolt,5-10 km,8743accb5ffffff,3,wkd_night,PU
DXB,Bolt,10-20 km,8743acd9affffff,9,wked_morning,PU
ATH,Bolt Taxi,20-30 km,871eda651ffffff,28,wkd_day,DO
TSR,Bolt,10-20 km,871e19281ffffff,1,wkd_night,PU
TLS,Bolt,5-10 km,8739601a1ffffff,2,wkd_night,PU
VNO,Bolt,20-30 km,871f40adcffffff,1,wkd_night,DO
ATH,Bolt Taxi,50-60 km,873f74925ffffff,1,wrek_evening,PU
OTP,Bolt,20-30 km,871eeeb44ffffff,1,wkd_day,DO
DBV,Bolt,20-30 km,871e8db4bffffff,1,wkd_evening,PU
DBV,Bolt,10-20 km,871e8db4bffffff,1,wked_day,PU
TSR,Bolt,5-10 km,871e192f2ffffff,1,wkd_late_evening,PU
DXB,Bolt,60-70 km,8743ac120ffffff,1,wkd_day,PU
DUR,BoltEco,10-20 km,87bcf5d2affffff,2,wkd_late_evening,PU
JED,Bolt,10-20 km,8753a9572ffffff,1,wkd_night,PU
BRS,Bolt,10-20 km,871958393ffffff,4,wked_day,DO
ZRH,Bolt,10-20 km,871f8edb2ffffff,2,wkd_late_evening,PU
ZRH,Bolt,10-20 km,871f8ed84ffffff,1,wkd_night,DO
FAO,Bolt,5-10 km,873911581ffffff,6,wrek_evening,DO
BCN,Cabify,10-20 km,873944603ffffff,20,wrek_late_evening,DO
OTP,Bolt,5-10 km,871eeeb6bffffff,1,wkd_night,DO
LIS,Bolt,5-10 km,873933676ffffff,6,wrek_evening,PU
MUC,Bolt,30-40 km,871f8d7a4ffffff,3,wrek_late_evening,PU
NCE,Bolt,10-20 km,873969a2bffffff,2,wked_day,PU
NCE,Bolt,5-10 km,873969a0cffffff,4,wrek_evening,PU
VIE,Bolt,10-20 km,871e15b44ffffff,25,wkd_night,DO
DXB,Bolt,5-10 km,8743a132affffff,1,wkd_late_evening,PU
AMS,Bolt,5-10 km,871969503ffffff,6,wkd_morning,PU
BOD,Bolt,20-30 km,87186b6c8ffffff,7,wkd_morning,DO
OTP,Bolt,10-20 km,871eeeb4cffffff,4,wkd_night,DO
CGN,Bolt,5-10 km,871fa1880ffffff,4,wkd_night,PU
FRA,Bolt,20-30 km,871fae152ffffff,4,wked_day,DO
FRA,Bolt,10-20 km,871fae312ffffff,3,wked_night,DO
HEL,Bolt,20-30 km,871126d33ffffff,8,wrek_evening,DO
KRK,Bolt,20-30 km,871e2e686ffffff,3,wkd_late_evening,DO
LIS,Bolt,0-5 km,87393375affffff,2,wkd_night,PU
LIS,Bolt,5-10 km,87393362cffffff,4,wkd_morning,DO
MRS,Bolt,20-30 km,873968150ffffff,4,wkd_evening,PU
MPL,Bolt,5-10 km,87396c59effffff,3,wkd_morning,DO
CDG,Bolt,40-50 km,871fb4670ffffff,4,wkd_day,DO
PRG,Bolt,5-10 km,871e354a5ffffff,3,wkd_day,DO
TLS,Bolt,5-10 km,8739601acffffff,6,wkd_night,DO
GDN,Bolt,10-20 km,871f09b20ffffff,26,wkd_morning,PU
GDN,Bolt,10-20 km,871f09b26ffffff,4,wkd_night,PU
VLC,Cabify,10-20 km,873954013ffffff,3,wkd_night,PU
VIE,Bolt,20-30 km,871e15b70ffffff,3,wkd_evening,DO
VNO,Bolt,0-5 km,871f4030effffff,1,wkd_late_evening,PU
DXB,Bolt,30-40 km,8743a1224ffffff,5,wkd_morning,PU
JED,Bolt,30-40 km,8753a950bffffff,4,wkd_night,DO
DBV,Bolt,10-20 km,871e8db4bffffff,9,wkd_day,PU
FRA,Bolt,30-40 km,871fae370ffffff,3,wkd_day,DO
MLA,Bolt,10-20 km,873f304f5ffffff,1,wked_night,DO
DUR,BoltEco,30-40 km,87bc1b66bffffff,2,wrek_evening,PU
ATH,Bolt Taxi,30-40 km,871eda741ffffff,3,wkd_night,DO
JED,Bolt,30-40 km,8753a9551ffffff,1,wkd_morning,DO
CAI,Didi FLEX,20-30 km,873e628e6ffffff,1,wkd_night,PU
LYS,Bolt,5-10 km,871f9020bffffff,1,wkd_day,DO
JED,Bolt,0-5 km,8753a9552ffffff,1,wkd_morning,PU
ZRH,Bolt,10-20 km,871f8ed94ffffff,9,wked_day,PU
HEL,Bolt,20-30 km,871126d33ffffff,2,wrek_late_evening,PU
VIE,Bolt,10-20 km,871e15b44ffffff,29,wked_day,DO
JED,Bolt,20-30 km,8753a9556ffffff,10,wkd_day,DO
FAO,Bolt,10-20 km,873911512ffffff,5,wkd_morning,DO
AMS,Bolt,10-20 km,87196951cffffff,1,wrek_evening,PU
BCN,Cabify,10-20 km,873944601ffffff,20,wkd_morning,DO
BCN,Cabify,0-5 km,87394461dffffff,1,wkd_night,PU
BEY,Bolt,5-10 km,872da24e1ffffff,7,wkd_day,DO
FRA,Bolt,10-20 km,871faeaa9ffffff,12,wkd_morning,DO
GOT,Bolt,20-30 km,871f25a93ffffff,5,wkd_night,PU
LIS,Bolt,10-20 km,87393362affffff,9,wkd_morning,DO
AGP,Bolt,10-20 km,8739182dbffffff,46,wkd_late_evening,DO
MPL,Bolt,10-20 km,87396c593ffffff,3,wrek_evening,PU
NCE,Bolt,20-30 km,873969b5bffffff,7,wkd_night,DO
NCE,Bolt,5-10 km,873969a03ffffff,3,wkd_late_evening,PU
NCE,Bolt,0-5 km,873969a02ffffff,5,wkd_night,DO
NCE,Bolt,10-20 km,873969a12ffffff,5,wkd_late_evening,PU
OSL,Bolt,50-60 km,870999385ffffff,3,wkd_morning,DO
OSL,Bolt,50-60 km,8709993a6ffffff,2,wkd_night,PU
OSL,Bolt,50-60 km,870999386ffffff,4,wked_day,DO
PRG,Bolt,10-20 km,871e354acffffff,5,wkd_night,PU
TLS,Bolt,5-10 km,8739601a2ffffff,3,wkd_late_evening,DO
VIE,Bolt,10-20 km,871e15b40ffffff,1,wrek_late_evening,PU
DXB,Bolt,5-10 km,8743a1368ffffff,4,wkd_evening,PU
JNB,BoltEco,20-30 km,87bcc352cffffff,4,wkd_night,DO
NBO,Bolt Basic,10-20 km,877a6e42dffffff,3,wkd_day,DO
NBO,Bolt Basic,5-10 km,877a6e556ffffff,2,wkd_night,DO
CLJ,Bolt,40-50 km,871ee5925ffffff,2,wkd_day,DO
MUC,Bolt,30-40 km,871f8d440ffffff,4,wkd_evening,PU
RTM,Bolt,5-10 km,87196bb0dffffff,1,wkd_evening,DO
VIE,Bolt,10-20 km,871e02c31ffffff,1,wkd_morning,PU
JED,Bolt,5-10 km,8753a9cd8ffffff,1,wkd_night,DO
FAO,Bolt,20-30 km,873911583ffffff,1,wkd_morning,DO
BCN,Cabify,10-20 km,873944602ffffff,1,wkd_late_evening,PU
BCN,Cabify,20-30 km,873944608ffffff,2,wked_day,PU
BER,Bolt,0-5 km,871f1d48bffffff,1,wked_night,DO
HEL,Bolt,20-30 km,871126d32ffffff,1,wkd_evening,DO
CDG,Bolt,30-40 km,871fb4675ffffff,2,wkd_evening,PU
BCN,Cabify,0-5 km,873944605ffffff,1,wkd_day,DO
BEY,Bolt,0-5 km,872da24f1ffffff,1,wked_day,PU
PLZ,BoltEco,10-20 km,87bc73ba5ffffff,1,wrek_late_evening,PU
RUH,Bolt,20-30 km,87537361effffff,1,wkd_late_evening,DO
JED,Bolt,10-20 km,8753a9529ffffff,1,wkd_night,PU
NCL,Bolt,20-30 km,87197336effffff,2,wkd_day,DO
ZRH,Bolt,10-20 km,871f8edb6ffffff,3,wkd_morning,DO
ZRH,Bolt,10-20 km,871f83acdffffff,2,wrek_evening,PU
AMS,Bolt,40-50 km,871969091ffffff,4,wked_morning,PU
MRS,Bolt,20-30 km,873968bb5ffffff,4,wrek_evening,PU
NTE,Bolt,10-20 km,871845841ffffff,2,wkd_late_evening,PU
CDG,Bolt,30-40 km,871fb4670ffffff,12,wrek_evening,PU
PRG,Bolt,5-10 km,871e35412ffffff,2,wrek_late_evening,PU
TLS,Bolt,10-20 km,8739601aaffffff,5,wrek_evening,DO
FAO,Bolt,0-5 km,873911580ffffff,6,wkd_day,DO
AMS,Bolt,5-10 km,8719695a3ffffff,7,wkd_evening,PU
BEY,Bolt,0-5 km,872da24f1ffffff,1,wkd_night,PU
BER,Bolt,20-30 km,871f1d488ffffff,16,wkd_day,DO
BER,Bolt,0-5 km,871f18a25ffffff,2,wked_morning,DO
BOD,Bolt,10-20 km,87184dd65ffffff,8,wkd_day,DO
BOD,Bolt,5-10 km,87186b6d3ffffff,3,wkd_day,DO
DUS,Bolt,10-20 km,871fa52a5ffffff,4,wkd_evening,DO
DUS,Bolt,10-20 km,871fa5290ffffff,4,wkd_late_evening,DO
DUS,Bolt,20-30 km,871fa574effffff,3,wked_morning,DO
GOT,Bolt,30-40 km,871f25a8effffff,1,wkd_morning,PU
HEL,Bolt,30-40 km,8708996b5ffffff,8,wkd_day,DO
HEL,Bolt,40-50 km,8708994e8ffffff,1,wkd_night,PU
HEL,Bolt,20-30 km,870899691ffffff,3,wkd_night,PU
LIS,Bolt,0-5 km,873933666ffffff,72,wkd_day,PU
LYS,Bolt,20-30 km,871f90209ffffff,2,wkd_late_evening,DO
LYS,Bolt,20-30 km,871f90255ffffff,3,wked_day,DO
AGP,Bolt,0-5 km,8739195b1ffffff,1,wkd_night,PU
MPL,Bolt,5-10 km,87396e96dffffff,4,wkd_day,DO
MUC,Bolt,30-40 km,871f8d44cffffff,7,wkd_morning,PU
OSL,Bolt,40-50 km,870999398ffffff,3,wkd_day,DO
ORY,Bolt,10-20 km,871fb4644ffffff,21,wkd_morning,PU
CDG,Bolt,5-10 km,871fb42aaffffff,2,wkd_morning,DO
PRG,Bolt,10-20 km,871e35411ffffff,4,wked_day,PU
PRG,Bolt,30-40 km,871e354f4ffffff,1,wked_day,PU
ARN,Bolt,40-50 km,87088661dffffff,19,wkd_morning,DO
ARN,Bolt,40-50 km,8708866adffffff,1,wkd_morning,DO
TLS,Bolt,5-10 km,8739601acffffff,4,wkd_late_evening,DO
VLC,Cabify,10-20 km,87395401bffffff,1,wrek_late_evening,PU
VIE,Bolt,20-30 km,871e15a25ffffff,5,wkd_day,DO
WRO,Bolt,10-20 km,871e2040bffffff,2,wked_day,DO
DXB,Bolt,10-20 km,8743a136effffff,4,wkd_day,DO
DBV,Bolt,20-30 km,871e8db46ffffff,7,wkd_day,PU
NCE,Bolt,5-10 km,873969a1cffffff,4,wkd_night,PU
POZ,Bolt,5-10 km,871e24aa5ffffff,2,wked_morning,DO
NBO,Bolt Basic,0-5 km,877a6e470ffffff,1,wkd_late_evening,PU
KRK,Bolt,20-30 km,871e2e6b0ffffff,1,wkd_evening,PU
NCE,Bolt,20-30 km,873969a81ffffff,2,wkd_evening,PU
OSL,Bolt,0-5 km,870999386ffffff,2,wkd_night,DO
VNO,Bolt,10-20 km,871f4032bffffff,1,wrek_late_evening,PU
JNB,BoltEco,30-40 km,87bcc2248ffffff,1,wkd_late_evening,DO
JNB,BoltEco,20-30 km,87bcc350affffff,1,wkd_day,PU
PRG,Bolt,20-30 km,871e3541affffff,1,wkd_night,DO
TLS,Bolt,5-10 km,8739601acffffff,1,wked_day,DO
ZRH,Bolt,10-20 km,871f8edb3ffffff,7,wkd_night,DO
ZRH,Bolt,0-5 km,871f8ed18ffffff,1,wkd_night,PU
ZRH,Bolt,10-20 km,871f8ed96ffffff,3,wkd_day,DO
FAO,Bolt,5-10 km,873911581ffffff,1,wrek_late_evening,PU
OTP,Bolt,10-20 km,871eeeb6bffffff,7,wked_night,PU
NCE,Bolt,10-20 km,873969a84ffffff,1,wked_morning,DO
SVQ,Cabify,10-20 km,87391c708ffffff,18,wked_day,PU
FAO,Bolt,40-50 km,87391020affffff,37,wkd_day,PU
FAO,Bolt,20-30 km,87391025effffff,3,wked_morning,PU
DOH,TaxiF Eco+,10-20 km,87536bc1bffffff,10,wkd_late_evening,DO
DOH,TaxiF Eco+,10-20 km,87536bc0effffff,8,wked_night,DO
LIS,Bolt,5-10 km,87393362bffffff,27,wkd_morning,DO
LIS,Bolt,5-10 km,873933629ffffff,6,wkd_night,PU
MAD,Cabify,20-30 km,87390cb1bffffff,13,wkd_evening,PU
MAD,Cabify,10-20 km,87390ca35ffffff,12,wkd_late_evening,PU
AGP,Cabify,10-20 km,8739182dbffffff,36,wkd_day,DO
MRS,Bolt,20-30 km,873968146ffffff,4,wkd_night,DO
MUC,Bolt,50-60 km,871f8d6a4ffffff,4,wkd_evening,DO
NTE,Bolt,10-20 km,87184584cffffff,5,wked_morning,DO
NCE,Bolt,30-40 km,873969a40ffffff,7,wkd_day,PU
ARN,Bolt,30-40 km,870880ca4ffffff,4,wkd_night,PU
TLS,Bolt,20-30 km,873960130ffffff,2,wrek_evening,DO
VLC,Cabify,10-20 km,873954010ffffff,3,wkd_morning,DO
VLC,Cabify,10-20 km,8739540adffffff,2,wrek_evening,PU
WRO,Bolt,10-20 km,871e2040affffff,2,wkd_late_evening,DO
OTP,Bolt,20-30 km,871eeeb46ffffff,3,wkd_evening,PU
DOH,TaxiF Eco+,0-5 km,87536bc19ffffff,4,wkd_late_evening,DO
DBV,Bolt,5-10 km,871e8da61ffffff,2,wkd_evening,DO
PRG,Bolt,5-10 km,871e35418ffffff,1,wkd_day,PU
SVQ,Cabify,10-20 km,87391c708ffffff,2,wkd_night,PU
ATH,Bolt Taxi,10-20 km,871eda2adffffff,3,wkd_night,DO
RUH,Bolt,20-30 km,8753736b6ffffff,3,wkd_late_evening,DO
JED,Bolt,10-20 km,8753a9cdeffffff,2,wkd_morning,DO
DUS,Bolt,5-10 km,871fa52b3ffffff,2,wkd_night,PU
MPL,Bolt,20-30 km,87396c59affffff,1,wkd_late_evening,DO
ORY,Bolt,20-30 km,871fb4674ffffff,1,wkd_late_evening,DO
JED,Bolt,10-20 km,8753a9576ffffff,1,wkd_day,PU
CDG,Bolt,30-40 km,871fb4666ffffff,1,wkd_evening,PU
ZRH,Bolt,10-20 km,871f8ed90ffffff,2,wkd_late_evening,PU
EDI,Bolt,5-10 km,871972761ffffff,1,wkd_evening,DO
ZRH,Bolt,10-20 km,871f8336dffffff,4,wkd_morning,DO
BHX,Bolt,0-5 km,87195c333ffffff,3,wked_night,DO
MAN,Bolt,10-20 km,871951b63ffffff,2,wked_day,DO
LCY,Bolt,10-20 km,87194ad32ffffff,2,wked_morning,DO
LHR,Bolt,20-30 km,87194ac01ffffff,1,wkd_day,PU
AGP,Bolt,10-20 km,873919584ffffff,105,wkd_night,PU
SVQ,Cabify,10-20 km,87391c70affffff,12,wked_day,PU
FAO,Bolt,50-60 km,873910233ffffff,2,wkd_evening,PU
BCN,Cabify,10-20 km,873944602ffffff,6,wkd_day,PU
OTP,Bolt,20-30 km,871eec694ffffff,4,wkd_night,DO
CGN,Bolt,10-20 km,871fa1999ffffff,2,wked_morning,PU
CPH,Bolt,30-40 km,871f05901ffffff,3,wked_morning,DO
DUS,Bolt,5-10 km,871fa52b0ffffff,18,wkd_morning,DO
DUS,Bolt,30-40 km,871fa529affffff,4,wkd_day,DO
FRA,Bolt,10-20 km,871fae06dffffff,3,wkd_evening,DO
GOT,Bolt,40-50 km,871f25a35ffffff,2,wkd_day,DO
LIS,Bolt,5-10 km,873933666ffffff,19,wkd_day,DO
LIS,Bolt,0-5 km,87393375bffffff,37,wkd_morning,DO
MUC,Bolt,30-40 km,871f8d44affffff,22,wkd_morning,PU
OSL,Bolt,50-60 km,87099905bffffff,8,wkd_day,PU
ARN,Bolt,30-40 km,870882904ffffff,4,wkd_morning,PU
VLC,Cabify,5-10 km,8739540adffffff,4,wkd_late_evening,DO
DXB,Bolt,5-10 km,8743acd9affffff,1,wked_morning,DO
JNB,BoltEco,5-10 km,87bcc224affffff,3,wkd_night,PU
ATH,Bolt Taxi,0-5 km,871eda752ffffff,1,wrek_late_evening,DO
NBO,Bolt Basic,30-40 km,877a6e4a2ffffff,4,wked_day,DO
JED,Bolt,30-40 km,8753a9556ffffff,5,wked_morning,DO
POZ,Bolt,10-20 km,871e24aadffffff,1,wkd_morning,DO
SXB,Bolt,10-20 km,871f85600ffffff,6,wkd_late_evening,PU
ATH,Bolt Taxi,30-40 km,871eda75cffffff,9,wkd_evening,PU
JED,Bolt,10-20 km,8753a952effffff,6,wked_night,DO
OTP,Bolt,10-20 km,871eeeb6affffff,2,wkd_morning,DO
NCE,Bolt,20-30 km,873969ab2ffffff,3,wkd_morning,PU
OSL,Bolt,40-50 km,870999399ffffff,1,wrek_evening,PU
ARN,Bolt,10-20 km,87088661dffffff,1,wkd_day,PU
VIE,Bolt,10-20 km,871e15b45ffffff,2,wkd_morning,DO
VNO,Bolt,0-5 km,871f40319ffffff,2,wked_morning,DO
ATH,Bolt Taxi,5-10 km,871eda743ffffff,1,wked_day,DO
JED,Bolt,10-20 km,8753a9573ffffff,1,wrek_evening,DO
DUS,Bolt,20-30 km,871fa5310ffffff,1,wkd_evening,DO
SXB,Bolt,10-20 km,871f8561effffff,1,wked_day,PU
ZRH,Bolt,10-20 km,871f8ed92ffffff,3,wkd_night,DO
ZRH,Bolt,10-20 km,871f8ed94ffffff,4,wrek_evening,PU
EDI,Bolt,10-20 km,871972761ffffff,3,wkd_day,DO
AMS,Bolt,20-30 km,871969c98ffffff,4,wrek_evening,PU
HEL,Bolt,20-30 km,8708996a1ffffff,5,wked_morning,PU
KRK,Bolt,10-20 km,871e2e6b1ffffff,24,wrek_late_evening,PU
SVQ,Cabify,5-10 km,87391c708ffffff,29,wked_morning,DO
ATH,Bolt Taxi,5-10 km,871eda669ffffff,3,wkd_night,DO
BCN,Cabify,20-30 km,873944605ffffff,4,wkd_morning,DO
BER,Bolt,20-30 km,871f1d49cffffff,4,wkd_evening,DO
OTP,Bolt,5-10 km,871eec790ffffff,2,wrek_evening,DO
CGN,Bolt,10-20 km,871fa1999ffffff,2,wkd_day,PU
CPH,Bolt,0-5 km,871f05803ffffff,4,wked_night,DO
GOT,Bolt,20-30 km,871f25a9cffffff,5,wkd_day,DO
HEL,Bolt,10-20 km,871126d00ffffff,1,wkd_morning,DO
LYS,Bolt,10-20 km,871f9025dffffff,3,wkd_night,DO
LYS,Bolt,10-20 km,871f9024bffffff,4,wkd_day,DO
MAD,Cabify,10-20 km,87390cb0affffff,16,wkd_late_evening,PU
MAD,Cabify,10-20 km,87390cb1bffffff,38,wkd_night,PU
AGP,Cabify,5-10 km,8739195b1ffffff,49,wkd_day,PU
MPL,Bolt,40-50 km,87396e831ffffff,3,wkd_day,PU
NCE,Bolt,10-20 km,873969a0effffff,3,wkd_day,DO
OSL,Bolt,40-50 km,870999382ffffff,6,wkd_morning,DO
PRG,Bolt,10-20 km,871e35411ffffff,3,wkd_night,PU
PRG,Bolt,20-30 km,871e3540effffff,2,wkd_day,DO
RTM,Bolt,5-10 km,87196bb0dffffff,4,wkd_late_evening,PU
VIE,Bolt,20-30 km,871e15b54ffffff,7,wkd_morning,DO
VIE,Bolt,5-10 km,871e15b73ffffff,1,wkd_night,DO
VIE,Bolt,20-30 km,871e15b6cffffff,3,wked_night,DO
VNO,Bolt,10-20 km,871f403a8ffffff,5,wkd_day,PU
ATH,Bolt Taxi,40-50 km,871eda743ffffff,13,wkd_late_evening,DO
CAI,Didi FLEX,10-20 km,873e6285affffff,2,wked_night,PU
BCN,Cabify,5-10 km,87394460effffff,1,wkd_night,DO
BCN,Cabify,40-50 km,87394476affffff,2,wkd_late_evening,DO
BEY,Bolt,20-30 km,872da27b5ffffff,2,wkd_morning,DO
MAD,Cabify,10-20 km,87390ca32ffffff,1,wkd_day,DO
MRS,Bolt,20-30 km,873968bb2ffffff,2,wkd_morning,DO
KTW,Bolt,40-50 km,871e232dcffffff,21,wkd_morning,DO
ARN,Bolt,50-60 km,87088661affffff,1,wkd_day,PU
TSR,Bolt,10-20 km,871e1928affffff,3,wkd_night,DO
PLZ,BoltEco,10-20 km,87bc73b13ffffff,2,wrek_evening,PU
TLS,Bolt,5-10 km,873960185ffffff,1,wkd_night,PU
DXB,Bolt,20-30 km,8743a1224ffffff,1,wkd_night,DO
DUR,BoltEco,5-10 km,87bc1b660ffffff,1,wked_morning,PU
BCN,Cabify,10-20 km,873944603ffffff,25,wked_day,DO
CPH,Bolt,10-20 km,871f0591bffffff,2,wked_morning,PU
KRK,Bolt,10-20 km,871e2e6b1ffffff,4,wrek_evening,DO
LIS,Bolt,0-5 km,873933666ffffff,2,wrek_evening,DO
FAO,Bolt,20-30 km,87391025effffff,5,wkd_day,DO
BCN,Cabify,0-5 km,873944601ffffff,1,wkd_day,PU
BCN,Cabify,0-5 km,873944601ffffff,1,wkd_late_evening,PU
DOH,TaxiF Eco+,20-30 km,87536bc23ffffff,5,wkd_night,DO
DUS,Bolt,5-10 km,871fa52b2ffffff,2,wkd_morning,DO
HEL,Bolt,20-30 km,870899682ffffff,8,wkd_morning,DO
HEL,Bolt,10-20 km,871126d54ffffff,3,wkd_day,PU
HEL,Bolt,20-30 km,87089968affffff,4,wkd_late_evening,PU
MUC,Bolt,40-50 km,871f8d44affffff,9,wkd_late_evening,DO
NTE,Bolt,10-20 km,87184585dffffff,4,wkd_night,DO
NCE,Bolt,20-30 km,873969ab0ffffff,3,wkd_late_evening,DO
OSL,Bolt,50-60 km,870999384ffffff,2,wkd_night,PU
OSL,Bolt,40-50 km,870999383ffffff,4,wkd_morning,DO
TLS,Bolt,10-20 km,873960180ffffff,4,wkd_morning,PU
TLS,Bolt,10-20 km,873960116ffffff,3,wkd_late_evening,PU
VLC,Cabify,10-20 km,8739540a8ffffff,12,wkd_morning,DO
VIE,Bolt,20-30 km,871e15b75ffffff,4,wked_night,DO
VNO,Bolt,10-20 km,871f40308ffffff,1,wkd_late_evening,DO
WRO,Bolt,0-5 km,871e2040dffffff,1,wked_night,PU
WRO,Bolt,10-20 km,871e2041dffffff,3,wked_night,DO
DXB,Bolt,5-10 km,8743accb5ffffff,5,wkd_day,PU
ATH,Bolt Taxi,30-40 km,871eda743ffffff,7,wked_night,DO
ATH,Bolt Taxi,0-5 km,871eda752ffffff,1,wked_morning,DO
CLJ,Bolt,5-10 km,871e0b38effffff,2,wked_night,PU
CPH,Bolt,0-5 km,871f05831ffffff,1,wkd_late_evening,PU
CPH,Bolt,20-30 km,871f05834ffffff,1,wked_night,PU
NTE,Bolt,10-20 km,871845843ffffff,2,wked_morning,DO
NCE,Bolt,5-10 km,873969a32ffffff,1,wkd_night,DO
NCE,Bolt,20-30 km,873969a85ffffff,2,wkd_night,PU
ORY,Bolt,10-20 km,871fb4674ffffff,1,wkd_morning,PU
TLS,Bolt,5-10 km,8739601a8ffffff,5,wkd_day,PU
DXB,Bolt,0-5 km,8743a136bffffff,3,wkd_morning,PU
NBO,Bolt Basic,0-5 km,877a6e429ffffff,1,wkd_day,PU
AMS,Bolt,10-20 km,871969520ffffff,1,wked_night,PU
BCN,Cabify,10-20 km,873944608ffffff,1,wkd_night,DO
DOH,TaxiF Eco+,10-20 km,87536bce6ffffff,2,wrek_evening,DO
GDN,Bolt,0-5 km,871f09b25ffffff,1,wkd_late_evening,PU
VIE,Bolt,10-20 km,871e15b55ffffff,1,wked_morning,DO
CLJ,Bolt,10-20 km,871e0b38effffff,1,wkd_day,PU
LYS,Bolt,0-5 km,871f90250ffffff,2,wkd_day,DO
MAN,Bolt,10-20 km,871951b72ffffff,2,wked_day,DO
EDI,Bolt,10-20 km,871972392ffffff,2,wked_day,DO
ZRH,Bolt,5-10 km,871f8eda6ffffff,17,wkd_morning,DO
ZRH,Bolt,10-20 km,871f8ed94ffffff,4,wkd_night,PU
STN,Bolt,30-40 km,87194ad22ffffff,1,wkd_late_evening,PU
BER,Bolt,20-30 km,871f1d49dffffff,5,wked_day,DO
HEL,Bolt,20-30 km,870899683ffffff,3,wkd_night,DO
LIS,Bolt,20-30 km,8739337a9ffffff,6,wked_day,PU
PRG,Bolt,10-20 km,871e3541affffff,5,wrek_late_evening,DO
SVQ,Cabify,5-10 km,87391c70affffff,5,wked_morning,DO
VIE,Bolt,5-10 km,871e15a69ffffff,2,wrek_late_evening,PU
BEY,Bolt,10-20 km,872da24e1ffffff,2,wkd_morning,DO
BER,Bolt,0-5 km,871f18a25ffffff,10,wkd_day,DO
CPH,Bolt,10-20 km,871f05815ffffff,4,wkd_evening,DO
FRA,Bolt,40-50 km,871fae110ffffff,4,wkd_late_evening,PU
FRA,Bolt,10-20 km,871fae169ffffff,3,wrek_evening,DO
GOT,Bolt,20-30 km,871f25a9cffffff,2,wkd_late_evening,DO
HEL,Bolt,20-30 km,87089969cffffff,4,wkd_night,PU
LYS,Bolt,20-30 km,871f90254ffffff,42,wkd_late_evening,DO
LYS,Bolt,20-30 km,871f90255ffffff,4,wkd_night,DO
MUC,Bolt,40-50 km,871f8d713ffffff,11,wkd_day,PU
OSL,Bolt,40-50 km,870999386ffffff,3,wkd_morning,DO
CDG,Bolt,40-50 km,871fb0963ffffff,5,wkd_evening,PU
TLS,Bolt,10-20 km,8739601aaffffff,7,wrek_late_evening,PU
GDN,Bolt,20-30 km,871f72589ffffff,5,wkd_late_evening,PU
VNO,Bolt,10-20 km,871f4030cffffff,6,wkd_morning,DO
DXB,Bolt,10-20 km,8743acc13ffffff,6,wkd_morning,PU
DWC,Bolt,50-60 km,8743a1368ffffff,4,wkd_evening,PU
ATH,Bolt Taxi,30-40 km,871eda75dffffff,9,wkd_evening,DO
BCN,Cabify,20-30 km,873944601ffffff,3,wkd_morning,PU
CLJ,Bolt,5-10 km,871e0b38cffffff,4,wked_day,PU
CPH,Bolt,10-20 km,871f05830ffffff,3,wked_night,DO
DBV,Bolt,5-10 km,871e8da61ffffff,1,wked_day,PU
IAS,Bolt,5-10 km,871e556e2ffffff,3,wkd_evening,DO
MUC,Bolt,10-20 km,871f8d0f2ffffff,1,wkd_morning,DO
RTM,Bolt,5-10 km,87196bb52ffffff,2,wkd_evening,DO
TLS,Bolt,10-20 km,8739601b0ffffff,2,wkd_day,DO
DXB,Bolt,0-5 km,8743a132affffff,1,wkd_morning,PU
DXB,Bolt,10-20 km,8743a136effffff,2,wkd_late_evening,DO
NBO,Bolt Basic,5-10 km,877a6e50bffffff,2,wkd_day,DO
BCN,Cabify,0-5 km,873944601ffffff,1,wkd_evening,DO
OTP,Bolt,20-30 km,871eeeb4cffffff,1,wkd_evening,DO
GOT,Bolt,40-50 km,8708b6885ffffff,2,wkd_day,DO
LYS,Bolt,50-60 km,871f90addffffff,1,wrek_evening,DO
MRS,Bolt,20-30 km,87396802dffffff,3,wkd_morning,PU
TLS,Bolt,10-20 km,87396018effffff,2,wked_day,DO
KTW,Bolt,50-60 km,871e232dcffffff,2,wkd_late_evening,DO
